timestamp,open,high,low,close,volume
1735768800000,1.03503,1.03577,1.03483,1.0355,1424.05
1735772400000,1.0355,1.03563,1.03462,1.03516,4299.22
1735776000000,1.03508,1.03564,1.03472,1.0352,3681.37
1735779600000,1.03521,1.03606,1.03442,1.03578,5012.45
1735783200000,1.03577,1.03712,1.03577,1.03709,2791.47
1735786800000,1.03711,1.0374,1.03682,1.03715,2841.43
1735790400000,1.03716,1.03756,1.03664,1.03692,3258.29
1735794000000,1.03693,1.03706,1.03617,1.03638,3270.95
1735797600000,1.03637,1.0365,1.03599,1.03637,4088.88
1735801200000,1.03637,1.03723,1.03623,1.03627,7887.04
1735804800000,1.03628,1.03709,1.03461,1.03627,10541.26
1735808400000,1.03626,1.03701,1.03493,1.03515,8305.82
1735812000000,1.03514,1.03568,1.03135,1.03168,11754.01
1735815600000,1.03166,1.0334,1.0315,1.03321,8416.75
1735819200000,1.03321,1.03342,1.03148,1.03182,7464.61
1735822800000,1.03181,1.03296,1.03112,1.03133,13737.75
1735826400000,1.03134,1.03239,1.03021,1.03038,21387.24
1735830000000,1.03037,1.03087,1.02725,1.02741,37011.21
1735833600000,1.0274,1.02762,1.02237,1.02611,30637.33
1735837200000,1.02611,1.02679,1.02513,1.02648,9298.48
1735840800000,1.02651,1.02662,1.02557,1.02563,5043.25
1735844400000,1.02563,1.02595,1.02477,1.0251,4391.68
1735848000000,1.02511,1.02645,1.02506,1.02613,3247.97
1735851600000,1.02613,1.02687,1.02612,1.0264,1650.76
1735855200000,1.0264,1.02666,1.02612,1.02651,2020.85
1735858800000,1.0265,1.0268,1.02646,1.02678,1484.13
1735862400000,1.02679,1.02734,1.02659,1.02729,1831.17
1735866000000,1.02728,1.02728,1.02665,1.02674,2175.54
1735869600000,1.02674,1.02745,1.02668,1.02722,2348.2
1735873200000,1.02723,1.02743,1.02687,1.02707,1720.3
1735876800000,1.02706,1.02709,1.0267,1.02695,1501.11
1735880400000,1.02696,1.02736,1.02646,1.02717,1851.39
1735884000000,1.02717,1.02793,1.02715,1.0279,1726.77
1735887600000,1.0279,1.02847,1.02687,1.02807,7476.3
1735891200000,1.02806,1.0288,1.02729,1.02803,8555.53
1735894800000,1.02803,1.02999,1.02802,1.02901,14081.7
1735898400000,1.02901,1.02938,1.02791,1.02813,9738.99
1735902000000,1.02813,1.03028,1.02813,1.02972,5904.87
1735905600000,1.02971,1.03009,1.02942,1.02956,7084.08
1735909200000,1.02958,1.03001,1.02915,1.02931,8744.24
1735912800000,1.02931,1.03023,1.0288,1.03002,9042.24
1735916400000,1.03001,1.03057,1.02729,1.02891,16277.81
1735920000000,1.02891,1.02997,1.02835,1.02907,6981.54
1735923600000,1.02908,1.03057,1.02908,1.02979,7008.82
1735927200000,1.02979,1.03021,1.02924,1.02973,7054.63
1735930800000,1.02971,1.03059,1.02937,1.03012,2719.23
1735934400000,1.03011,1.03075,1.02987,1.03059,2875.47
1735938000000,1.03058,1.03099,1.03047,1.03066,2169.95
1736114400000,1.03015,1.03062,1.02932,1.03009,943.34
1736118000000,1.03009,1.0308,1.03009,1.03051,1317.5
1736121600000,1.03051,1.03053,1.02955,1.03031,3089.95
1736125200000,1.03031,1.03136,1.03012,1.03123,3216.42
1736128800000,1.03123,1.03177,1.03107,1.0316,2911.94
1736132400000,1.0316,1.03182,1.0313,1.03163,1958.95
1736136000000,1.03162,1.03175,1.03128,1.03151,1553.36
1736139600000,1.03151,1.03181,1.03084,1.03088,2980.83
1736143200000,1.03087,1.03165,1.03076,1.03125,3476.02
1736146800000,1.03127,1.03284,1.03099,1.03272,5211.63
1736150400000,1.03274,1.03525,1.03267,1.035,10591.84
1736154000000,1.03499,1.03688,1.03401,1.03554,12552.32
1736157600000,1.03556,1.0358,1.0335,1.0335,6599.88
1736161200000,1.03349,1.04325,1.03287,1.04217,27467.57
1736164800000,1.04218,1.04305,1.0392,1.04108,15153.59
1736168400000,1.04112,1.04367,1.04043,1.04167,16759.99
1736172000000,1.04168,1.04237,1.03527,1.03925,39136.05
1736175600000,1.03925,1.03987,1.03712,1.03935,31925.13
1736179200000,1.03936,1.04027,1.03854,1.03967,20431.35
1736182800000,1.03968,1.03968,1.03793,1.03873,15087.25
1736186400000,1.03873,1.03892,1.0377,1.03818,5131.56
1736190000000,1.03819,1.03917,1.03788,1.03882,4898.73
1736193600000,1.03883,1.03919,1.03859,1.03877,3984.57
1736197200000,1.03879,1.03921,1.0386,1.03895,2118.4
1736200800000,1.03893,1.03909,1.0385,1.0389,1152.07
1736204400000,1.0389,1.03901,1.03816,1.03831,1880.37
1736208000000,1.03831,1.03853,1.03771,1.03842,2284.89
1736211600000,1.03841,1.03846,1.03761,1.03811,3323.52
1736215200000,1.03811,1.03853,1.03799,1.03822,2792.33
1736218800000,1.03821,1.03929,1.038,1.03927,2262.16
1736222400000,1.03927,1.03943,1.03905,1.03917,1380.39
1736226000000,1.03918,1.04031,1.03909,1.03967,2898.51
1736229600000,1.03967,1.04041,1.03963,1.03974,3076.59
1736233200000,1.03975,1.04244,1.03975,1.04145,8478.33
1736236800000,1.04147,1.04253,1.04031,1.0425,11938.91
1736240400000,1.04252,1.04342,1.0424,1.04274,7876.99
1736244000000,1.04274,1.04343,1.04166,1.04278,10947.14
1736247600000,1.04278,1.04282,1.04051,1.04133,12060.73
1736251200000,1.04134,1.04168,1.03871,1.03892,25225.08
1736254800000,1.03891,1.04052,1.03866,1.03965,17976.24
1736258400000,1.03965,1.03975,1.03892,1.03925,24471.94
1736262000000,1.03929,1.03929,1.03551,1.03727,54210.77
1736265600000,1.03727,1.03811,1.03625,1.03681,26774.15
1736269200000,1.03681,1.03738,1.03537,1.03667,11025.84
1736272800000,1.03666,1.03692,1.03493,1.03543,9842.09
1736276400000,1.03543,1.03596,1.0352,1.03551,7712.2
1736280000000,1.0355,1.0356,1.0344,1.03443,10007.63
1736283600000,1.03443,1.03443,1.03394,1.03394,2769.98
1736287200000,1.03395,1.03426,1.03388,1.03421,997.71
1736290800000,1.03421,1.03449,1.03391,1.03415,3226.41
1736294400000,1.03416,1.03492,1.03416,1.03467,7370.74
1736298000000,1.03468,1.03529,1.03452,1.03528,7333.77
1736301600000,1.03529,1.03547,1.03514,1.03541,4801.65
1736305200000,1.03541,1.03541,1.03462,1.03477,4054.18
1736308800000,1.03476,1.0352,1.03474,1.03512,3366.99
1736312400000,1.03512,1.03557,1.03495,1.03549,3712.01
1736316000000,1.03549,1.03575,1.03461,1.03512,7154.87
1736319600000,1.03512,1.03513,1.03285,1.03324,20824.17
1736323200000,1.03324,1.03397,1.03179,1.03187,21105.98
1736326800000,1.03187,1.03263,1.03154,1.03194,18799.01
1736330400000,1.03193,1.03211,1.031,1.03191,11658.07
1736334000000,1.03189,1.03198,1.02731,1.02976,29997.39
1736337600000,1.02975,1.03001,1.02808,1.02827,26657.09
1736341200000,1.02825,1.03042,1.02808,1.03033,39099.51
1736344800000,1.03033,1.03075,1.0289,1.02914,23381.42
1736348400000,1.02913,1.03098,1.02913,1.03016,25304.73
1736352000000,1.03017,1.03144,1.02944,1.03125,20954.08
1736355600000,1.03127,1.03133,1.02982,1.03053,17047.52
1736359200000,1.03053,1.03158,1.03053,1.03124,6284.73
1736362800000,1.03126,1.03242,1.03081,1.0309,6518.85
1736366400000,1.03091,1.03167,1.03079,1.0316,3777.67
1736370000000,1.03161,1.03196,1.03146,1.03178,1393.65
1736373600000,1.03178,1.03181,1.03156,1.03178,584.34
1736377200000,1.03178,1.03186,1.03132,1.03132,1012.17
1736380800000,1.03133,1.03147,1.03049,1.03131,6156.76
1736384400000,1.03131,1.03173,1.03114,1.03143,6888.05
1736388000000,1.03144,1.032,1.03141,1.03165,4782.01
1736391600000,1.03165,1.03214,1.03108,1.0311,4884.17
1736395200000,1.03109,1.03123,1.03056,1.0309,4975.49
1736398800000,1.03089,1.03125,1.03053,1.03066,6677.79
1736402400000,1.03065,1.03082,1.0297,1.03002,9647.53
1736406000000,1.03001,1.03082,1.02877,1.02909,13921.11
1736409600000,1.0291,1.03076,1.02836,1.03076,22986.57
1736413200000,1.03077,1.03175,1.03031,1.03056,14935.1
1736416800000,1.03057,1.03124,1.02996,1.03029,14578.85
1736420400000,1.0303,1.03044,1.02968,1.03011,15651.15
1736424000000,1.03011,1.03049,1.02959,1.03034,10193.49
1736427600000,1.03034,1.0319,1.03008,1.03078,11693.07
1736431200000,1.03078,1.03145,1.03052,1.03073,14999.16
1736434800000,1.03073,1.03095,1.02947,1.02992,11431.11
1736438400000,1.02993,1.0301,1.0291,1.02972,10411.85
1736442000000,1.02973,1.03017,1.02937,1.02974,7665.45
1736445600000,1.02972,1.03024,1.02939,1.03001,4984.62
1736449200000,1.03002,1.0302,1.02977,1.02979,3085.79
1736452800000,1.0298,1.03035,1.0298,1.03011,2238.14
1736456400000,1.0301,1.0301,1.0299,1.0299,2268.57
1736460000000,1.0299,1.03015,1.02959,1.03006,1445.91
1736463600000,1.03007,1.03013,1.02956,1.02964,1733.53
1736467200000,1.02965,1.03002,1.0292,1.02954,2592.91
1736470800000,1.02953,1.03044,1.02935,1.03018,2323.38
1736474400000,1.03018,1.03037,1.02983,1.03016,1504.52
1736478000000,1.03015,1.03032,1.02977,1.02985,1364.64
1736481600000,1.02983,1.02998,1.02935,1.0295,1356.06
1736485200000,1.0295,1.02974,1.02847,1.02857,4540.18
1736488800000,1.02858,1.02882,1.02812,1.02817,8059.64
1736492400000,1.02817,1.02972,1.02811,1.0297,9771.68
1736496000000,1.02971,1.03118,1.02927,1.03027,17725.72
1736499600000,1.03027,1.03058,1.0299,1.02998,12431.45
1736503200000,1.02999,1.03057,1.02997,1.03021,10270.27
1736506800000,1.03021,1.03052,1.02988,1.03016,10371.19
1736510400000,1.03016,1.03093,1.02992,1.03055,7453.62
1736514000000,1.03054,1.03118,1.02127,1.02563,45832.79
1736517600000,1.02563,1.02727,1.02442,1.02522,50314.28
1736521200000,1.02522,1.02787,1.02361,1.02503,25155.52
1736524800000,1.02503,1.02511,1.02275,1.02373,13971.07
1736528400000,1.02373,1.02506,1.02329,1.02445,10350.56
1736532000000,1.02444,1.0246,1.02359,1.02415,11503.63
1736535600000,1.02417,1.02489,1.02348,1.02454,11224.35
1736539200000,1.02454,1.02458,1.0237,1.02446,8372.55
1736542800000,1.02445,1.02488,1.024,1.024,3814.11
1736719200000,1.02357,1.02464,1.02357,1.02462,1283.68
1736722800000,1.02461,1.02468,1.02387,1.02429,4563.64
1736726400000,1.0243,1.02452,1.02364,1.02424,8104.37
1736730000000,1.02424,1.02499,1.02392,1.02417,10544.98
1736733600000,1.02417,1.02451,1.02384,1.02401,6706.66
1736737200000,1.02402,1.02404,1.02128,1.02153,11443.68
1736740800000,1.02154,1.02198,1.02076,1.02117,8623.72
1736744400000,1.02116,1.02203,1.02102,1.02194,7581.97
1736748000000,1.02193,1.02248,1.02143,1.02173,9911.8
1736751600000,1.02166,1.02235,1.02074,1.02152,18901.3
1736755200000,1.02151,1.02312,1.02136,1.02215,29641.36
1736758800000,1.02214,1.02239,1.01772,1.01932,26617.6
1736762400000,1.01931,1.02074,1.01926,1.02019,9146.79
1736766000000,1.02018,1.0204,1.0186,1.01958,8691.13
1736769600000,1.01958,1.02061,1.01878,1.02027,8593.35
1736773200000,1.02027,1.02207,1.01964,1.02083,11349.84
1736776800000,1.02083,1.02126,1.02003,1.0208,18604.79
1736780400000,1.02082,1.02088,1.01957,1.01968,13650.96
1736784000000,1.01969,1.02174,1.01916,1.0208,8826.87
1736787600000,1.02081,1.02195,1.0207,1.02178,7058.53
1736791200000,1.02179,1.02213,1.02122,1.02161,5351.38
1736794800000,1.02159,1.02161,1.02071,1.02071,4651.55
1736798400000,1.02071,1.02175,1.02069,1.02165,3025.32
1736802000000,1.02167,1.02466,1.02163,1.02441,2955.1
1736805600000,1.02677,1.02727,1.02371,1.02371,4008.22
1736809200000,1.02581,1.02774,1.02507,1.02639,4519.44
1736812800000,1.02637,1.02637,1.02457,1.02478,5254.35
1736816400000,1.0248,1.02499,1.02411,1.0249,5679.97
1736820000000,1.0249,1.02502,1.02384,1.02446,5031.56
1736823600000,1.02445,1.02552,1.02438,1.02486,3258.73
1736827200000,1.02485,1.0255,1.02451,1.02502,2179.32
1736830800000,1.02501,1.02516,1.02422,1.02447,3351.66
1736834400000,1.02452,1.02532,1.02451,1.02526,4204.11
1736838000000,1.02527,1.0266,1.02499,1.02543,9184.14
1736841600000,1.02544,1.02748,1.02529,1.02614,11996.72
1736845200000,1.02613,1.02664,1.02535,1.02595,10291.9
1736848800000,1.02595,1.02635,1.02519,1.02599,7641.66
1736852400000,1.02598,1.02631,1.02524,1.0254,6040.45
1736856000000,1.0254,1.02551,1.02394,1.02479,9284.4
1736859600000,1.02478,1.02731,1.02421,1.02531,30389.43
1736863200000,1.02531,1.02748,1.02435,1.0268,27563.36
1736866800000,1.02682,1.02958,1.0263,1.02949,17813.21
1736870400000,1.02948,1.03043,1.02828,1.02914,12349.33
1736874000000,1.02913,1.02913,1.0279,1.02882,7005.01
1736877600000,1.02881,1.03003,1.02867,1.02992,4729.61
1736881200000,1.02992,1.03054,1.02963,1.02981,3229.06
1736884800000,1.02981,1.03086,1.02965,1.03018,3945.31
1736888400000,1.03019,1.03082,1.03007,1.03076,2254.02
1736892000000,1.03066,1.03074,1.03017,1.03043,1038.69
1736895600000,1.03068,1.03081,1.03023,1.03062,1545.4
1736899200000,1.03061,1.03061,1.02997,1.03011,2530.37
1736902800000,1.03012,1.03048,1.02978,1.03,3483.82
1736906400000,1.03,1.03014,1.02953,1.0297,3035.44
1736910000000,1.0297,1.03021,1.02963,1.03019,2233.49
1736913600000,1.03019,1.03025,1.02975,1.03023,2042.48
1736917200000,1.03022,1.03052,1.02925,1.02932,3160.87
1736920800000,1.0293,1.02986,1.02919,1.02961,2795.29
1736924400000,1.02963,1.03081,1.02866,1.03058,12306.19
1736928000000,1.03058,1.03171,1.02942,1.02964,12446.98
1736931600000,1.02964,1.03131,1.0296,1.03098,8290.31
1736935200000,1.03098,1.0314,1.03007,1.03075,8718.11
1736938800000,1.03075,1.03122,1.02995,1.03011,11448.74
1736942400000,1.0301,1.03066,1.02934,1.02997,8426.73
1736946000000,1.02996,1.03544,1.02961,1.03444,37378.41
1736949600000,1.03444,1.03456,1.03251,1.03271,36927.04
1736953200000,1.03271,1.03309,1.02988,1.03061,24703.38
1736956800000,1.0306,1.03077,1.0259,1.02811,27043.68
1736960400000,1.02813,1.02931,1.02809,1.02855,8851.76
1736964000000,1.0286,1.02929,1.02843,1.02921,5383.44
1736967600000,1.02923,1.02946,1.02892,1.02932,3082.81
1736971200000,1.02931,1.02988,1.02902,1.02958,3066.68
1736974800000,1.02959,1.02962,1.0288,1.0288,2111.73
1736978400000,1.02915,1.02939,1.0288,1.029,991.75
1736982000000,1.02923,1.02954,1.02906,1.0295,2564.35
1736985600000,1.0295,1.02998,1.02848,1.02988,3910.46
1736989200000,1.0299,1.02995,1.02875,1.02895,4763.26
1736992800000,1.02888,1.0293,1.02848,1.02869,4459.19
1736996400000,1.02869,1.02889,1.02845,1.02888,2210.38
1737000000000,1.02888,1.02937,1.02853,1.02869,2094.99
1737003600000,1.0287,1.02871,1.02809,1.02824,4862.74
1737007200000,1.02823,1.02895,1.02822,1.02888,6973.19
1737010800000,1.02888,1.03014,1.02859,1.02975,10256.61
1737014400000,1.02976,1.02999,1.02879,1.02959,16178.01
1737018000000,1.0296,1.02988,1.02816,1.0286,13701.96
1737021600000,1.02861,1.02961,1.02827,1.02855,11933.45
1737025200000,1.02854,1.02919,1.02839,1.02901,10100.47
1737028800000,1.029,1.02901,1.0264,1.02717,19280.08
1737032400000,1.02718,1.02851,1.02604,1.02814,33813.07
1737036000000,1.02814,1.02838,1.02678,1.02791,19345.14
1737039600000,1.02791,1.03056,1.02741,1.03008,22614.49
1737043200000,1.03009,1.03115,1.02861,1.03022,26538.59
1737046800000,1.03024,1.03149,1.02943,1.02964,12779.05
1737050400000,1.02962,1.03027,1.02934,1.03002,9415.88
1737054000000,1.03,1.03077,1.02976,1.03019,4497.4
1737057600000,1.03017,1.03037,1.02971,1.03,3285.47
1737061200000,1.02999,1.03034,1.02966,1.0299,3037.7
1737064800000,1.02996,1.03021,1.02979,1.03008,1991.75
1737068400000,1.03009,1.03042,1.02999,1.03005,1521.5
1737072000000,1.03012,1.03067,1.02979,1.03047,3038.04
1737075600000,1.03048,1.03093,1.03014,1.03049,3270.81
1737079200000,1.0307,1.0309,1.03029,1.03033,3728.12
1737082800000,1.03032,1.03049,1.02999,1.03005,2849.82
1737086400000,1.03005,1.03009,1.02918,1.02936,1873.91
1737090000000,1.02937,1.02951,1.02874,1.02932,2917.57
1737093600000,1.02933,1.02938,1.02851,1.02904,5815.37
1737097200000,1.02903,1.02909,1.02776,1.02844,15048.3
1737100800000,1.02844,1.02986,1.02844,1.02969,7526.61
1737104400000,1.02969,1.0304,1.02892,1.02964,14695.1
1737108000000,1.02968,1.0306,1.02965,1.03036,10737.89
1737111600000,1.03037,1.031,1.02989,1.03045,10258.19
1737115200000,1.03045,1.03064,1.02902,1.02929,17063.63
1737118800000,1.0293,1.02995,1.02854,1.02901,19249.09
1737122400000,1.02902,1.03023,1.02652,1.02985,30635.78
1737126000000,1.02984,1.03306,1.02954,1.02989,25587.33
1737129600000,1.02988,1.03003,1.02818,1.02861,20788.71
1737133200000,1.02861,1.0291,1.02789,1.02807,12595.31
1737136800000,1.02806,1.0292,1.0279,1.0281,8518.98
1737140400000,1.02809,1.02841,1.02727,1.02761,8150.16
1737144000000,1.02762,1.02815,1.02737,1.02753,6156.56
1737147600000,1.02753,1.02753,1.02681,1.0271,4322.7
1737324000000,1.02792,1.02812,1.02733,1.02773,2315.31
1737327600000,1.02775,1.02807,1.02663,1.02804,4982.99
1737331200000,1.02805,1.02901,1.02782,1.02865,8612.51
1737334800000,1.02864,1.02929,1.02791,1.02906,9327.05
1737338400000,1.02905,1.02922,1.02868,1.02909,7770.31
1737342000000,1.02908,1.03064,1.02908,1.03062,7944.72
1737345600000,1.03063,1.03071,1.03018,1.03042,5691.46
1737349200000,1.03043,1.03063,1.03017,1.03024,5400.36
1737352800000,1.03024,1.03188,1.02994,1.03103,7114.59
1737356400000,1.03103,1.03184,1.03057,1.03167,6797.49
1737360000000,1.03167,1.03175,1.03068,1.03098,9202.63
1737363600000,1.03097,1.03168,1.0305,1.03061,17867.36
1737367200000,1.03062,1.03223,1.03062,1.03149,12125.15
1737370800000,1.0315,1.03263,1.0313,1.0326,9780.49
1737374400000,1.03261,1.03264,1.03149,1.03197,10970.72
1737378000000,1.032,1.03999,1.03077,1.0398,27188.56
1737381600000,1.0398,1.043,1.03793,1.04148,27014.36
1737385200000,1.04147,1.04298,1.03848,1.04003,17616.54
1737388800000,1.04005,1.04056,1.03906,1.03983,7823.92
1737392400000,1.03982,1.04021,1.03534,1.03854,13391.91
1737396000000,1.03853,1.03966,1.03832,1.03965,2922.63
1737399600000,1.03964,1.0423,1.03904,1.04207,3359.3
1737403200000,1.04206,1.04342,1.04118,1.04159,5890.3
1737406800000,1.0416,1.04191,1.04097,1.04155,3102.68
1737410400000,1.04156,1.04172,1.04106,1.04125,1116.21
1737414000000,1.04136,1.04255,1.04108,1.04208,5196.53
1737417600000,1.04209,1.04343,1.03528,1.03621,21966.99
1737421200000,1.0362,1.03976,1.03556,1.037,18603.63
1737424800000,1.037,1.03902,1.0369,1.03876,8643.59
1737428400000,1.03877,1.04008,1.03852,1.03874,5344.09
1737432000000,1.03874,1.03989,1.03849,1.03897,3551.09
1737435600000,1.03897,1.0392,1.03773,1.03787,3450.25
1737439200000,1.03789,1.03814,1.03665,1.0369,5005.94
1737442800000,1.03687,1.03861,1.03651,1.03734,7550.74
1737446400000,1.03734,1.03734,1.03501,1.03607,9981.18
1737450000000,1.03606,1.03637,1.0342,1.03533,11184.96
1737453600000,1.03532,1.03595,1.0343,1.03528,12340.22
1737457200000,1.03528,1.03579,1.03428,1.03533,7862.86
1737460800000,1.03532,1.03581,1.03456,1.0354,10168.31
1737464400000,1.03541,1.03778,1.03527,1.03777,12117.49
1737468000000,1.0378,1.03984,1.03728,1.03868,14855.6
1737471600000,1.03867,1.04104,1.03786,1.04006,15115.86
1737475200000,1.04005,1.04227,1.03984,1.04223,10284.87
1737478800000,1.04223,1.04299,1.04211,1.04211,7421.03
1737482400000,1.04211,1.04353,1.04197,1.04289,4896.71
1737486000000,1.04289,1.04305,1.0416,1.04179,3994.03
1737489600000,1.04178,1.04215,1.04157,1.04199,4946.86
1737493200000,1.04199,1.04296,1.04188,1.04253,2257.65
1737496800000,1.04267,1.04334,1.04214,1.0423,2518.45
1737500400000,1.0426,1.04273,1.03921,1.04057,8018.56
1737504000000,1.04057,1.04245,1.04057,1.0423,4152.35
1737507600000,1.0423,1.04231,1.04075,1.04095,5060.8
1737511200000,1.04095,1.04162,1.04061,1.04136,3912.15
1737514800000,1.04136,1.04156,1.041,1.04119,2623.29
1737518400000,1.04119,1.04213,1.04113,1.04171,2397.38
1737522000000,1.0417,1.04179,1.04082,1.04156,2351.02
1737525600000,1.04156,1.04185,1.03998,1.04036,5374.44
1737529200000,1.04037,1.04196,1.04033,1.04117,7599.59
1737532800000,1.04117,1.04239,1.04095,1.0423,12337.84
1737536400000,1.04232,1.04473,1.04199,1.04463,14111.71
1737540000000,1.04464,1.04573,1.04426,1.04499,11301.93
1737543600000,1.04498,1.04562,1.04404,1.04427,7417.16
1737547200000,1.04426,1.04427,1.0431,1.0438,8151.79
1737550800000,1.04382,1.04457,1.04221,1.04316,11068.06
1737554400000,1.04314,1.04319,1.04141,1.04244,19771.53
1737558000000,1.04244,1.04249,1.04147,1.04199,16272.51
1737561600000,1.04198,1.04226,1.04121,1.04194,8994.98
1737565200000,1.04195,1.04203,1.04119,1.04169,7226.08
1737568800000,1.0417,1.0421,1.04117,1.0416,6159.41
1737572400000,1.04161,1.04227,1.04155,1.04201,3927.6
1737576000000,1.042,1.04228,1.0411,1.04121,6483.09
1737579600000,1.04123,1.04131,1.04077,1.04077,4373
1737583200000,1.04099,1.04109,1.04061,1.04093,539.97
1737586800000,1.04071,1.0409,1.04052,1.04077,2005.54
1737590400000,1.04076,1.04116,1.04067,1.04103,3256.7
1737594000000,1.04102,1.04158,1.04019,1.04035,5697.42
1737597600000,1.04035,1.04061,1.03967,1.04035,5497.34
1737601200000,1.04035,1.0409,1.04029,1.04088,3380.67
1737604800000,1.04086,1.04127,1.04086,1.04107,2681.89
1737608400000,1.04107,1.04115,1.04041,1.04051,3216.66
1737612000000,1.0405,1.0412,1.04028,1.04033,4630.41
1737615600000,1.04033,1.04054,1.03899,1.04,9360.57
1737619200000,1.03999,1.04022,1.03902,1.03939,9188.58
1737622800000,1.03939,1.04147,1.03933,1.04115,9218.78
1737626400000,1.04116,1.04203,1.04098,1.04112,7561.38
1737630000000,1.04111,1.0414,1.04011,1.04031,8001.11
1737633600000,1.04032,1.0406,1.0394,1.04035,8659.73
1737637200000,1.04036,1.04149,1.03972,1.04107,16355.61
1737640800000,1.04107,1.04179,1.04057,1.04086,10706.88
1737644400000,1.04088,1.04097,1.03869,1.03972,16702.81
1737648000000,1.03973,1.0429,1.03719,1.04193,24435.68
1737651600000,1.0419,1.04378,1.04136,1.04351,9953.56
1737655200000,1.04352,1.04369,1.04217,1.04238,8848.01
1737658800000,1.04237,1.04264,1.04197,1.04227,4561.83
1737662400000,1.04227,1.04289,1.04158,1.04172,5804.96
1737666000000,1.04172,1.04191,1.04126,1.04148,2958.3
1737669600000,1.0414,1.04179,1.04131,1.04163,1338.41
1737673200000,1.0416,1.04175,1.04143,1.04166,1447.47
1737676800000,1.04155,1.0423,1.04133,1.0419,3532.07
1737680400000,1.04192,1.04201,1.04115,1.04157,5309.65
1737684000000,1.04158,1.04489,1.04158,1.04486,10259.07
1737687600000,1.04485,1.04537,1.04364,1.0446,10755.08
1737691200000,1.04459,1.04513,1.04434,1.04472,5607.33
1737694800000,1.04471,1.04537,1.04436,1.04513,4811.61
1737698400000,1.04512,1.04708,1.04492,1.04572,8936.86
1737702000000,1.04572,1.04647,1.04471,1.04608,11108.76
1737705600000,1.04608,1.04952,1.04577,1.04931,16652.68
1737709200000,1.04931,1.0515,1.04907,1.04942,16016.28
1737712800000,1.04944,1.04977,1.0486,1.0489,8853.67
1737716400000,1.04891,1.0493,1.04811,1.04859,6513.05
1737720000000,1.04858,1.04875,1.04732,1.04736,8065.73
1737723600000,1.04737,1.04797,1.04636,1.04685,10090.9
1737727200000,1.04683,1.0494,1.04671,1.04916,14794.41
1737730800000,1.04916,1.05206,1.04894,1.05162,19517.89
1737734400000,1.05162,1.05203,1.05054,1.05145,13869.6
1737738000000,1.05143,1.05213,1.05097,1.05109,8210.42
1737741600000,1.05109,1.05118,1.04939,1.0495,5035.66
1737745200000,1.04952,1.04985,1.0492,1.04952,4096.59
1737748800000,1.04952,1.04961,1.04881,1.04945,3313.77
1737752400000,1.04948,1.04972,1.04891,1.04919,2614.81
1737928800000,1.04763,1.04846,1.04753,1.0482,1156.17
1737932400000,1.04826,1.04851,1.04651,1.04673,3774.79
1737936000000,1.04673,1.04762,1.04652,1.04727,4929.76
1737939600000,1.04726,1.04787,1.0461,1.04628,7387.81
1737943200000,1.04627,1.04665,1.04588,1.04659,4529.66
1737946800000,1.04659,1.04774,1.04632,1.04684,5445.01
1737950400000,1.04685,1.04688,1.04598,1.04632,4249.35
1737954000000,1.04632,1.04645,1.04558,1.04628,6019.1
1737957600000,1.04628,1.04653,1.04569,1.04591,5356.96
1737961200000,1.04593,1.04711,1.04539,1.0457,10766.45
1737964800000,1.04568,1.04886,1.04543,1.04873,15708.92
1737968400000,1.04874,1.04936,1.04751,1.04886,17306.92
1737972000000,1.04886,1.05089,1.04886,1.05055,16211.12
1737975600000,1.05053,1.0518,1.05044,1.05129,13290.72
1737979200000,1.05129,1.05278,1.05088,1.05213,9856.15
1737982800000,1.05211,1.0533,1.05096,1.05198,21526.37
1737986400000,1.05197,1.05243,1.05077,1.05092,15465.94
1737990000000,1.05092,1.05097,1.04938,1.04989,19736.9
1737993600000,1.04989,1.05076,1.0489,1.04906,16923.64
1737997200000,1.04906,1.04946,1.04846,1.04885,9332.2
1738000800000,1.04884,1.04941,1.04816,1.04846,9249.16
1738004400000,1.04848,1.04927,1.04791,1.04925,7179.6
1738008000000,1.04926,1.04942,1.04872,1.04879,11820.39
1738011600000,1.04878,1.04922,1.04858,1.04911,2217.72
1738015200000,1.04889,1.04932,1.04871,1.04907,1445.08
1738018800000,1.04883,1.04888,1.04283,1.04369,13967.03
1738022400000,1.04369,1.04517,1.04322,1.04451,9905.37
1738026000000,1.04452,1.04564,1.04298,1.04377,7205.85
1738029600000,1.0437,1.04414,1.04244,1.04336,7152.06
1738033200000,1.04335,1.04393,1.0429,1.04292,5178.84
1738036800000,1.04291,1.04344,1.04254,1.04335,4373.3
1738040400000,1.04335,1.04389,1.04332,1.04363,3209.3
1738044000000,1.04362,1.04442,1.04336,1.04374,4804.13
1738047600000,1.04375,1.04428,1.04279,1.04341,7900.7
1738051200000,1.04341,1.04357,1.04194,1.04251,12010.67
1738054800000,1.04254,1.04441,1.04224,1.04351,11432.06
1738058400000,1.04351,1.04373,1.04247,1.04247,6488.17
1738062000000,1.04247,1.04325,1.04226,1.04232,5906.04
1738065600000,1.04235,1.04255,1.04137,1.042,10202.99
1738069200000,1.042,1.04311,1.04171,1.04247,12629.2
1738072800000,1.04245,1.04409,1.0424,1.04315,13134.73
1738076400000,1.04312,1.04394,1.04209,1.0424,12027.64
1738080000000,1.04241,1.04328,1.04224,1.0426,13843.88
1738083600000,1.0426,1.04346,1.04246,1.04278,6225.37
1738087200000,1.0428,1.04381,1.04231,1.04263,9165.88
1738090800000,1.04262,1.04365,1.04225,1.04348,8573.28
1738094400000,1.04349,1.04354,1.04294,1.04313,5636.37
1738098000000,1.04313,1.04339,1.04298,1.04298,4528.86
1738101600000,1.0428,1.04298,1.04237,1.04288,493.71
1738105200000,1.04283,1.04299,1.04263,1.04271,1438.32
1738108800000,1.04272,1.04342,1.04267,1.04301,4103.25
1738112400000,1.043,1.0434,1.0427,1.04271,3594.33
1738116000000,1.0427,1.04355,1.04256,1.04337,3330.56
1738119600000,1.04338,1.0439,1.04311,1.04372,5002.97
1738123200000,1.04373,1.04424,1.04372,1.04384,3726.64
1738126800000,1.04383,1.04408,1.04354,1.04402,2599.39
1738130400000,1.04403,1.04434,1.04364,1.04371,4789.77
1738134000000,1.04369,1.04377,1.04131,1.04158,8559.73
1738137600000,1.04168,1.04303,1.04167,1.04241,8565.76
1738141200000,1.0424,1.04246,1.0402,1.04035,8624.86
1738144800000,1.04037,1.04082,1.03947,1.04035,9800.09
1738148400000,1.04036,1.04081,1.03972,1.04014,7031.14
1738152000000,1.04014,1.04047,1.03935,1.0404,8956.6
1738155600000,1.0404,1.04056,1.03822,1.03876,14875.09
1738159200000,1.03876,1.04016,1.03862,1.04012,10799.42
1738162800000,1.04011,1.0427,1.03945,1.04193,13612.4
1738166400000,1.04193,1.04238,1.04113,1.04156,14250.64
1738170000000,1.04156,1.04283,1.04152,1.04212,9557.09
1738173600000,1.04213,1.04244,1.04149,1.04196,7730.87
1738177200000,1.04196,1.04288,1.03883,1.0416,29958.59
1738180800000,1.04157,1.04254,1.04048,1.04103,19277.18
1738184400000,1.04102,1.04213,1.04087,1.04207,5219.66
1738188000000,1.04206,1.04211,1.04149,1.04194,1775.19
1738191600000,1.04211,1.04271,1.0418,1.04245,2448.34
1738195200000,1.04244,1.04288,1.04238,1.0426,1778.07
1738198800000,1.04258,1.0426,1.04188,1.04198,2615.13
1738202400000,1.04201,1.04266,1.04196,1.0423,3044.29
1738206000000,1.04229,1.04264,1.04222,1.04252,3067.62
1738209600000,1.04251,1.04276,1.04175,1.04189,3188.45
1738213200000,1.04188,1.04219,1.04175,1.04217,2705.36
1738216800000,1.04219,1.04225,1.04106,1.04138,4742.2
1738220400000,1.04138,1.04237,1.04093,1.04236,5406.29
1738224000000,1.04237,1.04288,1.04159,1.04214,10913.27
1738227600000,1.04214,1.04224,1.04019,1.04074,9512.73
1738231200000,1.0407,1.04121,1.03958,1.04006,9219.69
1738234800000,1.04005,1.04006,1.03911,1.03917,8699.89
1738238400000,1.03917,1.04057,1.03901,1.04033,8321.03
1738242000000,1.04035,1.04597,1.04012,1.04564,18263.87
1738245600000,1.0456,1.04677,1.04191,1.0428,20275.58
1738249200000,1.04285,1.04422,1.04268,1.04311,14652.84
1738252800000,1.04313,1.04346,1.0417,1.04194,7980.15
1738256400000,1.04194,1.04233,1.04093,1.04168,7027.51
1738260000000,1.04171,1.04253,1.04156,1.04248,4101.52
1738263600000,1.04249,1.043,1.04229,1.0428,6541.47
1738267200000,1.04281,1.04322,1.03861,1.04073,24650.85
1738270800000,1.04071,1.0414,1.03868,1.03879,8053.4
1738274400000,1.03865,1.03932,1.03856,1.03881,2030.56
1738278000000,1.03872,1.0398,1.0385,1.03966,2681.43
1738281600000,1.03968,1.04022,1.0385,1.03866,3528.29
1738285200000,1.03865,1.03924,1.03768,1.03884,6790
1738288800000,1.03885,1.03948,1.03866,1.03894,5048.58
1738292400000,1.03894,1.03913,1.03835,1.03848,3801.98
1738296000000,1.03848,1.03898,1.03826,1.03873,3289.03
1738299600000,1.03872,1.03907,1.03845,1.03887,3387.34
1738303200000,1.03888,1.03953,1.03873,1.03944,3753.89
1738306800000,1.03944,1.04125,1.03911,1.0404,8808.91
1738310400000,1.04039,1.04066,1.03807,1.03841,9911.57
1738314000000,1.03841,1.0385,1.03652,1.03834,15530.52
1738317600000,1.03833,1.03839,1.03736,1.03762,8963.99
1738321200000,1.03764,1.038,1.03718,1.03757,6431.69
1738324800000,1.03758,1.03856,1.03744,1.03824,5528.17
1738328400000,1.03825,1.03952,1.03766,1.0382,13102.46
1738332000000,1.03823,1.03825,1.03667,1.03684,20952.35
1738335600000,1.03686,1.04006,1.03601,1.03962,21627.39
1738339200000,1.03964,1.04073,1.03859,1.03996,12265.79
1738342800000,1.03995,1.0434,1.03901,1.04197,20382.47
1738346400000,1.04198,1.04217,1.03614,1.03696,21952.4
1738350000000,1.03696,1.03789,1.03643,1.03763,15090.24
1738353600000,1.03763,1.03817,1.03626,1.03734,10172.2808
1738357200000,1.03735,1.0387,1.03496,1.03602,13046.43
1738533600000,1.02327,1.02572,1.02324,1.02508,4200.74
1738537200000,1.02509,1.02698,1.02344,1.02467,17060.56
1738540800000,1.02467,1.02671,1.02103,1.02316,16657.2
1738544400000,1.02317,1.0252,1.02217,1.02375,12857.83
1738548000000,1.02261,1.02377,1.02207,1.02258,10127.26
1738551600000,1.02235,1.02247,1.0212,1.02211,7233.15
1738555200000,1.02211,1.02394,1.02203,1.02264,7911.01
1738558800000,1.02266,1.02432,1.02255,1.02402,6279.05
1738562400000,1.024,1.02515,1.02394,1.02428,6928.7
1738566000000,1.02428,1.02491,1.02217,1.02247,11003.73
1738569600000,1.02248,1.0251,1.02126,1.02433,13249.65
1738573200000,1.02433,1.02543,1.02255,1.02303,8136.6
1738576800000,1.02304,1.02442,1.02298,1.02435,7001.59
1738580400000,1.02434,1.02557,1.02362,1.02522,6692.9
1738584000000,1.02521,1.02778,1.02514,1.02576,13421.01
1738587600000,1.02574,1.02874,1.02574,1.02638,16715.97
1738591200000,1.02636,1.02657,1.02471,1.02503,13140.5
1738594800000,1.02501,1.03351,1.02434,1.03161,37925.24
1738598400000,1.03162,1.03212,1.02726,1.02757,24451.42
1738602000000,1.02759,1.03027,1.02714,1.02792,15820.47
1738605600000,1.02793,1.02873,1.02699,1.02783,12794.94
1738609200000,1.02782,1.02968,1.02782,1.02843,6319.76
1738612800000,1.02844,1.02991,1.02826,1.02951,4178.46
1738616400000,1.02952,1.03497,1.02926,1.03425,9376.7
1738620000000,1.03413,1.03459,1.03296,1.03387,2479.96
1738623600000,1.03413,1.03503,1.03262,1.03279,3795.73
1738627200000,1.03279,1.03309,1.0316,1.03177,3313.54
1738630800000,1.03175,1.03224,1.03083,1.03218,6752.44
1738634400000,1.03216,1.03238,1.03164,1.03218,6348.69
1738638000000,1.03218,1.03238,1.03115,1.03146,5889.22
1738641600000,1.03148,1.0315,1.03057,1.03057,4830.18
1738645200000,1.03056,1.03057,1.02721,1.02929,13476.8
1738648800000,1.0293,1.03074,1.0292,1.03065,5501.4
1738652400000,1.03064,1.03171,1.02997,1.0311,6273.34
1738656000000,1.03111,1.03351,1.03087,1.03342,11204.28
1738659600000,1.03341,1.03494,1.0332,1.03385,9173.29
1738663200000,1.03383,1.03432,1.03251,1.03348,7066.94
1738666800000,1.03349,1.03351,1.03219,1.03221,5829.44
1738670400000,1.0322,1.03283,1.03201,1.03251,7988.57
1738674000000,1.0325,1.03403,1.03236,1.03403,8202.84
1738677600000,1.03404,1.03661,1.03399,1.03594,11158.52
1738681200000,1.03592,1.03857,1.03576,1.03799,19806.64
1738684800000,1.038,1.03872,1.03731,1.03781,12536.11
1738688400000,1.03782,1.03787,1.03656,1.03765,10262.52
1738692000000,1.03765,1.0386,1.03742,1.03808,5207.95
1738695600000,1.03812,1.03852,1.03769,1.03816,4736.1
1738699200000,1.03817,1.03857,1.0379,1.03852,4001.14
1738702800000,1.03851,1.03874,1.03777,1.03783,3022.14
1738706400000,1.03783,1.03798,1.03727,1.0378,1262.32
1738710000000,1.03713,1.03802,1.03707,1.03778,1763.06
1738713600000,1.03712,1.03817,1.03696,1.03786,3339.67
1738717200000,1.03804,1.03864,1.0372,1.03732,6447.21
1738720800000,1.03733,1.03848,1.03728,1.03843,6535.87
1738724400000,1.03843,1.0386,1.03791,1.03794,5209.97
1738728000000,1.03795,1.03822,1.0376,1.03784,3409.61
1738731600000,1.03784,1.03785,1.03732,1.03777,4103.83
1738735200000,1.03775,1.03937,1.0374,1.03848,5524.1
1738738800000,1.03847,1.04096,1.03819,1.04025,8309
1738742400000,1.04024,1.04082,1.03899,1.04037,10893.33
1738746000000,1.04036,1.04174,1.04014,1.04037,9332.81
1738749600000,1.04038,1.04304,1.04017,1.0425,9445.13
1738753200000,1.04249,1.04252,1.04114,1.04147,6553.87
1738756800000,1.04144,1.04218,1.04106,1.04188,7137.69
1738760400000,1.04189,1.04256,1.04013,1.04076,12553.37
1738764000000,1.04079,1.04261,1.0406,1.04232,12379.78
1738767600000,1.04269,1.04424,1.04149,1.04221,17841.09
1738771200000,1.0422,1.04245,1.04102,1.04179,10071.62
1738774800000,1.04181,1.04241,1.04102,1.04198,5243.52
1738778400000,1.04196,1.04215,1.0414,1.04153,3472.84
1738782000000,1.04154,1.04166,1.04044,1.04069,4941.94
1738785600000,1.04068,1.04069,1.04009,1.04045,3506.57
1738789200000,1.04045,1.04066,1.03967,1.04021,3024.04
1738792800000,1.04033,1.04046,1.03959,1.03996,646.1
1738796400000,1.04039,1.04058,1.03969,1.03985,1911.21
1738800000000,1.03985,1.04021,1.03948,1.03973,2959.97
1738803600000,1.03973,1.04043,1.03951,1.04023,5276.32
1738807200000,1.0398,1.04053,1.03908,1.03949,4397.4
1738810800000,1.03949,1.03961,1.03895,1.03918,2827.19
1738814400000,1.03918,1.03937,1.03852,1.03869,2753.58
1738818000000,1.03868,1.03901,1.03858,1.03861,3498.09
1738821600000,1.03864,1.03923,1.03854,1.03899,4448.57
1738825200000,1.039,1.03912,1.03779,1.03799,5831.35
1738828800000,1.03798,1.03808,1.03559,1.03647,10419.58
1738832400000,1.03649,1.03677,1.03561,1.03592,6124.02
1738836000000,1.03592,1.03662,1.03557,1.03623,5510.72
1738839600000,1.03622,1.03676,1.03578,1.03617,6452.38
1738843200000,1.03619,1.03639,1.03523,1.03617,11953.81
1738846800000,1.03616,1.03673,1.03532,1.03601,11066.04
1738850400000,1.03601,1.03746,1.03595,1.0362,9662.72
1738854000000,1.03621,1.03762,1.0361,1.03692,11134.72
1738857600000,1.03692,1.03762,1.03666,1.03666,8646.1
1738861200000,1.03666,1.03803,1.03657,1.03791,5148.85
1738864800000,1.03789,1.03964,1.03736,1.03893,8241.86
1738868400000,1.03891,1.03912,1.03801,1.03845,4227.94
1738872000000,1.03844,1.03906,1.03838,1.03888,3552.11
1738875600000,1.03883,1.03891,1.0382,1.03827,1669.8745
1738879200000,1.03828,1.03853,1.03815,1.03829,643.26
1738882800000,1.03822,1.03866,1.03822,1.0385,858.28
1738886400000,1.03849,1.03909,1.03773,1.03775,3603.48
1738890000000,1.0378,1.03867,1.03741,1.03837,5538.8
1738893600000,1.03836,1.0386,1.03807,1.03838,6076.48
1738897200000,1.03841,1.03848,1.0377,1.03796,3515.02
1738900800000,1.03796,1.03833,1.03755,1.0381,2882.87
1738904400000,1.03809,1.03813,1.03738,1.03749,5291.13
1738908000000,1.03748,1.03772,1.03724,1.03756,4126.78
1738911600000,1.03756,1.03899,1.03739,1.03891,5651.24
1738915200000,1.0389,1.03997,1.03852,1.03977,6194.05
1738918800000,1.03977,1.03991,1.03896,1.0391,6717.46
1738922400000,1.03909,1.03914,1.03789,1.03812,6227.8
1738926000000,1.03811,1.0384,1.03773,1.03822,5467.09
1738929600000,1.03822,1.03822,1.03681,1.03742,7146.06
1738933200000,1.03741,1.04124,1.03489,1.03634,21495.0394
1738936800000,1.03633,1.03886,1.03606,1.03852,14015.83
1738940400000,1.03851,1.03876,1.03271,1.03551,21763.53
1738944000000,1.0355,1.0355,1.03221,1.03276,23102.59
1738947600000,1.03276,1.03608,1.03049,1.03217,19583.95
1738951200000,1.03214,1.03357,1.03206,1.03249,5587.44
1738954800000,1.03249,1.03367,1.03236,1.03322,5728.86
1738958400000,1.03322,1.03381,1.03214,1.03277,5227.58
1738962000000,1.0328,1.03321,1.03248,1.0326,3315.82
1739138400000,1.02918,1.03016,1.02839,1.02904,3844.12
1739142000000,1.02904,1.03134,1.02904,1.03095,4915.32
1739145600000,1.03096,1.03183,1.03092,1.03099,6016.21
1739149200000,1.03102,1.03144,1.02999,1.03027,6652.98
1739152800000,1.03028,1.03065,1.02985,1.02995,3575.22
1739156400000,1.02996,1.03115,1.02995,1.03114,4225.18
1739160000000,1.03114,1.03158,1.0311,1.03132,2772.78
1739163600000,1.03134,1.03214,1.03131,1.0316,3060.9
1739167200000,1.0316,1.03199,1.0312,1.03187,3283.17
1739170800000,1.03187,1.03253,1.03098,1.03128,6210.13
1739174400000,1.03129,1.03228,1.03064,1.0322,9317.47
1739178000000,1.03221,1.03346,1.03209,1.03266,8996.91
1739181600000,1.03266,1.03336,1.03232,1.03297,7208.67
1739185200000,1.03299,1.03363,1.03198,1.03205,7564.3
1739188800000,1.03205,1.0322,1.03083,1.03135,7015.18
1739192400000,1.03137,1.03262,1.03137,1.03213,6740.18
1739196000000,1.03212,1.03233,1.03041,1.03112,8369.12
1739199600000,1.03114,1.03197,1.03105,1.0315,8220.64
1739203200000,1.0315,1.03181,1.03043,1.03112,7083.91
1739206800000,1.03113,1.03146,1.03065,1.03123,4238.82
1739210400000,1.03121,1.03159,1.03058,1.0307,3169.65
1739214000000,1.03069,1.03107,1.03051,1.03066,2511.84
1739217600000,1.03067,1.03083,1.03048,1.03067,2270.32
1739221200000,1.03066,1.03081,1.03049,1.03062,1124.06
1739224800000,1.03044,1.03089,1.03025,1.03057,1614.92
1739228400000,1.03042,1.03075,1.02982,1.03005,3119.47
1739232000000,1.03006,1.03065,1.02993,1.03045,1440.35
1739235600000,1.03045,1.03045,1.02999,1.03018,5344.19
1739239200000,1.03018,1.03027,1.0292,1.02928,6794.84
1739242800000,1.02927,1.03004,1.02919,1.02981,4488.54
1739246400000,1.02979,1.03041,1.02974,1.0304,4085.32
1739250000000,1.03041,1.03058,1.03019,1.03046,4561.11
1739253600000,1.03045,1.03103,1.0304,1.0305,4668.58
1739257200000,1.0305,1.03077,1.03008,1.0303,8118.53
1739260800000,1.0303,1.03196,1.02998,1.0318,7870.43
1739264400000,1.0318,1.03218,1.03125,1.03177,9391.14
1739268000000,1.03178,1.03251,1.03143,1.03159,7233.45
1739271600000,1.03158,1.03226,1.03155,1.03218,4368.6
1739275200000,1.03216,1.03285,1.03204,1.03219,6946.03
1739278800000,1.03219,1.03259,1.03164,1.03222,6572.74
1739282400000,1.03222,1.03371,1.03216,1.03321,7932.22
1739286000000,1.03327,1.03432,1.0328,1.03398,10278.68
1739289600000,1.03397,1.03512,1.03388,1.03457,8591.3
1739293200000,1.03456,1.03485,1.03433,1.03453,3906.47
1739296800000,1.03451,1.03513,1.03443,1.03453,3539.95
1739300400000,1.03451,1.03813,1.03418,1.03578,6623.28
1739304000000,1.0358,1.03674,1.03574,1.03628,5873.98
1739307600000,1.03627,1.03638,1.03587,1.03609,2666.51
1739311200000,1.03606,1.03636,1.03583,1.036,1105.9
1739314800000,1.03607,1.03674,1.036,1.0363,1475.05
1739318400000,1.03638,1.03641,1.03562,1.03572,2278.15
1739322000000,1.03571,1.03639,1.03537,1.03602,4722.32
1739325600000,1.03603,1.03677,1.03602,1.03623,4937.8
1739329200000,1.03623,1.03652,1.03584,1.03621,4132.73
1739332800000,1.03619,1.03632,1.03559,1.03561,3413.44
1739336400000,1.03561,1.03592,1.03547,1.03583,3972.99
1739340000000,1.03584,1.036,1.03569,1.03587,4113.3
1739343600000,1.03588,1.03791,1.03587,1.03757,7572.05
1739347200000,1.03758,1.03797,1.03679,1.0371,10810.6
1739350800000,1.03709,1.03739,1.03646,1.03733,6271.3
1739354400000,1.03736,1.03771,1.03699,1.03753,6903.45
1739358000000,1.03754,1.03856,1.03735,1.0375,6256.94
1739361600000,1.0375,1.03786,1.03719,1.03727,7098.4
1739365200000,1.03727,1.0376,1.03168,1.03329,22018.55
1739368800000,1.03329,1.03534,1.03254,1.035,17111.69
1739372400000,1.035,1.03825,1.03379,1.03743,17743.23
1739376000000,1.03743,1.03954,1.03501,1.0391,13796.87
1739379600000,1.0391,1.04273,1.03905,1.0426,17578
1739383200000,1.0426,1.04298,1.03872,1.03891,10758.5
1739386800000,1.03891,1.03931,1.03844,1.0391,7851.23
1739390400000,1.03908,1.03973,1.03879,1.03915,4956.36
1739394000000,1.03917,1.0392,1.03804,1.03821,5064.88
1739397600000,1.03837,1.03869,1.03811,1.03826,1957.83
1739401200000,1.03829,1.0392,1.03825,1.0392,1626.79
1739404800000,1.0392,1.04003,1.03879,1.03895,2967.9
1739408400000,1.03895,1.04017,1.03871,1.03996,5316.25
1739412000000,1.03998,1.04076,1.03964,1.04038,5546.32
1739415600000,1.04039,1.04217,1.04034,1.04189,5137.63
1739419200000,1.04189,1.04353,1.04186,1.04344,8424.78
1739422800000,1.04345,1.04382,1.04303,1.04346,7160.44
1739426400000,1.04347,1.04398,1.04283,1.04304,8341.79
1739430000000,1.04307,1.04364,1.04222,1.04253,11373.69
1739433600000,1.04256,1.04264,1.04101,1.04134,9174.07
1739437200000,1.04134,1.04261,1.04108,1.04229,7736.14
1739440800000,1.04229,1.04289,1.04131,1.04158,6381.76
1739444400000,1.04157,1.04272,1.03924,1.04029,9028.64
1739448000000,1.04029,1.04033,1.03855,1.03899,9298.19
1739451600000,1.03897,1.04068,1.03756,1.03923,16400.9
1739455200000,1.03924,1.04014,1.03818,1.03995,11673.37
1739458800000,1.03995,1.0438,1.03995,1.04332,21684.22
1739462400000,1.04332,1.04451,1.04242,1.04273,10206.76
1739466000000,1.0427,1.04388,1.04248,1.04255,6359.11
1739469600000,1.04252,1.04315,1.03727,1.0409,15516.27
1739473200000,1.04091,1.04425,1.04082,1.0437,8207.38
1739476800000,1.0437,1.04656,1.04353,1.04614,6368.09
1739480400000,1.04616,1.04668,1.04568,1.04626,2881.43
1739484000000,1.04669,1.04685,1.04619,1.04628,1467.66
1739487600000,1.04661,1.0467,1.04559,1.04614,2872.43
1739491200000,1.04614,1.04668,1.04575,1.04606,3686.02
1739494800000,1.04607,1.04667,1.04582,1.04591,5288.73
1739498400000,1.0459,1.04609,1.0455,1.04564,5166.9
1739502000000,1.04567,1.04615,1.04536,1.04586,3396.55
1739505600000,1.04587,1.04638,1.04546,1.04547,2568.7
1739509200000,1.04548,1.04557,1.0447,1.04525,4401.79
1739512800000,1.04524,1.04609,1.04515,1.04584,6158.47
1739516400000,1.04584,1.0472,1.04582,1.04645,6963.27
1739520000000,1.04645,1.04862,1.04633,1.04766,10004.19
1739523600000,1.04765,1.04875,1.04757,1.04809,7272.72
1739527200000,1.04809,1.04827,1.04641,1.04668,5226.25
1739530800000,1.04669,1.04691,1.04628,1.04674,3465.76
1739534400000,1.04674,1.04747,1.04567,1.04715,3576.62
1739538000000,1.04739,1.04976,1.04711,1.0488,9253.61
1739541600000,1.04882,1.0514,1.04871,1.05085,8713.71
1739545200000,1.05085,1.05126,1.04907,1.05083,8126.77
1739548800000,1.05081,1.051,1.04968,1.04974,3862.41
1739552400000,1.04974,1.05088,1.0494,1.05071,2881.01
1739556000000,1.05071,1.05079,1.04994,1.05042,1642.58
1739559600000,1.05043,1.0505,1.04947,1.04984,2560.14
1739563200000,1.04981,1.04981,1.0491,1.04918,1570.1
1739566800000,1.04917,1.04948,1.04882,1.04913,2055.79
1739743200000,1.04858,1.04893,1.0485,1.04878,1032.69
1739746800000,1.0488,1.04938,1.04847,1.04883,1531.7
1739750400000,1.04886,1.04933,1.04853,1.04922,1482.26
1739754000000,1.04927,1.05062,1.04895,1.05051,3294.96
1739757600000,1.05051,1.05052,1.04956,1.05012,1498.4
1739761200000,1.0501,1.05035,1.04942,1.04945,1365.16
1739764800000,1.04944,1.04972,1.0489,1.04954,1869.52
1739768400000,1.04956,1.04981,1.04846,1.04897,1913.44
1739772000000,1.04896,1.04933,1.04878,1.04916,1562.51
1739775600000,1.04917,1.04953,1.04803,1.04824,4160.06
1739779200000,1.04825,1.04847,1.04708,1.04743,4968.01
1739782800000,1.04743,1.04812,1.04711,1.04741,3095.27
1739786400000,1.04739,1.04891,1.04731,1.04888,4028.19
1739790000000,1.04888,1.0489,1.04777,1.04818,5064.63
1739793600000,1.04819,1.04848,1.04683,1.04721,3568.84
1739797200000,1.04723,1.04763,1.04667,1.04741,3383.43
1739800800000,1.04742,1.04793,1.04712,1.04782,2481.22
1739804400000,1.04783,1.04841,1.04739,1.04796,2562.31
1739808000000,1.04796,1.0483,1.04767,1.04786,1856.71
1739811600000,1.04788,1.04847,1.04778,1.04824,1038.94
1739815200000,1.04825,1.04825,1.04791,1.04819,284.78
1739818800000,1.0482,1.04837,1.04794,1.04815,614.99
1739822400000,1.04815,1.04836,1.04805,1.04831,886.44
1739826000000,1.04833,1.04849,1.04824,1.0484,736.02
1739829600000,1.04835,1.04836,1.04698,1.04795,1264.7452
1739833200000,1.04805,1.04856,1.0477,1.04848,777.97
1739836800000,1.04847,1.04862,1.04726,1.0475,1593.75
1739840400000,1.04749,1.04753,1.04624,1.04659,3327.59
1739844000000,1.04659,1.04705,1.04653,1.04673,4525.12
1739847600000,1.04672,1.04723,1.04619,1.0463,2031.63
1739851200000,1.04628,1.04638,1.04552,1.0457,2066.95
1739854800000,1.0457,1.0459,1.04521,1.0455,1125.59
1739858400000,1.04549,1.04632,1.04546,1.0461,2283.51
1739862000000,1.04611,1.04691,1.04583,1.04635,5698.34
1739865600000,1.04634,1.04691,1.04547,1.04568,2312.21
1739869200000,1.04568,1.0465,1.04555,1.04635,2300.18
1739872800000,1.04635,1.0467,1.04588,1.0462,4693.73
1739876400000,1.0462,1.04649,1.04611,1.04626,1682.46
1739880000000,1.04628,1.04669,1.04528,1.04552,4179.32
1739883600000,1.04551,1.04566,1.04415,1.04446,5495.2
1739887200000,1.04446,1.04548,1.04414,1.04523,3900.5
1739890800000,1.04524,1.04669,1.04513,1.04662,6973.23
1739894400000,1.04662,1.04692,1.04539,1.04566,3911.1
1739898000000,1.04566,1.04566,1.0439,1.04457,3841.02
1739901600000,1.04457,1.04478,1.0435,1.04439,3929.84
1739905200000,1.04438,1.04496,1.04403,1.04451,1394.49
1739908800000,1.04449,1.04476,1.0441,1.04475,1871.14
1739912400000,1.04475,1.04492,1.04444,1.04459,2674.09
1739916000000,1.04503,1.04517,1.04442,1.04448,2501.97
1739919600000,1.04509,1.04509,1.04447,1.04479,879.43
1739923200000,1.0448,1.04493,1.04435,1.04456,1658.05
1739926800000,1.04458,1.04479,1.04409,1.04463,2615.19
1739930400000,1.04462,1.04521,1.04446,1.04516,1630.32
1739934000000,1.04517,1.0452,1.04476,1.0451,2640.36
1739937600000,1.0451,1.0453,1.0448,1.04523,1289.52
1739941200000,1.04522,1.04562,1.04487,1.04561,1553.57
1739944800000,1.0456,1.04613,1.04542,1.04549,4087.7
1739948400000,1.04551,1.04593,1.04486,1.04511,3149.67
1739952000000,1.04514,1.0456,1.04385,1.04404,3821.7
1739955600000,1.04403,1.04436,1.04281,1.04287,4600.84
1739959200000,1.04288,1.04296,1.04188,1.04237,3484.21
1739962800000,1.04239,1.0433,1.04199,1.04244,7822.15
1739966400000,1.04243,1.04318,1.04216,1.0428,9153.17
1739970000000,1.04282,1.04352,1.0425,1.04338,7845.06
1739973600000,1.04339,1.04378,1.04273,1.04341,9766.86
1739977200000,1.04341,1.04412,1.04215,1.0424,13945.31
1739980800000,1.04239,1.04247,1.0404,1.04044,9551.33
1739984400000,1.04044,1.0413,1.04009,1.04096,5358.97
1739988000000,1.04097,1.04218,1.04083,1.0419,4378.73
1739991600000,1.0419,1.04324,1.04177,1.04256,6227.18
1739995200000,1.04255,1.04264,1.04207,1.0425,3300.06
1739998800000,1.0425,1.04262,1.04218,1.0422,1251.74
1740002400000,1.0422,1.04257,1.04163,1.04238,1086.71
1740006000000,1.04205,1.04254,1.04197,1.04228,1173.96
1740009600000,1.04205,1.04299,1.04195,1.0429,3767.26
1740013200000,1.04292,1.04325,1.04185,1.04212,6005.98
1740016800000,1.04212,1.04375,1.042,1.04354,11207.53
1740020400000,1.04355,1.0436,1.04266,1.04311,8897.2
1740024000000,1.04309,1.04316,1.0424,1.04302,5300.49
1740027600000,1.043,1.0434,1.04267,1.04276,5780.6
1740031200000,1.04276,1.04343,1.04242,1.04247,6352.99
1740034800000,1.04254,1.04332,1.04233,1.04313,6536.42
1740038400000,1.04313,1.04418,1.04292,1.04333,8109.25
1740042000000,1.04332,1.04382,1.04284,1.04369,6546.21
1740045600000,1.04369,1.04439,1.04341,1.04421,6311.39
1740049200000,1.04424,1.04461,1.04307,1.04383,5330.65
1740052800000,1.04384,1.04436,1.04331,1.04356,7978.12
1740056400000,1.04356,1.04546,1.04349,1.04479,11166.6
1740060000000,1.0448,1.04605,1.04419,1.04464,10985.06
1740063600000,1.04462,1.04752,1.04417,1.04739,11775.82
1740067200000,1.04736,1.04781,1.0464,1.04748,8254.77
1740070800000,1.04747,1.04946,1.04709,1.04891,6019.79
1740074400000,1.04889,1.04985,1.04852,1.04977,5076.33
1740078000000,1.0498,1.05031,1.04891,1.05014,4593.02
1740081600000,1.05015,1.05032,1.04951,1.05027,4038.32
1740085200000,1.05026,1.05033,1.05001,1.05002,2459.6945
1740088800000,1.0498,1.05007,1.0496,1.05002,1391.64
1740092400000,1.04976,1.05054,1.04975,1.05001,1627.18
1740096000000,1.04999,1.05001,1.0489,1.04898,2902.76
1740099600000,1.04899,1.0493,1.04843,1.04866,5319.48
1740103200000,1.04866,1.0503,1.04862,1.05026,6243.97
1740106800000,1.05027,1.05045,1.04993,1.05023,4087.75
1740110400000,1.05023,1.05047,1.0497,1.04988,3140.27
1740114000000,1.04988,1.05005,1.04914,1.04929,4717.01
1740117600000,1.04928,1.0494,1.04876,1.04884,4841.22
1740121200000,1.04885,1.04994,1.04885,1.04919,7224.21
1740124800000,1.0492,1.04939,1.04677,1.04762,12354.56
1740128400000,1.04766,1.0481,1.04665,1.04691,7218.07
1740132000000,1.0469,1.0472,1.04645,1.04651,6318.04
1740135600000,1.04651,1.04739,1.04629,1.0469,5876.14
1740139200000,1.0469,1.04709,1.04592,1.04619,6975.46
1740142800000,1.04616,1.04779,1.04612,1.04749,7054.47
1740146400000,1.04749,1.04923,1.04699,1.04807,11902.08
1740150000000,1.04807,1.04859,1.04525,1.04539,15274.85
1740153600000,1.04538,1.04576,1.04492,1.04544,9800.44
1740157200000,1.04549,1.04643,1.04518,1.04629,7127.45
1740160800000,1.04627,1.04678,1.04506,1.04596,8748.37
1740164400000,1.04596,1.04663,1.0457,1.0462,6464.84
1740168000000,1.04619,1.04643,1.04572,1.04605,5066.879
1740171600000,1.04605,1.04619,1.0455,1.0457,3209.7
1740348000000,1.04706,1.0481,1.04618,1.04727,3905.19
1740351600000,1.04727,1.04846,1.04705,1.04736,2908.46
1740355200000,1.04738,1.05071,1.04716,1.0504,5194.38
1740358800000,1.05041,1.05208,1.05021,1.05178,10256.34
1740362400000,1.05179,1.05282,1.05154,1.05227,10638.32
1740366000000,1.05228,1.05254,1.05162,1.05192,5769.91
1740369600000,1.05194,1.05206,1.0511,1.05154,4268.64
1740373200000,1.05152,1.05196,1.05098,1.05163,5746.27
1740376800000,1.05162,1.05162,1.05009,1.05087,6301.76
1740380400000,1.05088,1.05147,1.04865,1.04909,8959.29
1740384000000,1.04912,1.04925,1.04695,1.04795,10301.87
1740387600000,1.04794,1.04846,1.04686,1.04717,7018.61
1740391200000,1.04716,1.04805,1.04668,1.04801,6456.37
1740394800000,1.04802,1.04811,1.04637,1.04683,4713.29
1740398400000,1.04683,1.04724,1.04599,1.04687,5901.24
1740402000000,1.04688,1.04753,1.04646,1.04667,6995.36
1740405600000,1.04668,1.04695,1.04527,1.04603,10033.46
1740409200000,1.04603,1.04704,1.04599,1.04689,12966.08
1740412800000,1.04688,1.04799,1.04655,1.04775,9859.84
1740416400000,1.04777,1.04835,1.04679,1.04723,7304.49
1740420000000,1.04721,1.04856,1.04704,1.04803,4722.01
1740423600000,1.04804,1.04839,1.04725,1.04749,5475.88
1740427200000,1.0475,1.04792,1.04644,1.0465,7159.06
1740430800000,1.04651,1.0468,1.04616,1.04671,3364.33
1740434400000,1.04694,1.04702,1.04634,1.04665,1230.39
1740438000000,1.04687,1.04687,1.04602,1.04611,1429.47
1740441600000,1.04611,1.04641,1.04596,1.04631,2092.78
1740445200000,1.04633,1.04656,1.04605,1.04649,6750.91
1740448800000,1.04651,1.04747,1.04651,1.04743,7216.62
1740452400000,1.04744,1.04761,1.04712,1.0473,5319.38
1740456000000,1.04731,1.04771,1.04723,1.0473,3973.28
1740459600000,1.04731,1.0478,1.04722,1.04767,3579.45
1740463200000,1.04767,1.04799,1.04724,1.04767,4536.06
1740466800000,1.04767,1.04774,1.04633,1.0464,8333.78
1740470400000,1.04642,1.04787,1.0456,1.047,10914.72
1740474000000,1.04702,1.04784,1.04683,1.04729,9709.33
1740477600000,1.04729,1.04739,1.04651,1.04725,8025.88
1740481200000,1.04724,1.04896,1.04714,1.04891,6113.89
1740484800000,1.04893,1.04999,1.04882,1.04934,11151.37
1740488400000,1.04934,1.05096,1.04933,1.04999,10939.23
1740492000000,1.05,1.05047,1.04918,1.05023,9437.63
1740495600000,1.05027,1.05191,1.04949,1.04984,14597.91
1740499200000,1.04983,1.05059,1.04944,1.04975,10900.46
1740502800000,1.04975,1.05021,1.04837,1.0502,6664.92
1740506400000,1.0502,1.05179,1.0502,1.05083,6361.26
1740510000000,1.05082,1.05126,1.05044,1.05104,5109.72
1740513600000,1.05103,1.05188,1.0509,1.05162,4473.38
1740517200000,1.05161,1.05175,1.05123,1.05124,2384.33
1740520800000,1.05116,1.05141,1.05106,1.05125,1147.41
1740524400000,1.05136,1.05227,1.05119,1.05204,3207.61
1740528000000,1.05205,1.0525,1.05195,1.05227,2862.93
1740531600000,1.05226,1.05235,1.05138,1.0515,5889.2
1740535200000,1.05151,1.05167,1.0504,1.05061,7165.28
1740538800000,1.05062,1.05085,1.05011,1.05043,5166.16
1740542400000,1.05043,1.05054,1.04966,1.04971,3208.78
1740546000000,1.0497,1.04979,1.04903,1.04912,5611.06
1740549600000,1.04913,1.04962,1.04868,1.04942,6954.75
1740553200000,1.04943,1.05013,1.04923,1.04938,8421.24
1740556800000,1.04938,1.05113,1.04913,1.05024,11446.55
1740560400000,1.05024,1.0503,1.04947,1.04968,9217.93
1740564000000,1.04968,1.05007,1.0491,1.04976,8197.2
1740567600000,1.04975,1.0502,1.04865,1.04914,6600.24
1740571200000,1.04914,1.04947,1.04747,1.04765,8740.74
1740574800000,1.04765,1.04944,1.04763,1.04839,9802.89
1740578400000,1.0484,1.04924,1.0482,1.04895,10840.48
1740582000000,1.04895,1.0509,1.04791,1.05058,14870.99
1740585600000,1.05061,1.05153,1.05017,1.05135,11716.45
1740589200000,1.05133,1.05287,1.0483,1.04921,19771.23
1740592800000,1.04922,1.05002,1.04848,1.04879,14783.98
1740596400000,1.0488,1.04932,1.04819,1.04908,8729.36
1740600000000,1.04908,1.04909,1.04806,1.0486,5407.71
1740603600000,1.0486,1.04878,1.04784,1.04844,2835.1281
1740607200000,1.04869,1.04873,1.04782,1.04824,1572.6
1740610800000,1.04869,1.04922,1.04856,1.04876,1415.71
1740614400000,1.04877,1.04878,1.04766,1.04771,3899.52
1740618000000,1.04773,1.04831,1.04726,1.0478,5906.86
1740621600000,1.04782,1.04804,1.04701,1.04707,8304.33
1740625200000,1.0471,1.04743,1.04647,1.04656,4885.75
1740628800000,1.04656,1.04694,1.04589,1.04626,5855.69
1740632400000,1.04628,1.04653,1.04613,1.04649,5056.72
1740636000000,1.04648,1.04729,1.04639,1.04715,5863.86
1740639600000,1.04716,1.048,1.04683,1.0475,6127.7
1740643200000,1.04752,1.04802,1.04702,1.04782,9841.16
1740646800000,1.04784,1.04851,1.0475,1.04841,7064.98
1740650400000,1.0484,1.04842,1.04737,1.04814,6730.71
1740654000000,1.04814,1.04871,1.04757,1.04757,6829.53
1740657600000,1.04756,1.04839,1.04729,1.04763,9533.81
1740661200000,1.04763,1.04893,1.0419,1.04232,19517.75
1740664800000,1.04231,1.04416,1.04139,1.04198,16854.63
1740668400000,1.04197,1.04276,1.04093,1.04148,19216.12
1740672000000,1.04149,1.0416,1.04031,1.04134,15245.91
1740675600000,1.04067,1.04179,1.04001,1.04138,8389.9
1740679200000,1.04072,1.04174,1.04072,1.04171,5676.32
1740682800000,1.04171,1.04176,1.04031,1.04042,6757.63
1740686400000,1.04043,1.04082,1.04013,1.04051,4991.01
1740690000000,1.03982,1.04052,1.03966,1.04038,3273.62
1740693600000,1.03941,1.0399,1.03882,1.03976,1245.66
1740697200000,1.03936,1.04001,1.03921,1.03924,1765.8
1740700800000,1.03936,1.04027,1.03936,1.04023,4458.72
1740704400000,1.04024,1.04042,1.03843,1.03848,9050.78
1740708000000,1.03848,1.03915,1.03802,1.03822,7137.92
1740711600000,1.03823,1.03894,1.03811,1.03882,5230.94
1740715200000,1.03882,1.03907,1.03859,1.03864,3537.99
1740718800000,1.03866,1.039,1.03841,1.03886,5042.56
1740722400000,1.03885,1.0389,1.03825,1.03874,6548.99
1740726000000,1.03873,1.04005,1.03854,1.03959,9122.4
1740729600000,1.03959,1.04042,1.03949,1.04009,9273.83
1740733200000,1.04014,1.04078,1.03943,1.03952,8413.68
1740736800000,1.03996,1.04058,1.03922,1.03949,6242.73
1740740400000,1.03963,1.04011,1.03933,1.03999,6514.08
1740744000000,1.03985,1.04078,1.03977,1.04067,6064.71
1740747600000,1.04066,1.04161,1.04052,1.04066,12074.68
1740751200000,1.04071,1.04141,1.04007,1.04098,11097.64
1740754800000,1.04099,1.04198,1.03932,1.03998,14873.8
1740758400000,1.03998,1.04114,1.03979,1.04013,14464.83
1740762000000,1.04014,1.04099,1.03898,1.03963,11414.81
1740765600000,1.03962,1.0398,1.03625,1.03634,16820.65
1740769200000,1.03634,1.03736,1.03597,1.03677,8236.99
1740772800000,1.03676,1.03769,1.0362,1.03747,7758.15
1740776400000,1.03746,1.03767,1.03681,1.03747,5073.95
1740952800000,1.04032,1.04042,1.03992,1.04032,1468.15
1740956400000,1.04033,1.04208,1.03997,1.04119,7223.49
1740960000000,1.04119,1.04199,1.04021,1.04091,8262.27
1740963600000,1.04092,1.04228,1.04074,1.04195,8671.97
1740967200000,1.04195,1.04231,1.04147,1.04197,5001.87
1740970800000,1.04196,1.04198,1.04099,1.04168,5774.87
1740974400000,1.04167,1.04203,1.04165,1.04177,4216.43
1740978000000,1.04175,1.04193,1.04123,1.04142,5742.24
1740981600000,1.04141,1.04162,1.04065,1.04081,5913.02
1740985200000,1.04081,1.041,1.04018,1.04054,8654.67
1740988800000,1.04053,1.04065,1.03883,1.04009,13065.47
1740992400000,1.04015,1.04288,1.04012,1.04269,7933.22
1740996000000,1.0427,1.04441,1.0427,1.04418,6961.11
1740999600000,1.04419,1.04579,1.04403,1.04524,11603.48
1741003200000,1.04525,1.04759,1.04525,1.04702,11143.75
1741006800000,1.04703,1.04762,1.04592,1.04717,11450.36
1741010400000,1.04719,1.04906,1.04686,1.04823,11493.76
1741014000000,1.04795,1.05036,1.04764,1.04845,16325.73
1741017600000,1.04844,1.05011,1.04838,1.0496,9706.17
1741021200000,1.04959,1.04967,1.04866,1.04902,5418.39
1741024800000,1.04904,1.05032,1.04821,1.04868,7906.96
1741028400000,1.04867,1.04936,1.04721,1.04728,8900.77
1741032000000,1.04727,1.0485,1.04665,1.04819,15903.34
1741035600000,1.0482,1.04925,1.04803,1.04856,3947.39
1741039200000,1.04864,1.04882,1.04795,1.04859,1471.23
1741042800000,1.04865,1.04922,1.04763,1.04851,2876.19
1741046400000,1.04851,1.04886,1.04764,1.0488,6816.75
1741050000000,1.0488,1.04959,1.04823,1.04881,8707.14
1741053600000,1.04882,1.049,1.048,1.04806,8543.35
1741057200000,1.04806,1.04837,1.04747,1.04771,7690.99
1741060800000,1.0477,1.04803,1.0471,1.04778,6473.16
1741064400000,1.04778,1.04862,1.04708,1.04833,8363.63
1741068000000,1.04833,1.04894,1.04789,1.04856,5277.63
1741071600000,1.0486,1.05003,1.04809,1.04927,12896.39
1741075200000,1.04928,1.05238,1.04861,1.05187,14710.91
1741078800000,1.05187,1.0527,1.05093,1.05118,11895.16
1741082400000,1.05119,1.05194,1.05024,1.05113,8652.26
1741086000000,1.05112,1.05443,1.05096,1.05439,7850.3
1741089600000,1.0544,1.05569,1.05358,1.05529,10827.71
1741093200000,1.05531,1.05596,1.05305,1.05388,14006.07
1741096800000,1.05389,1.05483,1.05204,1.05212,16522.37
1741100400000,1.05211,1.05279,1.04962,1.05263,17223.21
1741104000000,1.0526,1.05394,1.05151,1.05335,14231.19
1741107600000,1.05334,1.05439,1.05304,1.05415,11993.84
1741111200000,1.05414,1.05911,1.05376,1.05904,15118.27
1741114800000,1.05903,1.06019,1.05863,1.06006,10322.19
1741118400000,1.06005,1.06236,1.06004,1.06082,12390.25
1741122000000,1.06085,1.06272,1.06082,1.06253,8616.19
1741125600000,1.06191,1.06254,1.06168,1.06243,3330.93
1741129200000,1.06191,1.06369,1.06191,1.0623,4013.46
1741132800000,1.0623,1.06273,1.06105,1.06207,7118.94
1741136400000,1.06209,1.06274,1.06084,1.06125,10929.42
1741140000000,1.06126,1.06155,1.06036,1.0604,13504.78
1741143600000,1.0604,1.06202,1.06018,1.0618,11071.1
1741147200000,1.06181,1.06256,1.06152,1.06189,6288.54
1741150800000,1.06188,1.06323,1.06186,1.06312,6472.38
1741154400000,1.06313,1.06388,1.06241,1.06322,10099.06
1741158000000,1.06321,1.06763,1.06294,1.06745,17656.7
1741161600000,1.06743,1.06996,1.06585,1.06977,19048.43
1741165200000,1.06981,1.0722,1.06954,1.07116,14821.57
1741168800000,1.07115,1.0715,1.06834,1.06969,11238.82
1741172400000,1.0697,1.06984,1.06764,1.06787,9407.38
1741176000000,1.06787,1.0714,1.06784,1.06955,11187.33
1741179600000,1.06959,1.07225,1.06867,1.07157,18575.1
1741183200000,1.07157,1.07769,1.07137,1.07691,21821.66
1741186800000,1.07684,1.07705,1.07408,1.07649,24794.17
1741190400000,1.07651,1.07866,1.0761,1.07668,16997.66
1741194000000,1.07666,1.07877,1.07622,1.07851,15062.21
1741197600000,1.07852,1.07887,1.07637,1.07734,15032.53
1741201200000,1.07736,1.07907,1.07697,1.079,10927.58
1741204800000,1.079,1.07965,1.07876,1.0792,5461.92
1741208400000,1.07921,1.07928,1.07854,1.07857,4872.9
1741212000000,1.07902,1.07922,1.07853,1.07864,1255.23
1741215600000,1.07904,1.0795,1.07869,1.07941,3083.16
1741219200000,1.07942,1.08028,1.07871,1.07942,5883.28
1741222800000,1.07942,1.082,1.07893,1.08151,7257.61
1741226400000,1.0815,1.08191,1.07976,1.0805,8913.25
1741230000000,1.07984,1.08051,1.07879,1.07893,8186.14
1741233600000,1.07894,1.0804,1.0784,1.08033,6553.47
1741237200000,1.08035,1.08116,1.07999,1.08102,6527.53
1741240800000,1.08102,1.08199,1.07988,1.08025,7900.21
1741244400000,1.08024,1.08221,1.07917,1.07989,15735.45
1741248000000,1.07989,1.08167,1.07928,1.08012,18221.44
1741251600000,1.08009,1.08065,1.07802,1.07995,15337.81
1741255200000,1.07996,1.08034,1.07826,1.07916,13758.41
1741258800000,1.07916,1.08007,1.0783,1.0799,10182.15
1741262400000,1.0799,1.08067,1.0788,1.08,8370.01
1741266000000,1.08,1.08452,1.07905,1.08257,21434.27
1741269600000,1.08258,1.08409,1.08111,1.08369,23688.19
1741273200000,1.08369,1.08534,1.08112,1.0817,24220.2
1741276800000,1.08172,1.08381,1.08153,1.08174,17372.36
1741280400000,1.08172,1.08222,1.07913,1.07969,15102.1
1741284000000,1.07968,1.08017,1.07655,1.07836,13079.78
1741287600000,1.07835,1.08113,1.07825,1.08014,9169.43
1741291200000,1.08013,1.08032,1.07853,1.07863,8320.98
1741294800000,1.07864,1.07902,1.07748,1.07818,3874.99
1741298400000,1.07877,1.07908,1.07757,1.0782,1867.77
1741302000000,1.07877,1.07961,1.07843,1.07871,2745.5
1741305600000,1.07872,1.07952,1.07868,1.07875,4715.54
1741309200000,1.07877,1.07928,1.0781,1.07898,7600.08
1741312800000,1.07901,1.07992,1.07845,1.0799,6462.5
1741316400000,1.0799,1.08146,1.07963,1.08057,5849.48
1741320000000,1.08055,1.0813,1.08027,1.08128,4237.3
1741323600000,1.08128,1.08174,1.08075,1.08131,5659.83
1741327200000,1.08131,1.0825,1.08079,1.08232,6303.78
1741330800000,1.08231,1.08406,1.08198,1.08295,10443.6
1741334400000,1.08298,1.0855,1.08259,1.08507,11292.86
1741338000000,1.08508,1.08714,1.08445,1.0861,10963.68
1741341600000,1.08611,1.0867,1.08571,1.08605,9047.79
1741345200000,1.08604,1.08604,1.08444,1.08492,10533.63
1741348800000,1.08491,1.0857,1.08409,1.08542,10748.69
1741352400000,1.08544,1.08884,1.0843,1.08447,24214.6
1741356000000,1.08444,1.08818,1.0844,1.08534,22385.06
1741359600000,1.08534,1.08862,1.08352,1.08699,23017.57
1741363200000,1.08699,1.08725,1.08374,1.08585,13865.98
1741366800000,1.08583,1.08642,1.08317,1.0843,15101.96
1741370400000,1.08428,1.0844,1.08254,1.08398,9610.26
1741374000000,1.08397,1.0844,1.0833,1.08425,7612.21
1741377600000,1.08424,1.08491,1.08399,1.08472,4410.22
1741381200000,1.08471,1.08511,1.08292,1.08292,4299.69
1741554000000,1.08312,1.08399,1.08269,1.08388,539.25
1741557600000,1.08388,1.08594,1.08381,1.0849,6575.98
1741561200000,1.08491,1.08653,1.0848,1.086,5875.28
1741564800000,1.08602,1.08671,1.08527,1.08641,5834
1741568400000,1.0864,1.08711,1.08524,1.08528,6627.53
1741572000000,1.08526,1.08557,1.08355,1.08368,8763.67
1741575600000,1.08368,1.08384,1.08301,1.08314,6296.01
1741579200000,1.08313,1.08376,1.083,1.08306,4318.38
1741582800000,1.08303,1.08355,1.08278,1.0835,7363.21
1741586400000,1.08351,1.08446,1.08342,1.08367,8445.64
1741590000000,1.08374,1.08438,1.08107,1.08224,9723.32
1741593600000,1.08227,1.08241,1.08051,1.08099,16026.56
1741597200000,1.08099,1.08566,1.08085,1.0851,14739.28
1741600800000,1.08517,1.08744,1.08504,1.08609,13548.39
1741604400000,1.08609,1.08643,1.08122,1.08505,19103.57
1741608000000,1.08505,1.08599,1.08418,1.08437,12167.26
1741611600000,1.08438,1.08507,1.08332,1.08349,11624.58
1741615200000,1.08349,1.08466,1.08313,1.0845,14175.1
1741618800000,1.08451,1.08477,1.08206,1.08369,15212.4
1741622400000,1.08368,1.08416,1.08278,1.08302,11253.37
1741626000000,1.08301,1.08456,1.08256,1.08297,9026.76
1741629600000,1.08295,1.08352,1.08175,1.08296,8093.57
1741633200000,1.08296,1.08326,1.08175,1.08315,7317.95
1741636800000,1.08316,1.08362,1.08254,1.08324,3404.7
1741640400000,1.08343,1.08359,1.08293,1.08321,986.55
1741644000000,1.08341,1.08413,1.08329,1.08344,2237.86
1741647600000,1.08349,1.08432,1.08347,1.0839,2526.59
1741651200000,1.0839,1.08533,1.08389,1.08513,4997.3
1741654800000,1.08515,1.08584,1.08435,1.08579,7373.33
1741658400000,1.08579,1.08604,1.085,1.08558,8479.94
1741662000000,1.08559,1.08596,1.08487,1.08542,5992.42
1741665600000,1.0854,1.08615,1.08503,1.08543,3888.28
1741669200000,1.08543,1.08554,1.08354,1.08381,4624.28
1741672800000,1.08383,1.08758,1.08363,1.08563,10113.33
1741676400000,1.08562,1.09014,1.08551,1.08906,13116.6
1741680000000,1.08906,1.09191,1.08846,1.0917,13980.4
1741683600000,1.09167,1.09207,1.08959,1.09082,10499.74
1741687200000,1.09083,1.09083,1.08821,1.08905,9820.8
1741690800000,1.08903,1.09047,1.0881,1.09044,6964.51
1741694400000,1.09044,1.09203,1.0902,1.09178,11073.83
1741698000000,1.09179,1.09306,1.09112,1.09197,14488.02
1741701600000,1.09195,1.09202,1.08949,1.0919,18012.85
1741705200000,1.0919,1.09285,1.09121,1.0927,12826.99
1741708800000,1.09269,1.09295,1.09177,1.09249,8843.81
1741712400000,1.0925,1.0935,1.09237,1.09341,6586.97
1741716000000,1.09343,1.09471,1.09251,1.09306,11576.93
1741719600000,1.09305,1.09338,1.09195,1.09196,7215.24
1741723200000,1.09199,1.09207,1.09098,1.09181,3342.9
1741726800000,1.0911,1.09209,1.09068,1.09176,2631.85
1741730400000,1.0911,1.09185,1.09104,1.09155,1878.75
1741734000000,1.09154,1.09173,1.09129,1.09136,1401.96
1741737600000,1.09137,1.09157,1.09054,1.09088,4368.34
1741741200000,1.09088,1.09151,1.09058,1.09062,6654.48
1741744800000,1.09062,1.09114,1.09033,1.09035,7964.78
1741748400000,1.09035,1.09046,1.08959,1.0897,4994.19
1741752000000,1.0897,1.09025,1.08957,1.08988,5119.05
1741755600000,1.08987,1.09041,1.08949,1.09034,5430.5
1741759200000,1.09033,1.09086,1.08917,1.08923,7339.73
1741762800000,1.08919,1.0903,1.08872,1.09013,11290.33
1741766400000,1.09012,1.09216,1.08975,1.09212,13795.8
1741770000000,1.09214,1.09263,1.09132,1.09142,10773.57
1741773600000,1.09142,1.09208,1.09044,1.0906,8809.78
1741777200000,1.0906,1.09128,1.08992,1.09007,9828.28
1741780800000,1.09007,1.09314,1.08761,1.0878,21718.74
1741784400000,1.0878,1.08962,1.08755,1.08819,17732.83
1741788000000,1.08819,1.09134,1.08809,1.09128,12981.9
1741791600000,1.09127,1.09241,1.09098,1.09241,13106.34
1741795200000,1.09242,1.09277,1.09055,1.09055,11699.9
1741798800000,1.09055,1.0914,1.09031,1.09066,8875.59
1741802400000,1.09067,1.09094,1.08795,1.08844,5963.42
1741806000000,1.08846,1.08975,1.08829,1.089,5884.34
1741809600000,1.08901,1.08934,1.0886,1.08874,3493.45
1741813200000,1.08864,1.08899,1.08853,1.08874,889.15
1741816800000,1.08858,1.08897,1.08846,1.08889,940.46
1741820400000,1.08889,1.08897,1.08831,1.08852,1864.48
1741824000000,1.08852,1.08916,1.08823,1.08913,3733.43
1741827600000,1.08914,1.08929,1.08862,1.08889,6688.35
1741831200000,1.08888,1.0897,1.08886,1.08951,5574.54
1741834800000,1.08953,1.08955,1.08848,1.08849,4034.36
1741838400000,1.08848,1.08933,1.08816,1.08933,4562.04
1741842000000,1.08933,1.08933,1.0879,1.0885,4872.23
1741845600000,1.08851,1.08854,1.08694,1.08745,7150.71
1741849200000,1.08743,1.0885,1.08596,1.08652,11303.78
1741852800000,1.08654,1.08837,1.08591,1.08731,14275.24
1741856400000,1.08731,1.08852,1.08685,1.08792,8475.06
1741860000000,1.08793,1.08827,1.08621,1.08698,7883.56
1741863600000,1.087,1.08749,1.08451,1.0856,11224.75
1741867200000,1.08559,1.08773,1.08259,1.08344,17101.82
1741870800000,1.08346,1.0853,1.08222,1.08473,11316.42
1741874400000,1.08471,1.08696,1.08459,1.08649,11618.56
1741878000000,1.08649,1.08714,1.08539,1.08585,13224.74
1741881600000,1.08584,1.08781,1.0855,1.08724,10050.01
1741885200000,1.08724,1.08733,1.08542,1.08545,8664.15
1741888800000,1.08545,1.08578,1.08518,1.08536,5844.56
1741892400000,1.08536,1.08567,1.08475,1.08482,5032.15
1741896000000,1.08482,1.08556,1.08462,1.08507,3062.77
1741899600000,1.08512,1.08548,1.0844,1.08528,1849.77
1741903200000,1.08514,1.08552,1.08508,1.08521,1403.1
1741906800000,1.08522,1.0855,1.08499,1.08548,1336.63
1741910400000,1.08543,1.08583,1.08482,1.08489,3333.03
1741914000000,1.08489,1.08493,1.08403,1.08407,7914.84
1741917600000,1.08407,1.08428,1.08341,1.08401,6818.33
1741921200000,1.08402,1.08456,1.08374,1.08454,6511.49
1741924800000,1.08452,1.08461,1.08374,1.08407,6322.81
1741928400000,1.08408,1.08513,1.08406,1.08506,6793.93
1741932000000,1.08506,1.08506,1.08348,1.0838,8058.29
1741935600000,1.0838,1.0847,1.08304,1.08388,8903.15
1741939200000,1.0839,1.08567,1.08351,1.08537,9066.91
1741942800000,1.08537,1.0862,1.08468,1.0852,6677.88
1741946400000,1.08519,1.09125,1.08514,1.08948,16574.75
1741950000000,1.08947,1.09092,1.08872,1.08964,13631.96
1741953600000,1.08963,1.09112,1.08898,1.08945,9772.79
1741957200000,1.08948,1.08979,1.08699,1.08737,10649.97
1741960800000,1.08736,1.08863,1.08652,1.08776,12037.86
1741964400000,1.08776,1.08865,1.08666,1.08715,10032.95
1741968000000,1.08716,1.08898,1.08703,1.08829,6510.89
1741971600000,1.0883,1.08878,1.08789,1.08819,4264.25
1741975200000,1.08821,1.08862,1.08732,1.08803,4317.74
1741978800000,1.08801,1.08844,1.08781,1.08829,3267.1
1741982400000,1.08828,1.08855,1.08742,1.08765,2882.8
1742158800000,1.08766,1.08809,1.08759,1.08801,384.27
1742162400000,1.08809,1.0885,1.08744,1.08812,3220.44
1742166000000,1.08812,1.08849,1.0879,1.08792,2953.7
1742169600000,1.08794,1.08826,1.08754,1.08793,3535.17
1742173200000,1.08793,1.08901,1.08741,1.08824,4010.91
1742176800000,1.08824,1.08855,1.08793,1.08811,3263.3
1742180400000,1.08813,1.08861,1.08766,1.08833,3869.59
1742184000000,1.08831,1.08936,1.08775,1.08818,3751
1742187600000,1.0882,1.08821,1.08737,1.08775,3276.09
1742191200000,1.08775,1.08841,1.08732,1.08776,4123.26
1742194800000,1.08775,1.08842,1.08685,1.0876,8919.27
1742198400000,1.08762,1.08867,1.08703,1.08835,20052.3
1742202000000,1.08838,1.09003,1.08769,1.08996,9388.71
1742205600000,1.08998,1.09096,1.08963,1.09075,6595.46
1742209200000,1.09077,1.09119,1.0896,1.09019,5849.72
1742212800000,1.09019,1.09087,1.0887,1.09016,11078.05
1742216400000,1.09017,1.09063,1.08968,1.09047,8230.09
1742220000000,1.09048,1.09184,1.09019,1.09158,9179
1742223600000,1.09159,1.09297,1.09156,1.09214,8256.83
1742227200000,1.09214,1.09259,1.09143,1.0921,5945.67
1742230800000,1.09209,1.09237,1.09114,1.09139,4445.08
1742234400000,1.09138,1.09264,1.09125,1.09254,3811.93
1742238000000,1.09254,1.09254,1.09183,1.09204,2320.11
1742241600000,1.09208,1.09276,1.09202,1.09213,2249.91
1742245200000,1.09205,1.0922,1.09125,1.09189,1302.91
1742248800000,1.09211,1.09226,1.09188,1.09209,1157.51
1742252400000,1.09209,1.09216,1.09179,1.0918,751.42
1742256000000,1.0918,1.09209,1.09147,1.09158,4051.99
1742259600000,1.09157,1.09189,1.0912,1.09131,5368.37
1742263200000,1.09131,1.0916,1.09078,1.09084,7098.87
1742266800000,1.09085,1.09109,1.09062,1.09081,2750.71
1742270400000,1.09082,1.09115,1.09078,1.09108,3222.51
1742274000000,1.09106,1.09132,1.0907,1.09075,2980.8
1742277600000,1.09076,1.09212,1.09033,1.09205,6230.31
1742281200000,1.09206,1.09366,1.09161,1.09349,9793.17
1742284800000,1.09351,1.09545,1.09327,1.09512,10222.21
1742288400000,1.09515,1.0953,1.09393,1.09497,8558.12
1742292000000,1.09498,1.09518,1.09316,1.09339,10110.58
1742295600000,1.09343,1.0937,1.0914,1.09162,9919.01
1742299200000,1.09162,1.09236,1.08924,1.09113,11510.6
1742302800000,1.09114,1.09208,1.09013,1.09123,11992.75
1742306400000,1.09124,1.09194,1.09068,1.09166,18883.42
1742310000000,1.09171,1.09341,1.08964,1.09264,13764.9
1742313600000,1.09264,1.09398,1.09234,1.09385,8987.72
1742317200000,1.09385,1.09517,1.09385,1.09497,7580.24
1742320800000,1.09499,1.09511,1.09404,1.0944,6002.87
1742324400000,1.09439,1.09494,1.09415,1.09461,3959.1
1742328000000,1.09461,1.09485,1.09426,1.09449,3178.14
1742331600000,1.09434,1.09465,1.09395,1.0944,1087.3602
1742335200000,1.09437,1.09458,1.09401,1.09415,1604.65
1742338800000,1.09417,1.09434,1.09375,1.09385,752.85
1742342400000,1.09386,1.09388,1.09316,1.09346,2842.79
1742346000000,1.09346,1.09372,1.09333,1.09368,2321.96
1742349600000,1.0937,1.09449,1.09354,1.09408,2623.28
1742353200000,1.09411,1.09436,1.09326,1.09381,2302.81
1742356800000,1.09378,1.09378,1.09279,1.09298,2517.52
1742360400000,1.09296,1.0936,1.09295,1.09311,2362.49
1742364000000,1.09312,1.09324,1.09203,1.09206,5584.59
1742367600000,1.09214,1.0923,1.08731,1.08924,16775.65
1742371200000,1.08928,1.09105,1.08921,1.0907,13431.63
1742374800000,1.0907,1.09101,1.08954,1.09021,10463.26
1742378400000,1.09021,1.0904,1.08912,1.08997,7721.18
1742382000000,1.08997,1.09129,1.08935,1.09082,6253.31
1742385600000,1.09085,1.09174,1.0899,1.09009,13216.96
1742389200000,1.09012,1.09036,1.08925,1.08943,10537.39
1742392800000,1.08942,1.09004,1.08817,1.08838,7015.66
1742396400000,1.08837,1.08877,1.08753,1.08766,9712.33
1742400000000,1.08769,1.08861,1.08758,1.0885,9698.42
1742403600000,1.08848,1.08852,1.08603,1.08691,7406.09
1742407200000,1.08692,1.0913,1.08632,1.09077,18618.04
1742410800000,1.09073,1.09127,1.08848,1.08986,10508.68
1742414400000,1.08986,1.09059,1.08955,1.09009,6706.07
1742418000000,1.09041,1.0905,1.09001,1.09006,1514.25
1742421600000,1.09041,1.09129,1.09032,1.09083,1465.54
1742425200000,1.09083,1.09118,1.09048,1.09115,1259.59
1742428800000,1.09116,1.09163,1.09035,1.09122,4459.95
1742432400000,1.0912,1.09129,1.09034,1.09057,3872.43
1742436000000,1.09055,1.09171,1.09053,1.0909,4789.1
1742439600000,1.09089,1.0914,1.09069,1.09096,3660.98
1742443200000,1.09095,1.09104,1.09003,1.09031,4054.69
1742446800000,1.09032,1.09032,1.08906,1.08953,2724.45
1742450400000,1.08953,1.08988,1.08895,1.08933,5683
1742454000000,1.08932,1.08941,1.08647,1.08791,9760.7
1742457600000,1.08795,1.08857,1.08629,1.08652,11034.74
1742461200000,1.08651,1.08684,1.08381,1.08519,13631.05
1742464800000,1.08524,1.08545,1.08332,1.08456,18614.64
1742468400000,1.08455,1.08517,1.08392,1.08493,5548.32
1742472000000,1.08494,1.08559,1.08307,1.08336,10249.42
1742475600000,1.08335,1.0839,1.08145,1.08251,11712.27
1742479200000,1.0825,1.08385,1.08224,1.08292,10702.49
1742482800000,1.08292,1.08492,1.08231,1.08472,14014.03
1742486400000,1.0847,1.0852,1.0842,1.08486,7025.68
1742490000000,1.08483,1.08517,1.08389,1.08444,5755.85
1742493600000,1.08444,1.08495,1.08417,1.08483,4775.14
1742497200000,1.08481,1.08541,1.0847,1.08529,3464.93
1742500800000,1.08529,1.08589,1.08493,1.08501,2119.42
1742504400000,1.08494,1.08546,1.084,1.08539,1551.69
1742508000000,1.08545,1.08585,1.08529,1.08568,2499.17
1742511600000,1.08569,1.08574,1.08531,1.08532,1055.72
1742515200000,1.08535,1.08586,1.08504,1.08529,5066.79
1742518800000,1.08529,1.08555,1.08483,1.08522,5434.47
1742522400000,1.08525,1.08549,1.08422,1.08441,6185.19
1742526000000,1.08441,1.08462,1.08331,1.08345,10920.21
1742529600000,1.08345,1.08364,1.08274,1.08301,6329.81
1742533200000,1.083,1.08301,1.08197,1.08284,4665.58
1742536800000,1.08284,1.08373,1.0824,1.0834,4897.28
1742540400000,1.08338,1.08416,1.0827,1.08386,7522.18
1742544000000,1.08386,1.08453,1.08239,1.08358,9427.01
1742547600000,1.08357,1.08387,1.08246,1.08255,6184.61
1742551200000,1.08258,1.08387,1.08257,1.08368,7057.23
1742554800000,1.08367,1.08512,1.0835,1.08506,6038.7
1742558400000,1.08505,1.08611,1.08295,1.08321,15241.21
1742562000000,1.08319,1.08359,1.0825,1.08319,8907.2
1742565600000,1.0832,1.08355,1.08186,1.08235,9648.86
1742569200000,1.08237,1.0829,1.0797,1.08062,12867.36
1742572800000,1.0806,1.08249,1.08042,1.08179,10148.34
1742576400000,1.0818,1.08254,1.0805,1.08224,6688.67
1742580000000,1.08225,1.08266,1.08146,1.08207,4834.2
1742583600000,1.08209,1.08242,1.08151,1.08175,4339.37
1742587200000,1.08174,1.08174,1.08115,1.08121,2906.13
1742763600000,1.0813,1.08173,1.08115,1.0817,167.4
1742767200000,1.08167,1.08296,1.0816,1.08195,3421.08
1742770800000,1.08197,1.08367,1.08186,1.08358,2094.71
1742774400000,1.08358,1.08398,1.08324,1.0837,6042.55
1742778000000,1.0837,1.08374,1.08226,1.08259,8222.06
1742781600000,1.0826,1.08319,1.08243,1.08248,4743.3
1742785200000,1.08248,1.08292,1.08199,1.08202,5463.05
1742788800000,1.08201,1.08242,1.08169,1.08227,3657.63
1742792400000,1.08225,1.08307,1.0818,1.08289,4364.42
1742796000000,1.0829,1.08444,1.08279,1.08396,5800.45
1742799600000,1.08394,1.08499,1.08329,1.08379,7891.95
1742803200000,1.08381,1.08579,1.08371,1.08427,11161.41
1742806800000,1.08432,1.0845,1.08283,1.0839,8933.38
1742810400000,1.08394,1.08547,1.08364,1.08478,7945.83
1742814000000,1.08478,1.08492,1.08321,1.08323,6222.65
1742817600000,1.08323,1.08344,1.08215,1.08296,8768.21
1742821200000,1.08297,1.08303,1.07923,1.07933,10153.77
1742824800000,1.07931,1.08201,1.07903,1.07991,16432.22
1742828400000,1.07994,1.08051,1.07904,1.07936,12387.43
1742832000000,1.07939,1.08069,1.07813,1.07917,10482.78
1742835600000,1.07919,1.07962,1.07845,1.07874,5633.73
1742839200000,1.07875,1.0813,1.07838,1.08048,6251.94
1742842800000,1.08053,1.0807,1.0797,1.08021,2744.42
1742846400000,1.0802,1.0806,1.07995,1.08004,2238.38
1742850000000,1.07997,1.08014,1.07952,1.08002,2466.43
1742853600000,1.07994,1.08024,1.07946,1.08021,1251.93
1742857200000,1.08022,1.08033,1.08004,1.08022,1081.93
1742860800000,1.08022,1.08025,1.07959,1.08001,2368.25
1742864400000,1.08,1.08084,1.07998,1.08022,2991.64
1742868000000,1.08021,1.08049,1.0794,1.07964,2899.52
1742871600000,1.07964,1.08034,1.07957,1.08029,2883.88
1742875200000,1.08031,1.08087,1.08025,1.08032,2653.81
1742878800000,1.08031,1.0807,1.08009,1.08028,2215.82
1742882400000,1.08029,1.08044,1.07927,1.07943,4670.92
1742886000000,1.07944,1.08018,1.07849,1.07871,10453.61
1742889600000,1.07873,1.07922,1.07767,1.07901,10732.9
1742893200000,1.079,1.08039,1.07873,1.08005,8788.99
1742896800000,1.08004,1.08243,1.07997,1.08199,19467.92
1742900400000,1.08199,1.08275,1.08107,1.08176,11789.45
1742904000000,1.08178,1.083,1.08156,1.08249,8632.43
1742907600000,1.08248,1.08275,1.08136,1.08167,13875.31
1742911200000,1.08167,1.08216,1.08017,1.08124,19024.57
1742914800000,1.08125,1.08194,1.0797,1.0803,13566.34
1742918400000,1.0803,1.0813,1.08018,1.08064,23734.19
1742922000000,1.08065,1.08167,1.08058,1.08096,5404.13
1742925600000,1.08093,1.08093,1.07969,1.07983,3173.49
1742929200000,1.07985,1.08017,1.07906,1.07952,4490.32
1742932800000,1.07951,1.07956,1.07898,1.07905,1845.84
1742936400000,1.07905,1.07939,1.07885,1.07908,855.37
1742940000000,1.0791,1.0794,1.07878,1.07883,2155.92
1742943600000,1.07884,1.07889,1.07852,1.07888,935.14
1742947200000,1.07889,1.07922,1.07835,1.07841,2790.02
1742950800000,1.0784,1.07952,1.07777,1.07934,4896.79
1742954400000,1.07934,1.0797,1.07902,1.07951,2424.25
1742958000000,1.0795,1.0796,1.07837,1.07857,2334.45
1742961600000,1.07858,1.07878,1.07809,1.07841,1891.78
1742965200000,1.07839,1.07868,1.07777,1.0785,3455.15
1742968800000,1.0785,1.07881,1.07821,1.07868,3930.83
1742972400000,1.07868,1.07913,1.07811,1.0786,7015.51
1742976000000,1.07859,1.07996,1.07851,1.0799,8468.07
1742979600000,1.0799,1.08025,1.07928,1.07958,5727.86
1742983200000,1.07957,1.08014,1.07865,1.07916,4875.51
1742986800000,1.07915,1.07976,1.07886,1.07922,4889.83
1742990400000,1.07922,1.07935,1.07817,1.07841,8344.59
1742994000000,1.07843,1.07906,1.07675,1.07747,11987.56
1742997600000,1.07745,1.07951,1.07729,1.07906,10819.57
1743001200000,1.07905,1.07943,1.07673,1.07807,10692.35
1743004800000,1.07807,1.07915,1.07767,1.07874,9996.24
1743008400000,1.07875,1.07891,1.07516,1.07565,14202.9
1743012000000,1.07563,1.07614,1.0753,1.07551,5834.5
1743015600000,1.07552,1.07558,1.07437,1.07512,4627.67
1743019200000,1.07512,1.07565,1.07503,1.07528,3130.97
1743022800000,1.07357,1.07556,1.07344,1.07523,2805.16
1743026400000,1.07363,1.07444,1.07328,1.0737,5022.12
1743030000000,1.07368,1.07443,1.07354,1.07409,2002.98
1743033600000,1.07411,1.07574,1.07407,1.07554,4032.99
1743037200000,1.07555,1.07688,1.0755,1.07649,4564.65
1743040800000,1.07678,1.07798,1.07649,1.07758,4209.4
1743044400000,1.07758,1.07797,1.07727,1.0778,2381.54
1743048000000,1.07782,1.07869,1.07769,1.07803,2611.3
1743051600000,1.07802,1.07811,1.07636,1.07691,3494.3
1743055200000,1.0769,1.07824,1.0768,1.07729,5414.72
1743058800000,1.07729,1.07743,1.0754,1.07644,10581.96
1743062400000,1.07646,1.07766,1.07554,1.07758,12036.52
1743066000000,1.07756,1.0779,1.0761,1.07707,7204.84
1743069600000,1.07706,1.07816,1.07665,1.07816,7309.98
1743073200000,1.07815,1.07995,1.07786,1.07868,7090.47
1743076800000,1.07868,1.07981,1.0783,1.07868,7463.95
1743080400000,1.0787,1.07971,1.07762,1.07797,8797.01
1743084000000,1.078,1.07945,1.07771,1.07891,9094.52
1743087600000,1.07892,1.0821,1.07853,1.07995,12405.79
1743091200000,1.07995,1.07998,1.07914,1.07989,8494.76
1743094800000,1.07989,1.08085,1.07893,1.07895,5590.22
1743098400000,1.07896,1.07981,1.07889,1.07908,3371.78
1743102000000,1.07907,1.07996,1.07881,1.07947,2899.53
1743105600000,1.07945,1.0802,1.07936,1.08007,1399.17
1743109200000,1.08004,1.08004,1.07941,1.07969,1648.87
1743112800000,1.07971,1.07987,1.07951,1.07963,1208.23
1743116400000,1.07963,1.08012,1.0796,1.08006,957.19
1743120000000,1.08005,1.08005,1.07879,1.07948,3829.58
1743123600000,1.07949,1.07987,1.07913,1.07934,3665.54
1743127200000,1.07936,1.07967,1.07901,1.07944,3003.68
1743130800000,1.07944,1.07967,1.07907,1.07917,2063.47
1743134400000,1.07917,1.07928,1.07845,1.07884,2824.69
1743138000000,1.07884,1.07931,1.07861,1.07907,3014.22
1743141600000,1.07906,1.0792,1.07824,1.07848,3001.98
1743145200000,1.07848,1.07998,1.07815,1.0787,6526.07
1743148800000,1.07867,1.07964,1.07751,1.07782,8263.81
1743152400000,1.07782,1.07804,1.07687,1.07734,7445.81
1743156000000,1.07735,1.07784,1.07674,1.07685,6668.43
1743159600000,1.07686,1.07747,1.07644,1.07716,4792.6
1743163200000,1.07717,1.07918,1.07651,1.07888,8379.1
1743166800000,1.07887,1.08168,1.07847,1.08103,12748.46
1743170400000,1.08103,1.08314,1.0809,1.08229,10655.36
1743174000000,1.08229,1.08447,1.08189,1.08248,11618.05
1743177600000,1.08249,1.0833,1.08199,1.08215,6994.44
1743181200000,1.08215,1.08286,1.0812,1.08195,5778.49
1743184800000,1.08193,1.08277,1.08135,1.08243,4601.02
1743188400000,1.08244,1.08285,1.08229,1.08255,3890.4
1743192000000,1.08254,1.08359,1.08237,1.08237,3431.22
1743368400000,1.08228,1.0828,1.08139,1.0815,511.79
1743372000000,1.08149,1.08221,1.08049,1.08205,5655.2
1743375600000,1.08206,1.0829,1.08106,1.08234,5621.93
1743379200000,1.08235,1.08415,1.0823,1.08415,5509.84
1743382800000,1.08415,1.08454,1.0831,1.08324,7229.14
1743386400000,1.08323,1.08458,1.08288,1.08404,4164.03
1743390000000,1.08404,1.08414,1.08323,1.08327,4540.66
1743393600000,1.08328,1.08358,1.0831,1.08341,3734.49
1743397200000,1.08341,1.08427,1.08311,1.08342,4688.71
1743400800000,1.08342,1.08447,1.08247,1.08371,10282.43
1743404400000,1.08371,1.08492,1.08206,1.08313,12868.55
1743408000000,1.08313,1.0834,1.08115,1.08273,9810.57
1743411600000,1.08272,1.08303,1.08145,1.0816,6416.93
1743415200000,1.08159,1.08208,1.08054,1.08182,8493.72
1743418800000,1.08183,1.08291,1.0815,1.0819,8498.6
1743422400000,1.08192,1.08208,1.08008,1.08034,8510.6
1743426000000,1.08035,1.08212,1.08026,1.08078,10607.09
1743429600000,1.08077,1.08085,1.07838,1.0802,14733.63
1743433200000,1.08018,1.08163,1.07904,1.0794,15226.98
1743436800000,1.07943,1.08158,1.07852,1.08117,8536.76
1743440400000,1.08116,1.08174,1.08077,1.08146,4927.4
1743444000000,1.08146,1.08177,1.08069,1.08145,4429.78
1743447600000,1.08146,1.08197,1.08116,1.0814,4375.81
1743451200000,1.08141,1.08186,1.08093,1.08151,3156.99
1743454800000,1.08183,1.08191,1.08129,1.08165,1137.19
1743458400000,1.0819,1.08193,1.08158,1.08179,1830.64
1743462000000,1.08179,1.08195,1.08137,1.08173,1056.97
1743465600000,1.08174,1.08264,1.08173,1.08253,3649.84
1743469200000,1.08252,1.08267,1.08168,1.08204,4222.92
1743472800000,1.08204,1.08281,1.08198,1.08239,3723.28
1743476400000,1.0824,1.08278,1.08212,1.08265,2084.95
1743480000000,1.08266,1.08299,1.08247,1.08249,1976.77
1743483600000,1.0825,1.08251,1.08064,1.08069,4526.29
1743487200000,1.0807,1.08104,1.07986,1.0808,6319.91
1743490800000,1.08079,1.08123,1.07991,1.08016,9316.77
1743494400000,1.08013,1.08178,1.08003,1.08176,7142.71
1743498000000,1.08174,1.08291,1.08145,1.08172,6819.08
1743501600000,1.08171,1.08184,1.079,1.0798,10192.63
1743505200000,1.07979,1.07983,1.07782,1.0781,9226.03
1743508800000,1.07811,1.07951,1.07809,1.07869,7863.03
1743512400000,1.0787,1.07953,1.07791,1.07869,9501.27
1743516000000,1.07861,1.08122,1.07836,1.08073,14376.57
1743519600000,1.08074,1.08122,1.07984,1.07991,11207.07
1743523200000,1.07991,1.0803,1.07924,1.07994,7441.05
1743526800000,1.07997,1.08046,1.0791,1.07928,3303.99
1743530400000,1.07928,1.07946,1.07851,1.07869,4111.29
1743534000000,1.07871,1.07907,1.07853,1.07896,3355.57
1743537600000,1.07895,1.08017,1.07884,1.07929,3411.7
1743541200000,1.07911,1.07944,1.0785,1.07932,1209.42
1743544800000,1.07931,1.08079,1.0792,1.07986,3573.99
1743548400000,1.07988,1.07994,1.0794,1.0794,1687.45
1743552000000,1.07947,1.0795,1.07887,1.07902,3103.47
1743555600000,1.07903,1.07948,1.07869,1.07946,3262.81
1743559200000,1.07953,1.08017,1.0794,1.07942,2613.37
1743562800000,1.07944,1.07997,1.07935,1.07955,2096.22
1743566400000,1.07955,1.07972,1.07923,1.07925,1524.12
1743570000000,1.07926,1.07926,1.0786,1.07894,2980.3
1743573600000,1.07895,1.07961,1.07874,1.07925,5799.31
1743577200000,1.07925,1.07946,1.078,1.07915,6790.48
1743580800000,1.07915,1.08017,1.07903,1.07974,6156.21
1743584400000,1.07974,1.08081,1.07957,1.08058,5989.88
1743588000000,1.0806,1.08065,1.07857,1.07946,7713.12
1743591600000,1.07946,1.08061,1.07909,1.08022,6608.26
1743595200000,1.08023,1.08195,1.07961,1.0819,7816.78
1743598800000,1.08189,1.08291,1.08147,1.08262,9546.52
1743602400000,1.08264,1.08614,1.08187,1.08582,14409.41
1743606000000,1.08583,1.0873,1.08508,1.08673,12211.5
1743609600000,1.08673,1.08675,1.08468,1.08519,9366.53
1743613200000,1.08519,1.08594,1.08498,1.08515,5294.68
1743616800000,1.08515,1.0859,1.08478,1.08538,4932.75
1743620400000,1.08538,1.08559,1.08467,1.08496,4498.18
1743624000000,1.08496,1.09242,1.08106,1.0849,21438.99
1743627600000,1.08299,1.08549,1.08105,1.08451,4953.45
1743631200000,1.08272,1.08391,1.08047,1.08384,10946.19
1743634800000,1.08386,1.09108,1.08373,1.09041,13613.88
1743638400000,1.09038,1.09072,1.08795,1.08905,13642.27
1743642000000,1.08906,1.0923,1.08863,1.09128,12909.49
1743645600000,1.09127,1.09244,1.09088,1.09122,10274.35
1743649200000,1.09122,1.09209,1.09074,1.09147,6959.28
1743652800000,1.09148,1.09162,1.09053,1.09066,5468.72
1743656400000,1.09065,1.09517,1.09063,1.09441,9265.55
1743660000000,1.09443,1.09898,1.09346,1.09892,17780.07
1743663600000,1.09895,1.099,1.09426,1.09705,17575.24
1743667200000,1.09704,1.10203,1.09702,1.1009,13277.61
1743670800000,1.10094,1.1047,1.10035,1.10305,15681.8
1743674400000,1.10307,1.11462,1.10277,1.10524,29532.96
1743678000000,1.10526,1.1101,1.10386,1.10875,15953.72
1743681600000,1.10876,1.11093,1.10727,1.10816,19471.87
1743685200000,1.10818,1.11349,1.10701,1.1081,23012.56
1743688800000,1.1086,1.11275,1.10797,1.11182,19993.39
1743692400000,1.11183,1.1119,1.10409,1.10504,17428.22
1743696000000,1.10508,1.10556,1.10326,1.10384,13305.12
1743699600000,1.10382,1.10393,1.10178,1.10243,10359.55
1743703200000,1.10242,1.10405,1.10196,1.10372,6158.37
1743706800000,1.1037,1.10372,1.10157,1.10273,6218.85
1743710400000,1.10272,1.10527,1.10219,1.1051,3322.35
1743714000000,1.10504,1.1051,1.10476,1.10491,1688.49
1743717600000,1.10509,1.10714,1.10486,1.10639,4017.36
1743721200000,1.10639,1.10645,1.10417,1.1045,4895.94
1743724800000,1.10448,1.1064,1.10364,1.10605,6762.1
1743728400000,1.10602,1.10731,1.1057,1.10676,7795.13
1743732000000,1.10771,1.10794,1.10604,1.10631,8343.11
1743735600000,1.10633,1.10984,1.10572,1.10933,10549.49
1743739200000,1.10932,1.10981,1.10818,1.10871,9553.57
1743742800000,1.10872,1.11076,1.10783,1.10838,11873.54
1743746400000,1.10838,1.10861,1.10497,1.10505,11883.75
1743750000000,1.10504,1.10669,1.09995,1.10039,17725.86
1743753600000,1.10039,1.10095,1.09749,1.09961,19419.08
1743757200000,1.09961,1.09973,1.09712,1.09842,16213.82
1743760800000,1.09841,1.10498,1.09642,1.10305,33456.5
1743764400000,1.10303,1.10797,1.10217,1.106,34346.84
1743768000000,1.10603,1.10898,1.10075,1.10194,38050.06
1743771600000,1.10194,1.10478,1.10051,1.10057,32225.66
1743775200000,1.10056,1.10145,1.09599,1.09859,31366.02
1743778800000,1.09861,1.10168,1.09663,1.10136,33829.66
1743782400000,1.10136,1.10196,1.09616,1.0971,21459.02
1743786000000,1.09715,1.09765,1.09242,1.09473,26179.48
1743789600000,1.0947,1.0967,1.0939,1.09443,16100.12
1743793200000,1.09442,1.09643,1.09272,1.0943,15281.65
1743796800000,1.0943,1.0966,1.09322,1.09573,7767.83
1743973200000,1.08894,1.09204,1.08792,1.09148,1067.96
1743976800000,1.09155,1.09943,1.09154,1.09821,9918.93
1743980400000,1.09822,1.10006,1.0981,1.09832,16788.22
1743984000000,1.09833,1.09837,1.09457,1.09665,16634.59
1743987600000,1.09623,1.09801,1.09541,1.09676,20278.95
1743991200000,1.09678,1.09678,1.09198,1.09342,12175.44
1743994800000,1.09348,1.09543,1.09297,1.09502,7642.8
1743998400000,1.09501,1.09873,1.09479,1.09847,5735.32
1744002000000,1.09847,1.10203,1.09777,1.1018,11927.46
1744005600000,1.1018,1.10229,1.09934,1.10027,22862.02
1744009200000,1.10026,1.10498,1.09977,1.10003,30845.19
1744012800000,1.10008,1.10216,1.09675,1.09917,25726.09
1744016400000,1.09916,1.09963,1.09498,1.09624,20975.98
1744020000000,1.09624,1.09906,1.09574,1.09587,17322.28
1744023600000,1.09587,1.09693,1.09349,1.09692,20229.02
1744027200000,1.09693,1.09912,1.0939,1.09735,23679.74
1744030800000,1.09737,1.09768,1.09372,1.09412,22571.56
1744034400000,1.09412,1.09823,1.09167,1.09219,49586.76
1744038000000,1.0922,1.09361,1.09007,1.09112,33219.43
1744041600000,1.09112,1.09325,1.09039,1.09318,18496.82
1744045200000,1.0932,1.09499,1.09291,1.09387,16291.57
1744048800000,1.09387,1.09524,1.09233,1.09334,13840.42
1744052400000,1.09334,1.09478,1.09135,1.09158,13264.18
1744056000000,1.0916,1.09195,1.09014,1.09054,4956.24
1744059600000,1.09017,1.09115,1.09013,1.09099,1255.5
1744063200000,1.09099,1.09203,1.09077,1.09166,4250.02
1744066800000,1.09164,1.09189,1.09074,1.09146,3035.17
1744070400000,1.09147,1.09499,1.09146,1.09397,9397.72
1744074000000,1.0947,1.09615,1.09375,1.09594,11994.07
1744077600000,1.09595,1.09802,1.09594,1.09709,9042.13
1744081200000,1.0971,1.09717,1.09607,1.09633,4667.11
1744084800000,1.09632,1.09794,1.09619,1.09758,5041.58
1744088400000,1.09756,1.09756,1.09538,1.09681,6071.11
1744092000000,1.09679,1.09916,1.09611,1.09765,13063.91
1744095600000,1.09769,1.09803,1.09211,1.09233,23665.92
1744099200000,1.09233,1.09486,1.09226,1.09362,15179.69
1744102800000,1.09362,1.0937,1.0911,1.09193,14103.54
1744106400000,1.09193,1.09391,1.09133,1.09273,13682.09
1744110000000,1.09271,1.09445,1.09245,1.09339,14908.54
1744113600000,1.09342,1.09684,1.09341,1.09483,14360.46
1744117200000,1.0948,1.09556,1.09267,1.09357,19032.08
1744120800000,1.09355,1.09357,1.08886,1.09099,22195.32
1744124400000,1.091,1.09194,1.08956,1.09113,16673.48
1744128000000,1.09115,1.09323,1.08984,1.09294,15545.92
1744131600000,1.09293,1.09485,1.09259,1.09335,19800.42
1744135200000,1.09335,1.09693,1.09294,1.0952,15837.56
1744138800000,1.09518,1.09778,1.09507,1.0954,13647.2
1744142400000,1.09539,1.09627,1.09388,1.09534,5044
1744146000000,1.09514,1.09571,1.09458,1.09564,1802.34
1744149600000,1.09565,1.09774,1.09546,1.09677,6089.06
1744153200000,1.09678,1.09849,1.09662,1.09773,7010.69
1744156800000,1.09771,1.10166,1.09709,1.10147,15290.63
1744160400000,1.10146,1.10397,1.10137,1.102,20413.46
1744164000000,1.102,1.10285,1.10093,1.10196,16690.23
1744167600000,1.10197,1.10355,1.10125,1.10193,13802.44
1744171200000,1.10192,1.10689,1.10186,1.10683,23229.65
1744174800000,1.10683,1.10683,1.10289,1.10614,20057.31
1744178400000,1.10615,1.10897,1.10425,1.10734,31157.78
1744182000000,1.10727,1.10795,1.10091,1.1015,31961.42
1744185600000,1.1015,1.10348,1.09976,1.10271,26043.68
1744189200000,1.10273,1.105,1.1009,1.10438,17096.18
1744192800000,1.10438,1.10577,1.10252,1.1033,18298.51
1744196400000,1.10329,1.10567,1.10213,1.1035,34113.47
1744200000000,1.10351,1.10948,1.10343,1.10753,27064.87
1744203600000,1.10753,1.10816,1.10326,1.10448,27784.98
1744207200000,1.10447,1.10512,1.10258,1.10404,19741.62
1744210800000,1.10404,1.10691,1.10365,1.10381,15923.29
1744214400000,1.10386,1.10423,1.10132,1.102,10402.23
1744218000000,1.10201,1.10632,1.09454,1.09762,45177.73
1744221600000,1.09763,1.09829,1.09132,1.09636,28832.81
1744225200000,1.09637,1.09765,1.09322,1.0934,21449.14
1744228800000,1.09346,1.0962,1.09285,1.09451,10422.07
1744232400000,1.09451,1.09539,1.09449,1.09503,1704.24
1744236000000,1.09515,1.09626,1.09466,1.09599,7218.25
1744239600000,1.09601,1.09607,1.09427,1.09507,5494.34
1744243200000,1.09504,1.09863,1.09499,1.0986,12859.82
1744246800000,1.09861,1.09875,1.09691,1.09716,10922.91
1744250400000,1.09715,1.09789,1.09612,1.09715,8648.88
1744254000000,1.09716,1.09891,1.09702,1.09814,7791.32
1744257600000,1.09813,1.09847,1.09773,1.09826,6023.14
1744261200000,1.09826,1.09954,1.09777,1.09856,6649.29
1744264800000,1.09851,1.09885,1.09624,1.09829,14660.79
1744268400000,1.0983,1.10306,1.09672,1.10261,22219.33
1744272000000,1.10264,1.10477,1.10159,1.10373,18336.65
1744275600000,1.10373,1.10596,1.10334,1.10591,13394.93
1744279200000,1.1059,1.10808,1.10547,1.10796,13001.77
1744282800000,1.10794,1.10883,1.10669,1.107,12943.08
1744286400000,1.107,1.11314,1.10677,1.10969,20827.54
1744290000000,1.10969,1.11342,1.10907,1.11267,17327.14
1744293600000,1.11268,1.11863,1.11243,1.11852,19464.41
1744297200000,1.11854,1.12287,1.11534,1.11901,26013.5
1744300800000,1.11907,1.121,1.11772,1.11965,23294.34
1744304400000,1.11964,1.12108,1.11741,1.12097,17970.8
1744308000000,1.12098,1.12414,1.1201,1.12153,14972.72
1744311600000,1.12153,1.12194,1.11584,1.12069,18490.92
1744315200000,1.1205,1.1205,1.11809,1.11969,7843.78
1744318800000,1.11976,1.11995,1.11888,1.11888,2413
1744322400000,1.11903,1.12346,1.11903,1.1234,8756.53
1744326000000,1.12346,1.12623,1.1213,1.12576,12545.16
1744329600000,1.12574,1.13852,1.1251,1.13098,26426.04
1744333200000,1.13099,1.13227,1.12759,1.13054,25147.3
1744336800000,1.13056,1.13227,1.12949,1.13022,18352.37
1744340400000,1.13021,1.13541,1.1302,1.13407,13610.67
1744344000000,1.13406,1.13408,1.13098,1.13221,10140.76
1744347600000,1.1322,1.13232,1.12707,1.12849,11889.43
1744351200000,1.12847,1.12902,1.12466,1.12868,16917.44
1744354800000,1.12864,1.13688,1.12839,1.13642,23441.56
1744358400000,1.13639,1.14736,1.13488,1.14269,35223.51
1744362000000,1.1427,1.1427,1.13847,1.13853,24283.86
1744365600000,1.13856,1.13856,1.13199,1.13365,25663.06
1744369200000,1.13364,1.13711,1.13231,1.13289,19657.1
1744372800000,1.13285,1.13988,1.13244,1.13952,27058.25
1744376400000,1.13951,1.14121,1.1324,1.13604,35005.11
1744380000000,1.13607,1.13816,1.13269,1.13401,41085.81
1744383600000,1.13401,1.13497,1.13124,1.13247,23017.05
1744387200000,1.13247,1.13267,1.12763,1.13056,22837.63
1744390800000,1.13056,1.13267,1.1282,1.12851,16350.98
1744394400000,1.12851,1.13211,1.12841,1.13123,14166.96
1744398000000,1.13124,1.13435,1.1309,1.13415,9209.65
1744401600000,1.13415,1.13617,1.13365,1.13554,7334.02
1744578000000,1.13108,1.13225,1.13108,1.13178,426.94
1744581600000,1.13177,1.13546,1.13174,1.13338,13478.76
1744585200000,1.13339,1.13489,1.13236,1.1342,8082.35
1744588800000,1.13419,1.13705,1.13407,1.13653,11945.48
1744592400000,1.13654,1.14087,1.13642,1.13853,15092.65
1744596000000,1.13852,1.1401,1.13708,1.13719,11848.32
1744599600000,1.1372,1.13835,1.13575,1.13714,8390.33
1744603200000,1.13721,1.13851,1.13654,1.13675,6260.39
1744606800000,1.1368,1.13878,1.13526,1.1385,7315.63
1744610400000,1.13854,1.14236,1.13763,1.14165,15434.01
1744614000000,1.14166,1.14244,1.13832,1.13897,17464.55
1744617600000,1.13899,1.14094,1.13787,1.13873,15250.13
1744621200000,1.13873,1.14075,1.13864,1.13866,13042.55
1744624800000,1.13865,1.13921,1.13714,1.13871,10716.62
1744628400000,1.13871,1.14057,1.13722,1.13837,8208.31
1744632000000,1.13837,1.13885,1.13343,1.13387,16524.69
1744635600000,1.13386,1.13412,1.12956,1.1327,20990.86
1744639200000,1.13268,1.1368,1.13198,1.13674,15688.97
1744642800000,1.13673,1.13816,1.13526,1.1357,15556.01
1744646400000,1.1357,1.13704,1.13299,1.13304,14633.19
1744650000000,1.13307,1.13476,1.13282,1.13382,9975.17
1744653600000,1.13382,1.13568,1.13375,1.13542,6408.03
1744657200000,1.1354,1.13695,1.13497,1.13546,5713.91
1744660800000,1.13545,1.13581,1.13431,1.13496,3219.46
1744664400000,1.13495,1.13545,1.13423,1.13522,1349.98
1744668000000,1.13528,1.1361,1.1345,1.13534,3518.92
1744671600000,1.13533,1.1354,1.13333,1.1336,3172.15
1744675200000,1.1336,1.13387,1.1317,1.13284,7889.67
1744678800000,1.13284,1.1335,1.13157,1.13241,5607.89
1744682400000,1.1324,1.13522,1.1324,1.13493,6937.89
1744686000000,1.13492,1.13528,1.13431,1.13474,5001.09
1744689600000,1.1347,1.1363,1.13447,1.13565,5050.24
1744693200000,1.13564,1.13677,1.13487,1.13504,5600.73
1744696800000,1.13508,1.13643,1.13277,1.13318,16682.93
1744700400000,1.1332,1.13597,1.13203,1.13571,17523.52
1744704000000,1.13569,1.13789,1.13434,1.13465,15132.93
1744707600000,1.13461,1.13558,1.13328,1.13386,14401.27
1744711200000,1.13384,1.1349,1.1332,1.13441,10389.53
1744714800000,1.1344,1.13441,1.13139,1.13263,11202.11
1744718400000,1.13265,1.13413,1.13085,1.13125,14549.27
1744722000000,1.13124,1.13284,1.13051,1.13174,13750.28
1744725600000,1.13173,1.13293,1.12853,1.13288,22334.59
1744729200000,1.13288,1.13289,1.12821,1.12885,13576.12
1744732800000,1.12888,1.12918,1.12639,1.12742,9144.72
1744736400000,1.12743,1.12828,1.12667,1.12725,9046.34
1744740000000,1.12726,1.12765,1.12662,1.12733,8366.31
1744743600000,1.12732,1.12873,1.12714,1.12822,4317.42
1744747200000,1.12826,1.12895,1.12793,1.12814,2259.79
1744750800000,1.12814,1.12851,1.1279,1.12804,958.56
1744754400000,1.12808,1.1299,1.12803,1.12953,4360.13
1744758000000,1.12954,1.12983,1.12831,1.12932,4804.53
1744761600000,1.1293,1.13215,1.12925,1.1317,10505.29
1744765200000,1.13171,1.13304,1.13161,1.13233,10978.36
1744768800000,1.13237,1.13317,1.13176,1.13275,10495.32
1744772400000,1.13281,1.13433,1.13243,1.1343,6828.87
1744776000000,1.13431,1.13477,1.13326,1.13459,6448.19
1744779600000,1.13459,1.13853,1.13409,1.13804,10048.46
1744783200000,1.13804,1.13827,1.13603,1.13605,12632.02
1744786800000,1.13605,1.1392,1.13591,1.13868,13281.62
1744790400000,1.1387,1.1388,1.13379,1.13694,23042.8
1744794000000,1.13695,1.13775,1.13556,1.13598,16829.34
1744797600000,1.13598,1.13741,1.13521,1.13579,10691.1
1744801200000,1.13575,1.13737,1.13547,1.13631,8399.1
1744804800000,1.13632,1.13653,1.13403,1.13513,13783.59
1744808400000,1.13515,1.13737,1.13496,1.13664,14958.14
1744812000000,1.13671,1.13841,1.13539,1.13837,14961.23
1744815600000,1.13837,1.13865,1.1357,1.13813,15547.89
1744819200000,1.13815,1.13868,1.137,1.13748,9316.02
1744822800000,1.13747,1.13898,1.1359,1.1375,11490.72
1744826400000,1.13749,1.13882,1.13648,1.13863,9199.29
1744830000000,1.13861,1.14127,1.13846,1.13864,8816.55
1744833600000,1.13864,1.13993,1.13816,1.13985,5225.51
1744837200000,1.13978,1.14001,1.13908,1.13951,4307.46
1744840800000,1.13953,1.13998,1.13946,1.13991,2741.13
1744844400000,1.13991,1.1409,1.13938,1.13953,3599.67
1744848000000,1.13955,1.13967,1.13648,1.1368,9306.07
1744851600000,1.13677,1.1369,1.13551,1.13652,9326.47
1744855200000,1.13654,1.13815,1.13648,1.1378,5147.03
1744858800000,1.13781,1.13806,1.13637,1.1364,3348.57
1744862400000,1.13639,1.13698,1.13601,1.1362,3016.17
1744866000000,1.13619,1.1371,1.1344,1.13521,5337.73
1744869600000,1.1352,1.13708,1.13433,1.13586,7889.56
1744873200000,1.13587,1.13788,1.13528,1.13766,9941.17
1744876800000,1.13769,1.13884,1.1368,1.13785,8108.65
1744880400000,1.13784,1.13807,1.13699,1.13724,6873.91
1744884000000,1.13725,1.13766,1.13573,1.13595,8724.34
1744887600000,1.13598,1.13699,1.13556,1.13564,6822.34
1744891200000,1.13562,1.13675,1.13349,1.13562,20656.1
1744894800000,1.13565,1.13775,1.13509,1.1361,18513.41
1744898400000,1.13612,1.13855,1.13383,1.13494,14874.63
1744902000000,1.13493,1.13765,1.13477,1.13631,10254
1744905600000,1.13633,1.1371,1.13399,1.13506,14215.15
1744909200000,1.13505,1.13535,1.13408,1.13509,7240.71
1744912800000,1.13514,1.13751,1.1343,1.13733,6238.66
1744916400000,1.13732,1.1376,1.13682,1.13731,5283.78
1744920000000,1.13731,1.13765,1.13617,1.13639,3945.15
1744923600000,1.13615,1.13694,1.1358,1.1367,1868.94
1744927200000,1.13671,1.1371,1.13648,1.13665,7055.86
1744930800000,1.13665,1.13741,1.13662,1.13715,8037.79
1744934400000,1.13717,1.13853,1.13637,1.13741,14405.06
1744938000000,1.13738,1.13765,1.13674,1.13709,18707.24
1744941600000,1.13709,1.13781,1.13694,1.13724,15225.86
1744945200000,1.13724,1.13756,1.13693,1.13733,15005.37
1744948800000,1.13731,1.13737,1.13688,1.13692,13398.72
1744952400000,1.13691,1.1374,1.13647,1.13704,13899.83
1744956000000,1.13703,1.13763,1.13614,1.13615,23597.8
1744959600000,1.13615,1.13756,1.13578,1.13694,27544.5721
1744963200000,1.13693,1.13715,1.13668,1.13707,29592.3
1744966800000,1.13707,1.13729,1.13673,1.13688,38239.6
1744970400000,1.13688,1.13748,1.13683,1.13741,23388
1744974000000,1.13741,1.13826,1.13715,1.13807,40247.83
1744977600000,1.13807,1.13865,1.13801,1.13823,17486.06
1744981200000,1.13822,1.13825,1.13769,1.13787,21577.46
1744984800000,1.13791,1.13972,1.13783,1.1396,25323.89
1744988400000,1.1396,1.13963,1.13873,1.13916,23821.35
1744992000000,1.13914,1.13945,1.13868,1.13939,22900.27
1744995600000,1.1394,1.13944,1.139,1.1392,12625.44
1744999200000,1.13918,1.1395,1.13903,1.13939,5933.56
1745002800000,1.13936,1.13965,1.13929,1.13935,2860
1745006400000,1.13932,1.1394,1.13898,1.13901,2750.87
1745182800000,1.13946,1.14245,1.13941,1.14245,1185.92
1745186400000,1.14072,1.14381,1.13925,1.14323,10296.23
1745190000000,1.14326,1.14582,1.14324,1.14488,10632.71
1745193600000,1.14491,1.14859,1.14488,1.1466,15586.24
1745197200000,1.14661,1.14786,1.14648,1.14766,7929.79
1745200800000,1.14763,1.15319,1.14718,1.15045,12136.05
1745204400000,1.15043,1.15248,1.15043,1.15148,5621.93
1745208000000,1.15149,1.15173,1.14987,1.15171,6613.35
1745211600000,1.15169,1.15344,1.15146,1.15312,7671.44
1745215200000,1.15309,1.15342,1.15044,1.15155,7740.11
1745218800000,1.15154,1.15672,1.15093,1.15552,12101.7
1745222400000,1.15552,1.15643,1.15374,1.15578,14129.61
1745226000000,1.15578,1.15729,1.15448,1.1547,11860.77
1745229600000,1.15468,1.15482,1.15212,1.15233,8100.62
1745233200000,1.15233,1.15474,1.15129,1.15428,8604.48
1745236800000,1.15427,1.15498,1.15211,1.15424,11113.19
1745240400000,1.15421,1.15427,1.15012,1.15189,13692.65
1745244000000,1.15188,1.15246,1.14896,1.14975,13978.06
1745247600000,1.14977,1.15077,1.14815,1.15069,10652.44
1745251200000,1.1507,1.15131,1.15001,1.15092,6806.12
1745254800000,1.15092,1.15144,1.14934,1.15137,6090.3
1745258400000,1.15136,1.15252,1.15118,1.1522,4975.28
1745262000000,1.1522,1.15267,1.15124,1.15126,5127.63
1745265600000,1.15129,1.15159,1.15046,1.15128,3218.23
1745269200000,1.15129,1.1514,1.15043,1.1509,1780.2
1745272800000,1.15096,1.15249,1.15062,1.15228,2540.85
1745276400000,1.15233,1.15235,1.15074,1.15137,3024.32
1745280000000,1.15139,1.1514,1.14818,1.14902,8413.91
1745283600000,1.14904,1.14982,1.14855,1.14944,10555.16
1745287200000,1.14945,1.15203,1.14937,1.15203,6748.29
1745290800000,1.15203,1.15406,1.15189,1.15346,11634.25
1745294400000,1.15348,1.15399,1.1527,1.153,7212.07
1745298000000,1.15298,1.1547,1.15181,1.15422,13261.87
1745301600000,1.15422,1.15456,1.14959,1.15006,24298.11
1745305200000,1.15007,1.1509,1.14831,1.15053,22123.82
1745308800000,1.15054,1.15151,1.14944,1.14995,14821.51
1745312400000,1.14995,1.15075,1.14876,1.14903,10005.71
1745316000000,1.14904,1.15003,1.14879,1.14883,7553.84
1745319600000,1.14882,1.15006,1.14837,1.14856,7532.76
1745323200000,1.14856,1.14901,1.14613,1.147,12868.46
1745326800000,1.147,1.1485,1.14558,1.14741,11793.8
1745330400000,1.14741,1.1492,1.1461,1.1478,12822.75
1745334000000,1.14779,1.14855,1.14635,1.14647,11941.2
1745337600000,1.14652,1.14686,1.1433,1.14338,14381.13
1745341200000,1.14338,1.14539,1.14306,1.14502,12002.23
1745344800000,1.14501,1.14501,1.14226,1.14268,5826.69
1745348400000,1.14269,1.14339,1.14196,1.14208,5742.53
1745352000000,1.14209,1.14298,1.14172,1.14195,2930.96
1745355600000,1.13625,1.14263,1.13618,1.14196,4955.35
1745359200000,1.13664,1.13698,1.13077,1.13368,18454.86
1745362800000,1.13372,1.13623,1.1329,1.13504,13156.71
1745366400000,1.13502,1.13979,1.1349,1.13971,14753.43
1745370000000,1.13974,1.14152,1.13841,1.1407,11350.97
1745373600000,1.14068,1.14107,1.13901,1.14045,7726.46
1745377200000,1.14044,1.14049,1.1373,1.13789,8201.18
1745380800000,1.13788,1.13916,1.13705,1.13899,5317.52
1745384400000,1.139,1.13996,1.13709,1.13764,7110.95
1745388000000,1.13765,1.13962,1.13746,1.13848,13249.68
1745391600000,1.13849,1.14087,1.13784,1.13853,14923.49
1745395200000,1.13853,1.14151,1.13796,1.14128,10077.81
1745398800000,1.14126,1.14399,1.14126,1.14179,10926.39
1745402400000,1.14178,1.14193,1.139,1.14018,8598.11
1745406000000,1.14018,1.14159,1.1386,1.14107,8701.28
1745409600000,1.14106,1.14195,1.14018,1.14053,8944.44
1745413200000,1.14051,1.14122,1.13329,1.13336,22412.07
1745416800000,1.13336,1.13815,1.13277,1.1353,26373.05
1745420400000,1.13532,1.13831,1.13437,1.13487,21284.17
1745424000000,1.13489,1.13656,1.13365,1.13397,12370.65
1745427600000,1.13397,1.13438,1.13247,1.13295,8132.7
1745431200000,1.13294,1.13299,1.13151,1.13236,7695.71
1745434800000,1.13233,1.1332,1.13179,1.13273,6037.04
1745438400000,1.13273,1.13283,1.13102,1.13123,3896.49
1745442000000,1.13122,1.13213,1.13109,1.13186,1162.89
1745445600000,1.13184,1.13468,1.13183,1.13319,4616.65
1745449200000,1.13318,1.13384,1.13259,1.13292,3815.05
1745452800000,1.13293,1.13464,1.13212,1.13436,5982.37
1745456400000,1.13434,1.13574,1.13397,1.13494,9058.43
1745460000000,1.13496,1.13571,1.13461,1.1355,5993.78
1745463600000,1.13551,1.13558,1.13361,1.13379,4134.65
1745467200000,1.1338,1.13421,1.13321,1.13389,3599.82
1745470800000,1.13391,1.13455,1.13304,1.13362,5692.9
1745474400000,1.13361,1.13541,1.13356,1.1352,7058.96
1745478000000,1.1352,1.13803,1.13515,1.13794,9165.36
1745481600000,1.13797,1.13928,1.1363,1.13804,10761.13
1745485200000,1.13802,1.13911,1.13749,1.13843,6755.86
1745488800000,1.13843,1.13944,1.13759,1.13791,8190.92
1745492400000,1.1379,1.13902,1.13683,1.13727,7483.6
1745496000000,1.13726,1.13784,1.13577,1.13764,10336.59
1745499600000,1.13765,1.13838,1.13632,1.13757,10288.1
1745503200000,1.13756,1.13874,1.13628,1.13726,13346.02
1745506800000,1.13725,1.13757,1.13475,1.13606,12247.25
1745510400000,1.13609,1.13805,1.13576,1.13797,7813.32
1745514000000,1.13798,1.13855,1.13674,1.13692,5274.48
1745517600000,1.13693,1.13791,1.13636,1.13777,4761.49
1745521200000,1.13778,1.13973,1.13774,1.13845,4591.33
1745524800000,1.13845,1.13975,1.13818,1.13854,2800.8
1745528400000,1.13854,1.13924,1.13813,1.13859,3627.14
1745532000000,1.13869,1.13911,1.13829,1.1386,2040.66
1745535600000,1.13865,1.13879,1.13703,1.13725,2085.09
1745539200000,1.13725,1.13725,1.13467,1.13471,6285.11
1745542800000,1.13472,1.13548,1.13424,1.13435,10353.09
1745546400000,1.13438,1.13515,1.1341,1.13479,6930.85
1745550000000,1.13478,1.13593,1.13249,1.13258,10300.12
1745553600000,1.1326,1.13359,1.13155,1.13348,9009.94
1745557200000,1.13348,1.13415,1.13251,1.13311,9545.01
1745560800000,1.13311,1.13573,1.13214,1.13416,13421.9
1745564400000,1.13416,1.1368,1.13416,1.13597,10785.18
1745568000000,1.13597,1.13643,1.13397,1.13503,7285.26
1745571600000,1.13502,1.13607,1.13447,1.13459,7376.9
1745575200000,1.13467,1.13593,1.13339,1.13558,11084.02
1745578800000,1.13559,1.13665,1.13457,1.13492,6058.25
1745582400000,1.13492,1.13602,1.13491,1.13522,6210.03
1745586000000,1.13525,1.13552,1.13327,1.13529,10564.26
1745589600000,1.13532,1.13805,1.13523,1.13683,12458.07
1745593200000,1.13684,1.13821,1.13577,1.138,6735.78
1745596800000,1.13799,1.13885,1.1368,1.13687,4715.78
1745600400000,1.13685,1.13824,1.13647,1.13765,5092.58
1745604000000,1.13764,1.13807,1.1369,1.13794,3854.03
1745607600000,1.13794,1.13809,1.13585,1.13592,4166.33
1745611200000,1.13592,1.13641,1.13568,1.13628,2936.29
1745787600000,1.13636,1.13636,1.13575,1.13583,175.97
1745791200000,1.13597,1.13644,1.13398,1.13498,3766.63
1745794800000,1.13498,1.13549,1.1341,1.13448,2671.7
1745798400000,1.13449,1.13644,1.13445,1.13638,4133.59
1745802000000,1.13635,1.13664,1.13495,1.1351,4497.19
1745805600000,1.13511,1.1357,1.13432,1.13532,4021.1
1745809200000,1.13531,1.13602,1.13512,1.13561,2080.2
1745812800000,1.13556,1.13724,1.13523,1.13719,3461.05
1745816400000,1.13719,1.13805,1.13714,1.13742,4769.17
1745820000000,1.13741,1.13742,1.13292,1.13315,9329.42
1745823600000,1.13314,1.13617,1.13307,1.13483,8780.69
1745827200000,1.13481,1.13515,1.13352,1.13438,6052.35
1745830800000,1.13435,1.13587,1.1342,1.13497,5868.32
1745834400000,1.13497,1.13602,1.13458,1.13504,4413.55
1745838000000,1.13505,1.13559,1.13407,1.13513,4522.08
1745841600000,1.13517,1.13727,1.13501,1.13509,7416.67
1745845200000,1.13511,1.13741,1.13393,1.13648,10601.63
1745848800000,1.13648,1.14137,1.13572,1.13784,14906.01
1745852400000,1.13784,1.13922,1.13708,1.13862,9601.38
1745856000000,1.13859,1.14221,1.13849,1.14114,7590.67
1745859600000,1.14116,1.14192,1.14002,1.14009,6585.61
1745863200000,1.14009,1.14138,1.14001,1.14132,4259.03
1745866800000,1.14134,1.14248,1.14128,1.14216,3101.71
1745870400000,1.14219,1.14246,1.14179,1.14179,2499.85
1745874000000,1.14179,1.14212,1.14169,1.14198,667.53
1745877600000,1.14202,1.14218,1.14117,1.14124,2308.38
1745881200000,1.14128,1.14217,1.14006,1.14075,2668.61
1745884800000,1.14076,1.1416,1.13992,1.13996,4327.6
1745888400000,1.13996,1.14085,1.13872,1.13922,5949.95
1745892000000,1.13922,1.14199,1.13919,1.1398,6039.66
1745895600000,1.13982,1.13998,1.13863,1.13903,4539.29
1745899200000,1.13904,1.13936,1.13738,1.13778,3700.84
1745902800000,1.13779,1.13881,1.13758,1.13866,4875.25
1745906400000,1.13866,1.13992,1.13829,1.13893,6952.81
1745910000000,1.13899,1.1412,1.13873,1.14035,8962.59
1745913600000,1.14036,1.14081,1.13814,1.13852,8429.03
1745917200000,1.13851,1.13973,1.13802,1.13802,5670.99
1745920800000,1.13804,1.13851,1.13729,1.13776,6142.07
1745924400000,1.13777,1.13868,1.13709,1.13744,7373.76
1745928000000,1.13743,1.14144,1.137,1.14104,10808.48
1745931600000,1.14103,1.14169,1.13899,1.1401,12406.57
1745935200000,1.13976,1.14173,1.13787,1.13827,16609.51
1745938800000,1.13829,1.14043,1.13821,1.13958,9302.81
1745942400000,1.1396,1.14186,1.13951,1.1403,8605.45
1745946000000,1.14031,1.14044,1.13835,1.13858,5039.28
1745949600000,1.13856,1.13931,1.13758,1.13822,3956.34
1745953200000,1.1382,1.13882,1.13759,1.13814,3634.57
1745956800000,1.13813,1.13917,1.13804,1.13855,2389.57
1745960400000,1.13835,1.13895,1.13783,1.13846,1900.73
1745964000000,1.13832,1.13955,1.13832,1.13914,2050.22
1745967600000,1.13921,1.13931,1.13856,1.13902,1602.52
1745971200000,1.13904,1.13951,1.13766,1.13823,4988.98
1745974800000,1.13824,1.13863,1.13568,1.13584,5276.11
1745978400000,1.13583,1.13722,1.13547,1.13702,6655.75
1745982000000,1.13704,1.13796,1.13665,1.13685,5432.65
1745985600000,1.13685,1.13779,1.13662,1.13729,5032.19
1745989200000,1.13729,1.13842,1.13714,1.13824,3395.44
1745992800000,1.13825,1.13994,1.13657,1.13898,8556.37
1745996400000,1.13897,1.13903,1.13733,1.13773,8156.97
1746000000000,1.13779,1.1385,1.13622,1.13708,9549.91
1746003600000,1.13709,1.13792,1.13599,1.13622,6520.73
1746007200000,1.13623,1.13696,1.13607,1.13618,6359.9
1746010800000,1.13617,1.13804,1.13558,1.1373,7404.08
1746014400000,1.1373,1.13884,1.13647,1.13734,13448.27
1746018000000,1.13734,1.13776,1.1361,1.13687,12730.73
1746021600000,1.13686,1.13789,1.13497,1.13668,17542.99
1746025200000,1.13668,1.13749,1.1323,1.13479,16228.17
1746028800000,1.13482,1.13589,1.13449,1.13551,7017.47
1746032400000,1.13552,1.13646,1.13449,1.13455,4899.02
1746036000000,1.13455,1.13582,1.13429,1.13487,5861.1
1746039600000,1.13486,1.13533,1.13281,1.13298,4243.34
1746043200000,1.13295,1.13311,1.1317,1.13274,4955.88
1746046800000,1.13272,1.1331,1.13234,1.13271,1105.82
1746050400000,1.13255,1.13295,1.13218,1.13252,2928.21
1746054000000,1.13254,1.13262,1.13186,1.13219,1771.29
1746057600000,1.13221,1.13291,1.13205,1.13217,2661.69
1746061200000,1.13215,1.13221,1.13027,1.13079,5473.03
1746064800000,1.1308,1.13158,1.13056,1.1315,2925.14
1746068400000,1.1315,1.13184,1.12997,1.13118,6244.71
1746072000000,1.13119,1.1314,1.13023,1.13026,4568.75
1746075600000,1.13025,1.13063,1.12878,1.12998,6149.89
1746079200000,1.12997,1.13124,1.12979,1.13023,6891.22
1746082800000,1.13022,1.13105,1.12874,1.13099,6891.86
1746086400000,1.13098,1.13309,1.13097,1.13196,5601.76
1746090000000,1.13195,1.13248,1.13133,1.13141,4835.41
1746093600000,1.13141,1.1334,1.13117,1.1332,5618.19
1746097200000,1.13321,1.13409,1.13162,1.13199,6065.94
1746100800000,1.13199,1.13388,1.13078,1.1315,10194.5
1746104400000,1.13151,1.13274,1.13109,1.13209,8737.72
1746108000000,1.1319,1.13204,1.12702,1.12815,15802.14
1746111600000,1.12815,1.129,1.12657,1.12789,10070.26
1746115200000,1.12788,1.1292,1.12727,1.12906,9094.6
1746118800000,1.12906,1.12912,1.12795,1.12828,3794.67
1746122400000,1.12828,1.12933,1.12748,1.12853,4641.99
1746126000000,1.12853,1.12921,1.12809,1.12883,4481.5
1746129600000,1.12882,1.12936,1.12845,1.12878,2832.13
1746133200000,1.12854,1.12889,1.12839,1.12871,930.79
1746136800000,1.12858,1.12988,1.12858,1.12946,1868.04
1746140400000,1.12948,1.12974,1.12908,1.12955,2734.49
1746144000000,1.12955,1.12992,1.1274,1.12818,5395.17
1746147600000,1.1282,1.12954,1.12783,1.12953,8250.09
1746151200000,1.12955,1.13033,1.12927,1.12939,6492.42
1746154800000,1.12938,1.13153,1.12938,1.13126,4032.18
1746158400000,1.13127,1.13138,1.13009,1.1304,5699.39
1746162000000,1.13041,1.13138,1.13021,1.13075,4795.95
1746165600000,1.13076,1.1329,1.13057,1.13257,7613.29
1746169200000,1.13257,1.13379,1.13175,1.13279,9246.78
1746172800000,1.13278,1.13346,1.13159,1.13319,8350.29
1746176400000,1.13319,1.1355,1.13253,1.13503,9748.91
1746180000000,1.13503,1.13517,1.13274,1.13309,6093.3
1746183600000,1.13307,1.13503,1.13239,1.13462,8530.25
1746187200000,1.13464,1.13472,1.1304,1.13185,21648.47
1746190800000,1.13184,1.13797,1.13144,1.13724,19912.04
1746194400000,1.13726,1.13808,1.13574,1.13682,15722.56
1746198000000,1.13683,1.13683,1.13203,1.13287,11684.33
1746201600000,1.13291,1.13389,1.1317,1.13197,12078.03
1746205200000,1.13197,1.132,1.12981,1.13038,8257.19
1746208800000,1.13039,1.13084,1.12922,1.12995,6063.61
1746212400000,1.12994,1.13087,1.12994,1.13043,4867.63
1746216000000,1.13042,1.1305,1.12934,1.12946,2391.17
1746392400000,1.12987,1.13069,1.12905,1.1298,478.33
1746396000000,1.1298,1.13145,1.12974,1.13054,4021.26
1746399600000,1.13058,1.13278,1.13017,1.1321,4333.66
1746403200000,1.13212,1.13237,1.1314,1.13222,5727.03
1746406800000,1.13221,1.13398,1.13221,1.13348,9335.58
1746410400000,1.13348,1.13466,1.13314,1.1342,6391.44
1746414000000,1.13422,1.13424,1.13281,1.13321,5078.86
1746417600000,1.13321,1.1339,1.13284,1.13371,3864.44
1746421200000,1.13371,1.13473,1.13299,1.13333,8179.97
1746424800000,1.13329,1.13369,1.13178,1.1326,11006.98
1746428400000,1.13259,1.13308,1.1313,1.13131,10386.88
1746432000000,1.13127,1.13327,1.13111,1.13257,11751.3
1746435600000,1.13262,1.13438,1.13261,1.13409,11335.44
1746439200000,1.13409,1.13453,1.13327,1.13444,8101.98
1746442800000,1.13441,1.13574,1.13399,1.13423,8383.07
1746446400000,1.13422,1.13631,1.13399,1.13597,10769.34
1746450000000,1.13596,1.13646,1.13519,1.13533,8866.04
1746453600000,1.13531,1.13531,1.13304,1.13382,14361.21
1746457200000,1.13382,1.13409,1.13123,1.13141,9595.36
1746460800000,1.13141,1.13141,1.1299,1.1302,10594.11
1746464400000,1.1302,1.1311,1.12973,1.12997,6206.67
1746468000000,1.12995,1.13153,1.12969,1.13129,5946.76
1746471600000,1.13129,1.13208,1.13105,1.13146,4110.7
1746475200000,1.13147,1.132,1.13116,1.1313,2074.7
1746478800000,1.13136,1.13167,1.13122,1.13124,1022.4
1746482400000,1.13144,1.13194,1.13129,1.13141,1550.07
1746486000000,1.13142,1.13161,1.13097,1.1312,1039.19
1746489600000,1.13121,1.13121,1.12806,1.12858,6931.94
1746493200000,1.12858,1.12964,1.12797,1.12933,10181.05
1746496800000,1.12933,1.13136,1.12927,1.1307,7693.71
1746500400000,1.13071,1.13172,1.13032,1.13149,6305
1746504000000,1.13148,1.13271,1.13145,1.13242,4351.15
1746507600000,1.13239,1.13253,1.13133,1.13181,4780.7
1746511200000,1.13181,1.13352,1.13137,1.13259,8934.43
1746514800000,1.13259,1.13477,1.1322,1.13387,12359.99
1746518400000,1.13387,1.13494,1.13223,1.13272,9495.92
1746522000000,1.1327,1.13296,1.13051,1.13116,7921.31
1746525600000,1.13114,1.13272,1.13093,1.13256,6973.89
1746529200000,1.13255,1.13348,1.13222,1.1327,6716.55
1746532800000,1.13273,1.13436,1.13167,1.13402,7776.94
1746536400000,1.13402,1.13574,1.13261,1.1353,10247.78
1746540000000,1.13531,1.13694,1.13407,1.1341,13569.28
1746543600000,1.1341,1.13497,1.13353,1.13433,7137.21
1746547200000,1.13434,1.13555,1.13306,1.13486,6601.68
1746550800000,1.13487,1.13702,1.13487,1.13642,6108.62
1746554400000,1.13642,1.13721,1.13546,1.13713,3962.45
1746558000000,1.13712,1.13808,1.13666,1.13724,3713.3
1746561600000,1.13724,1.13794,1.13654,1.1367,3668.28
1746565200000,1.13713,1.1372,1.13633,1.13659,694.62
1746568800000,1.13717,1.13737,1.13258,1.13423,12462.29
1746572400000,1.13423,1.13453,1.1333,1.13397,6989.7
1746576000000,1.13396,1.13512,1.13248,1.13407,11238.61
1746579600000,1.13406,1.13514,1.13263,1.13444,12883.17
1746583200000,1.13446,1.13493,1.13354,1.13406,9513.17
1746586800000,1.13409,1.13472,1.13363,1.13455,4332.02
1746590400000,1.13456,1.13513,1.13427,1.13434,3990.39
1746594000000,1.13434,1.13669,1.13428,1.1365,6743.62
1746597600000,1.13651,1.1378,1.13594,1.13737,7624.49
1746601200000,1.13737,1.13737,1.13548,1.1362,8085.97
1746604800000,1.13621,1.13737,1.1354,1.13578,7441.77
1746608400000,1.13579,1.13617,1.13469,1.13567,7363.78
1746612000000,1.13565,1.13667,1.13559,1.13655,4997.37
1746615600000,1.13658,1.13727,1.13559,1.13572,5501.44
1746619200000,1.13573,1.13664,1.13556,1.1359,6595.87
1746622800000,1.13589,1.13681,1.13527,1.13666,9065.04
1746626400000,1.13666,1.13708,1.13542,1.13671,9709.5
1746630000000,1.13668,1.13695,1.13413,1.13468,9981.5
1746633600000,1.1347,1.1354,1.13368,1.13487,6826.11
1746637200000,1.13488,1.13494,1.13347,1.13407,6616.52
1746640800000,1.13407,1.1365,1.132,1.13336,20822.48
1746644400000,1.13338,1.13344,1.13005,1.13065,14341.55
1746648000000,1.13067,1.13081,1.12917,1.12998,3882.63
1746651600000,1.12999,1.13141,1.12998,1.13114,1166.57
1746655200000,1.13113,1.13116,1.12995,1.13008,4482.07
1746658800000,1.1301,1.131,1.1301,1.13027,1929.32
1746662400000,1.13032,1.13223,1.13019,1.13099,4617
1746666000000,1.131,1.13326,1.13078,1.13315,10453.31
1746669600000,1.13315,1.13352,1.13222,1.13225,6872.75
1746673200000,1.13227,1.13361,1.13223,1.1327,4884.76
1746676800000,1.13271,1.13308,1.13177,1.13178,3632.87
1746680400000,1.13178,1.13181,1.12967,1.13035,7352.45
1746684000000,1.13033,1.13074,1.12766,1.12821,13931.84
1746687600000,1.12823,1.12975,1.12701,1.12971,12316.81
1746691200000,1.12971,1.13029,1.12832,1.12877,8205.77
1746694800000,1.12876,1.12979,1.12828,1.12846,6994.52
1746698400000,1.12845,1.12994,1.1275,1.1287,6744.51
1746702000000,1.12871,1.13048,1.1285,1.12957,7756.67
1746705600000,1.12957,1.13202,1.12927,1.12995,10469.52
1746709200000,1.12997,1.13115,1.12949,1.13062,11321.7
1746712800000,1.13062,1.13162,1.12758,1.1278,11668.22
1746716400000,1.12783,1.12895,1.12343,1.12477,23722.42
1746720000000,1.12477,1.12495,1.12202,1.12259,14688.63
1746723600000,1.12258,1.12295,1.12123,1.12265,10289.5
1746727200000,1.12265,1.12305,1.12194,1.12245,5300.3
1746730800000,1.12243,1.12282,1.12118,1.12259,6273.92
1746734400000,1.12258,1.12297,1.12197,1.12254,2960.17
1746738000000,1.12254,1.12271,1.12206,1.12261,805.74
1746741600000,1.12261,1.12328,1.12254,1.12315,1887.51
1746745200000,1.12317,1.1232,1.12219,1.12267,2577.02
1746748800000,1.12268,1.12332,1.12128,1.12267,5284.92
1746752400000,1.12266,1.1229,1.12106,1.1212,7079.85
1746756000000,1.12118,1.1219,1.11964,1.1218,9655.01
1746759600000,1.1218,1.12275,1.12179,1.12223,8589
1746763200000,1.12226,1.12296,1.12226,1.12277,5815.83
1746766800000,1.12276,1.12364,1.1218,1.12357,6469.25
1746770400000,1.12356,1.12474,1.1232,1.124,6627.39
1746774000000,1.12399,1.12581,1.12368,1.12515,8716.05
1746777600000,1.12511,1.1259,1.1242,1.12563,6948.03
1746781200000,1.12561,1.12596,1.12448,1.12459,7228.53
1746784800000,1.12461,1.12511,1.12421,1.12454,6505.16
1746788400000,1.12452,1.12605,1.12435,1.12542,10815.5
1746792000000,1.12542,1.12566,1.1247,1.12538,7056.57
1746795600000,1.12537,1.12681,1.12531,1.12582,7138.8
1746799200000,1.12582,1.12928,1.12556,1.12675,10845.68
1746802800000,1.12675,1.12729,1.12599,1.12695,6999.85
1746806400000,1.12695,1.12752,1.12573,1.12585,3980.49
1746810000000,1.12582,1.1265,1.12526,1.12619,3657.93
1746813600000,1.12616,1.12661,1.12545,1.12589,3883.3
1746817200000,1.12588,1.12599,1.12484,1.1257,4214.28
1746820800000,1.12565,1.12574,1.12456,1.1246,2252.69
1746997200000,1.119,1.12242,1.119,1.12107,1070.64
1747000800000,1.12103,1.12312,1.12083,1.1225,5620.6
1747004400000,1.12249,1.12363,1.12227,1.12276,4005.78
1747008000000,1.12281,1.12389,1.12249,1.12386,7078.32
1747011600000,1.12383,1.12426,1.12223,1.12256,7887.07
1747015200000,1.12256,1.12375,1.12248,1.12282,4606.5
1747018800000,1.12281,1.1234,1.12249,1.12328,4012.2
1747022400000,1.12327,1.12344,1.1226,1.12272,2749.01
1747026000000,1.12274,1.12298,1.12136,1.12219,5043.47
1747029600000,1.12219,1.12355,1.1216,1.12179,8298.49
1747033200000,1.12179,1.1219,1.10977,1.11048,33297.16
1747036800000,1.11047,1.11452,1.10822,1.11375,28749.15
1747040400000,1.11372,1.11416,1.11146,1.11184,12743.46
1747044000000,1.11183,1.11184,1.10718,1.10794,15930.83
1747047600000,1.10794,1.11174,1.10768,1.11111,15166.85
1747051200000,1.1111,1.11263,1.11004,1.11132,10967.69
1747054800000,1.11133,1.11346,1.11098,1.11186,12009.81
1747058400000,1.11186,1.11342,1.11072,1.11114,15955.45
1747062000000,1.11114,1.11237,1.11003,1.11049,9237.22
1747065600000,1.11051,1.11108,1.10835,1.10844,7650.26
1747069200000,1.10846,1.10883,1.10723,1.10789,7048.96
1747072800000,1.10788,1.10912,1.10651,1.10892,8213.16
1747076400000,1.10891,1.10965,1.10822,1.10919,4693.47
1747080000000,1.10919,1.10945,1.10844,1.10844,2592.18
1747083600000,1.10845,1.10904,1.10833,1.1088,1290.45
1747087200000,1.1088,1.10944,1.10875,1.10933,3900.17
1747090800000,1.10939,1.10999,1.10892,1.10953,2948.59
1747094400000,1.10954,1.11065,1.10948,1.11043,5694.95
1747098000000,1.11043,1.11091,1.10995,1.11063,10268.33
1747101600000,1.1109,1.11112,1.10992,1.11024,5584.58
1747105200000,1.11025,1.11168,1.10988,1.11161,4459.85
1747108800000,1.11163,1.1117,1.11088,1.11166,3211.91
1747112400000,1.11167,1.11195,1.11085,1.11103,4285.28
1747116000000,1.11104,1.11183,1.11012,1.11113,12119.32
1747119600000,1.11111,1.11242,1.11026,1.11156,13933.94
1747123200000,1.11156,1.11175,1.11025,1.11119,9260.61
1747126800000,1.11118,1.11149,1.11026,1.11068,8792.66
1747130400000,1.11067,1.11095,1.10968,1.11045,6610.4
1747134000000,1.11045,1.1112,1.1103,1.11068,5852.72
1747137600000,1.11069,1.1131,1.11064,1.11304,11211.38
1747141200000,1.11305,1.11484,1.11272,1.11354,14869.22
1747144800000,1.11353,1.11641,1.113,1.11612,13276.98
1747148400000,1.11614,1.11776,1.11567,1.11749,10626.17
1747152000000,1.1175,1.11825,1.11645,1.11757,6828.34
1747155600000,1.11759,1.11796,1.11674,1.11769,4654.28
1747159200000,1.11769,1.11859,1.1175,1.11847,3601.4
1747162800000,1.11849,1.11917,1.11825,1.11897,3572.96
1747166400000,1.11896,1.11946,1.11835,1.11844,2737.52
1747170000000,1.11844,1.11877,1.11813,1.11856,531.12
1747173600000,1.11855,1.11971,1.11855,1.1197,2805.95
1747177200000,1.11969,1.11969,1.11846,1.11856,1713.63
1747180800000,1.11858,1.11964,1.1182,1.11921,5218.66
1747184400000,1.11921,1.11976,1.11833,1.1188,10331.78
1747188000000,1.11883,1.11923,1.11827,1.11885,8636.34
1747191600000,1.11886,1.11959,1.11841,1.11952,4450.76
1747195200000,1.11952,1.12006,1.11879,1.11885,4997.01
1747198800000,1.11885,1.11924,1.11844,1.11861,4668.81
1747202400000,1.1186,1.11984,1.11798,1.11879,7103.35
1747206000000,1.11879,1.12164,1.11814,1.12148,9780.92
1747209600000,1.12147,1.1252,1.12125,1.12384,20587.06
1747213200000,1.1239,1.12655,1.12309,1.1252,15115.12
1747216800000,1.12521,1.12528,1.1227,1.12308,8635.61
1747220400000,1.12306,1.12345,1.12133,1.12172,7310.23
1747224000000,1.12172,1.12352,1.12095,1.1225,12834.54
1747227600000,1.12251,1.12347,1.121,1.12198,15389.31
1747231200000,1.12196,1.12235,1.12025,1.12119,13789.4
1747234800000,1.12118,1.12147,1.11973,1.12048,13100.44
1747238400000,1.12049,1.1213,1.11755,1.1189,13313.87
1747242000000,1.11887,1.11968,1.11813,1.11891,5258.85
1747245600000,1.11892,1.11899,1.11719,1.11781,4679.1
1747249200000,1.1178,1.1178,1.11654,1.11672,4642.71
1747252800000,1.11672,1.11749,1.11645,1.1173,1810.31
1747256400000,1.11694,1.11773,1.11669,1.11762,1184.01
1747260000000,1.11765,1.11841,1.11762,1.11824,1843.47
1747263600000,1.11827,1.1188,1.11802,1.11812,2307.66
1747267200000,1.11811,1.11941,1.11758,1.11911,5966.87
1747270800000,1.11912,1.11994,1.11905,1.11932,7848.33
1747274400000,1.11933,1.11962,1.11885,1.11945,6052.96
1747278000000,1.11944,1.12012,1.11921,1.11965,5987.54
1747281600000,1.11965,1.11996,1.11915,1.11927,3777.47
1747285200000,1.11925,1.1199,1.11853,1.11929,6195.88
1747288800000,1.11929,1.12279,1.11892,1.12269,9309.87
1747292400000,1.1227,1.12278,1.11913,1.11971,8328.91
1747296000000,1.1197,1.12112,1.11922,1.12096,7408.76
1747299600000,1.12096,1.1213,1.12007,1.12022,7187.11
1747303200000,1.12023,1.12113,1.11979,1.12002,4838.39
1747306800000,1.12001,1.12029,1.1179,1.11825,6794.99
1747310400000,1.11828,1.12135,1.11818,1.12096,12559.27
1747314000000,1.12099,1.12236,1.11949,1.12007,12583.89
1747317600000,1.12007,1.12106,1.11756,1.1186,11468.67
1747321200000,1.1186,1.11969,1.11727,1.11879,8990.39
1747324800000,1.11879,1.11906,1.11724,1.11807,5585.39
1747328400000,1.11805,1.11888,1.117,1.1171,5416.46
1747332000000,1.11709,1.11794,1.11707,1.11767,3704.82
1747335600000,1.11769,1.11861,1.11724,1.11836,3557.67
1747339200000,1.11835,1.11874,1.11819,1.11854,2052.03
1747342800000,1.11862,1.1189,1.11796,1.11877,681.75
1747346400000,1.11879,1.11928,1.1185,1.11915,2549.92
1747350000000,1.11916,1.11937,1.11893,1.11918,1801.57
1747353600000,1.11915,1.1208,1.11902,1.12046,7078.03
1747357200000,1.12048,1.12086,1.11981,1.1203,5805.49
1747360800000,1.12033,1.12083,1.11991,1.1202,5580.21
1747364400000,1.12018,1.12056,1.11987,1.12002,4009.72
1747368000000,1.12004,1.12041,1.11961,1.1203,3148
1747371600000,1.1203,1.12185,1.12009,1.12153,7174.05
1747375200000,1.12153,1.12195,1.12071,1.12121,7276.17
1747378800000,1.1212,1.12169,1.12059,1.12084,8383.54
1747382400000,1.12084,1.1209,1.11968,1.11987,6820.21
1747386000000,1.11987,1.12087,1.11916,1.11944,6045.87
1747389600000,1.11943,1.11999,1.11878,1.11996,6376.54
1747393200000,1.11995,1.12078,1.11901,1.11944,5582.48
1747396800000,1.11942,1.11987,1.11908,1.11969,6401.49
1747400400000,1.11968,1.12058,1.11879,1.11998,7942.43
1747404000000,1.12,1.12021,1.11514,1.11544,14309.07
1747407600000,1.11544,1.11585,1.11399,1.11403,9571.47
1747411200000,1.11401,1.11476,1.11308,1.11446,7121.1
1747414800000,1.11447,1.11475,1.11392,1.11448,4206.32
1747418400000,1.1145,1.1155,1.11429,1.11523,4851.47
1747422000000,1.11524,1.11584,1.11476,1.11489,3445.34
1747425600000,1.11488,1.11657,1.11446,1.11612,3901.27
1747602000000,1.11749,1.11835,1.11713,1.11731,712.485
1747605600000,1.11736,1.11938,1.11711,1.11901,3909.21
1747609200000,1.11899,1.11939,1.11815,1.11884,3254.4
1747612800000,1.11885,1.11985,1.11799,1.11972,8165.62
1747616400000,1.1197,1.11988,1.11729,1.11759,6364.38
1747620000000,1.11759,1.1188,1.11721,1.1182,5737.83
1747623600000,1.11821,1.11852,1.11784,1.1181,3447.64
1747627200000,1.11809,1.11872,1.1177,1.11836,3009.71
1747630800000,1.11837,1.11881,1.11761,1.11849,4957.09
1747634400000,1.11847,1.12123,1.11816,1.12091,9183.57
1747638000000,1.12091,1.12448,1.12055,1.12383,12845.64
1747641600000,1.12386,1.12591,1.12357,1.12569,10530.04
1747645200000,1.1257,1.12803,1.12548,1.12796,12401.02
1747648800000,1.12798,1.12879,1.12683,1.12781,9100.2
1747652400000,1.12782,1.12799,1.12617,1.12727,8115.46
1747656000000,1.12728,1.12733,1.12564,1.12567,7373.59
1747659600000,1.12566,1.12648,1.1247,1.12513,13985.74
1747663200000,1.12516,1.12576,1.12413,1.12534,11461.22
1747666800000,1.12536,1.12596,1.12333,1.1236,7968.49
1747670400000,1.1236,1.12397,1.12294,1.1235,5242.41
1747674000000,1.12349,1.12386,1.12239,1.12301,3854.07
1747677600000,1.12301,1.12366,1.12244,1.12347,3963.21
1747681200000,1.12347,1.12418,1.12327,1.124,2137.36
1747684800000,1.12399,1.12447,1.12388,1.12406,1786.67
1747688400000,1.12373,1.12434,1.12348,1.1243,311.64
1747692000000,1.1243,1.12437,1.12349,1.12351,869.88
1747695600000,1.12352,1.1236,1.12314,1.12321,908.11
1747699200000,1.1232,1.12322,1.12178,1.12276,5611.74
1747702800000,1.12275,1.12512,1.12275,1.12381,7573.42
1747706400000,1.12385,1.12461,1.12259,1.12319,4480.42
1747710000000,1.12316,1.12473,1.12291,1.12449,4205.75
1747713600000,1.12448,1.12504,1.12403,1.1242,3415.5
1747717200000,1.1242,1.12583,1.12417,1.12544,6133.88
1747720800000,1.12543,1.12622,1.12505,1.12574,8933.68
1747724400000,1.12573,1.12778,1.12529,1.12762,10494.45
1747728000000,1.1276,1.12762,1.12473,1.12582,7665.76
1747731600000,1.12582,1.12669,1.12497,1.1255,6912.9
1747735200000,1.12551,1.12577,1.12429,1.12443,7782.68
1747738800000,1.12446,1.12516,1.12436,1.12457,6967.29
1747742400000,1.12458,1.12471,1.12235,1.12342,5934.47
1747746000000,1.12342,1.12495,1.12246,1.12456,8046.85
1747749600000,1.12459,1.12692,1.12455,1.12684,9380.38
1747753200000,1.12684,1.12697,1.12494,1.12528,6609.95
1747756800000,1.12528,1.12577,1.1245,1.12564,5740.15
1747760400000,1.12565,1.12774,1.12547,1.12737,4385.16
1747764000000,1.12736,1.12801,1.12711,1.12723,5272.81
1747767600000,1.12724,1.12825,1.12718,1.12804,3884.45
1747771200000,1.12806,1.12858,1.12782,1.12818,2187.05
1747774800000,1.1284,1.12844,1.12798,1.12805,773.5
1747778400000,1.12824,1.1287,1.12801,1.12809,1510.91
1747782000000,1.12808,1.129,1.12804,1.12881,1264.35
1747785600000,1.12881,1.13012,1.12875,1.12951,4582.05
1747789200000,1.12952,1.13026,1.12866,1.12985,4300.16
1747792800000,1.12985,1.13259,1.12969,1.13219,6905.74
1747796400000,1.13218,1.13398,1.13187,1.1334,5297.85
1747800000000,1.13339,1.13365,1.13253,1.13287,3304.43
1747803600000,1.13289,1.13378,1.13265,1.13316,4542.86
1747807200000,1.13316,1.1353,1.13221,1.13326,8609.41
1747810800000,1.13324,1.13338,1.1314,1.13233,8782.77
1747814400000,1.13231,1.13337,1.13121,1.13225,6671.3
1747818000000,1.13227,1.13348,1.13145,1.13347,6252.22
1747821600000,1.13346,1.1362,1.13314,1.13386,7525.83
1747825200000,1.13385,1.13445,1.13188,1.13235,6497.61
1747828800000,1.13235,1.13347,1.13172,1.13344,7892.52
1747832400000,1.13345,1.13389,1.13235,1.13368,8069.45
1747836000000,1.13367,1.13543,1.13322,1.13406,10341.37
1747839600000,1.13407,1.13483,1.13326,1.13424,8393.98
1747843200000,1.13426,1.13521,1.13389,1.13403,6006.96
1747846800000,1.13403,1.13628,1.13374,1.13479,17284.14
1747850400000,1.1348,1.13487,1.13315,1.1333,8326.38
1747854000000,1.1333,1.13391,1.13181,1.13188,9215.51
1747857600000,1.13187,1.13317,1.13154,1.13279,3624.03
1747861200000,1.13274,1.13292,1.1325,1.13281,1471.43
1747864800000,1.13282,1.13298,1.1315,1.1315,4565.2
1747868400000,1.13149,1.13322,1.13107,1.13318,2415.27
1747872000000,1.13318,1.13434,1.13258,1.13272,6907
1747875600000,1.1327,1.13405,1.13172,1.13376,8683.01
1747879200000,1.13373,1.13448,1.13282,1.13385,6658.89
1747882800000,1.13387,1.13419,1.13304,1.1333,5816.42
1747886400000,1.1333,1.13343,1.13245,1.13331,4501.3
1747890000000,1.1333,1.13352,1.13249,1.13332,5158.71
1747893600000,1.13332,1.13417,1.13173,1.13225,10394.66
1747897200000,1.13224,1.13246,1.12953,1.1321,12862.98
1747900800000,1.13209,1.13347,1.13013,1.13018,10570.21
1747904400000,1.13017,1.13033,1.12908,1.12942,9272.77
1747908000000,1.12943,1.12996,1.12902,1.1292,6252.12
1747911600000,1.12921,1.13129,1.12918,1.13085,8163.56
1747915200000,1.13086,1.13148,1.12847,1.12948,8833.92
1747918800000,1.12952,1.13089,1.12815,1.12831,10556.61
1747922400000,1.1283,1.12977,1.12749,1.12773,10465.21
1747926000000,1.12774,1.12883,1.12657,1.12803,11136.1
1747929600000,1.12801,1.12878,1.12682,1.12691,8103.67
1747933200000,1.12694,1.12707,1.12558,1.12679,6571.18
1747936800000,1.12678,1.12806,1.12672,1.12779,3643.85
1747940400000,1.12781,1.12856,1.12777,1.12784,3749.96
1747944000000,1.12786,1.12832,1.12773,1.12782,1950.19
1747947600000,1.1278,1.12808,1.12768,1.12791,814.98
1747951200000,1.12793,1.12871,1.12791,1.12861,1350.55
1747954800000,1.12862,1.12888,1.12808,1.12819,961.78
1747958400000,1.12818,1.13002,1.12787,1.12968,4413.49
1747962000000,1.12969,1.13186,1.12951,1.13139,6375.32
1747965600000,1.13122,1.13178,1.1308,1.13148,4975.21
1747969200000,1.13146,1.13173,1.13109,1.13112,2799.86
1747972800000,1.13112,1.13207,1.13077,1.13178,3830.17
1747976400000,1.13178,1.13256,1.1308,1.13229,5205.16
1747980000000,1.13222,1.13266,1.131,1.13119,7611.37
1747983600000,1.13121,1.13439,1.13094,1.13395,8010.32
1747987200000,1.13394,1.13446,1.13327,1.13418,4745.9
1747990800000,1.13418,1.13539,1.13383,1.13489,5717.65
1747994400000,1.13492,1.13576,1.13443,1.13486,5209.58
1747998000000,1.13488,1.13754,1.12984,1.13212,17644.64
1748001600000,1.13213,1.13499,1.12973,1.13332,16211.65
1748005200000,1.13333,1.13378,1.13131,1.13145,11647.97
1748008800000,1.13142,1.13461,1.13106,1.13449,10264.26
1748012400000,1.13447,1.13593,1.13315,1.13491,9035.73
1748016000000,1.13495,1.13597,1.1341,1.13582,5524.26
1748019600000,1.1358,1.13671,1.13515,1.13605,4621.51
1748023200000,1.13604,1.13691,1.13554,1.13592,5097.8
1748026800000,1.13593,1.13654,1.13552,1.13633,3450.98
1748030400000,1.13633,1.13681,1.1359,1.13592,2332.97
1748206800000,1.13617,1.13679,1.13585,1.1367,361.47
1748210400000,1.13668,1.13793,1.13621,1.13738,9155.92
1748214000000,1.13741,1.13816,1.13696,1.13744,3208.77
1748217600000,1.13747,1.13977,1.13743,1.13968,11923.63
1748221200000,1.13967,1.14156,1.13878,1.14124,10702.33
1748224800000,1.14122,1.14185,1.14079,1.14094,7144.82
1748228400000,1.14095,1.14124,1.14049,1.14114,4969.26
1748232000000,1.14114,1.14131,1.14031,1.14091,3746.42
1748235600000,1.14092,1.14183,1.14004,1.14168,6476.05
1748239200000,1.14166,1.14183,1.14077,1.1409,6887.92
1748242800000,1.14087,1.14121,1.13883,1.13889,7942.21
1748246400000,1.13893,1.13952,1.13827,1.13844,5680.79
1748250000000,1.13845,1.13856,1.13757,1.13788,4013.72
1748253600000,1.1379,1.13861,1.13762,1.1384,6150.07
1748257200000,1.13841,1.13868,1.13739,1.13768,3878.21
1748260800000,1.13769,1.13821,1.13688,1.1375,4237.1
1748264400000,1.1375,1.13832,1.1373,1.13815,4212.35
1748268000000,1.13816,1.13848,1.13764,1.1384,4749.53
1748271600000,1.1384,1.13854,1.13769,1.13809,4211.05
1748275200000,1.1381,1.13831,1.13757,1.13831,2670.83
1748278800000,1.13832,1.13837,1.13782,1.13805,1136.68
1748282400000,1.13803,1.1383,1.13798,1.13806,747.21
1748286000000,1.13807,1.13853,1.13802,1.13852,816.84
1748289600000,1.13852,1.13881,1.13838,1.13838,1362.01
1748293200000,1.13837,1.13849,1.13786,1.13843,817.41
1748296800000,1.13849,1.13946,1.13848,1.139,2239.31
1748300400000,1.13898,1.13913,1.13868,1.13883,1495.55
1748304000000,1.13885,1.1403,1.13878,1.13999,4647.1
1748307600000,1.14001,1.14071,1.1391,1.1395,5901.84
1748311200000,1.13951,1.14029,1.13905,1.13924,4822.77
1748314800000,1.13924,1.14009,1.139,1.13934,3687.8
1748318400000,1.13935,1.13977,1.13775,1.13782,3711.85
1748322000000,1.13783,1.1379,1.13667,1.13784,8370.16
1748325600000,1.13783,1.13927,1.13639,1.1365,11200.34
1748329200000,1.1365,1.13709,1.1337,1.13406,10526.87
1748332800000,1.13407,1.13576,1.13387,1.13484,6662.04
1748336400000,1.13483,1.13578,1.13446,1.13483,6479.82
1748340000000,1.13483,1.13517,1.13405,1.13437,6517.28
1748343600000,1.13436,1.13542,1.1341,1.13509,6411.4
1748347200000,1.13511,1.13678,1.13509,1.13665,6280.91
1748350800000,1.13662,1.13753,1.13554,1.1358,7376.89
1748354400000,1.13582,1.13612,1.1338,1.13411,10120.13
1748358000000,1.13411,1.13412,1.1323,1.13251,8334.02
1748361600000,1.13252,1.13352,1.13232,1.13315,7483.52
1748365200000,1.13315,1.13367,1.13301,1.13327,5569.4
1748368800000,1.13328,1.13386,1.13283,1.1337,6238.58
1748372400000,1.13369,1.13386,1.13298,1.13307,6540.63
1748376000000,1.13306,1.13325,1.1326,1.13291,4439.2918
1748379600000,1.13242,1.13313,1.13242,1.133,1508.29
1748383200000,1.133,1.13367,1.13283,1.13362,1137.47
1748386800000,1.13362,1.13378,1.13311,1.13366,1497.15
1748390400000,1.13367,1.13454,1.1334,1.13344,5181.85
1748394000000,1.13343,1.13387,1.1315,1.13171,10023.91
1748397600000,1.13172,1.13256,1.13005,1.13052,8728.87
1748401200000,1.13053,1.13129,1.13004,1.13072,6400.26
1748404800000,1.13072,1.13104,1.13025,1.13059,4537.77
1748408400000,1.13058,1.13147,1.12953,1.13147,6603.27
1748412000000,1.13146,1.13167,1.13034,1.13044,8336.32
1748415600000,1.13043,1.13309,1.13029,1.13264,7559.43
1748419200000,1.13264,1.13343,1.13179,1.1332,6461.79
1748422800000,1.13322,1.13403,1.13279,1.13334,6758.18
1748426400000,1.13334,1.13406,1.13238,1.13257,5902.02
1748430000000,1.13256,1.13286,1.13164,1.13177,6848.77
1748433600000,1.13177,1.13245,1.13073,1.13109,8224.85
1748437200000,1.1311,1.13135,1.12969,1.13087,12313.91
1748440800000,1.13086,1.13246,1.13007,1.13021,10398.81
1748444400000,1.13022,1.13086,1.12837,1.12844,12221.25
1748448000000,1.12848,1.12966,1.12839,1.1294,7081.06
1748451600000,1.1294,1.13007,1.12905,1.12911,5020.99
1748455200000,1.1291,1.12979,1.12841,1.12934,6618.97
1748458800000,1.12933,1.12956,1.12875,1.12892,5480.81
1748462400000,1.12893,1.12957,1.12889,1.12915,4865.52
1748466000000,1.12914,1.12946,1.12898,1.1294,952.29
1748469600000,1.12936,1.12969,1.12901,1.12912,2683.96
1748473200000,1.12916,1.12919,1.12103,1.12296,13237.49
1748476800000,1.12294,1.12505,1.1223,1.12344,19008.36
1748480400000,1.12343,1.12531,1.12233,1.12515,11179.18
1748484000000,1.12516,1.12568,1.12415,1.12457,6967.92
1748487600000,1.12456,1.12561,1.12424,1.12484,5763.21
1748491200000,1.12484,1.12547,1.12439,1.12475,3636.85
1748494800000,1.12476,1.12504,1.12309,1.12434,6573.04
1748498400000,1.12435,1.12737,1.12422,1.12711,10025.92
1748502000000,1.12711,1.12826,1.12709,1.12755,9351.81
1748505600000,1.12755,1.12789,1.12619,1.12718,6495.67
1748509200000,1.12719,1.12839,1.12714,1.12778,5115.15
1748512800000,1.12778,1.12911,1.12763,1.12863,5526.39
1748516400000,1.12862,1.12905,1.12679,1.12709,6056.12
1748520000000,1.12708,1.13498,1.12708,1.13494,14270.48
1748523600000,1.13496,1.136,1.13391,1.13511,10263.47
1748527200000,1.13517,1.13692,1.13429,1.13499,9155.7
1748530800000,1.13499,1.13705,1.13486,1.13694,9528.07
1748534400000,1.13694,1.13797,1.13668,1.13711,9156.34
1748538000000,1.13711,1.13843,1.13615,1.13769,6476.22
1748541600000,1.13769,1.13843,1.1374,1.13749,4439.1
1748545200000,1.13748,1.13781,1.13658,1.13665,4638.13
1748548800000,1.13667,1.137,1.13606,1.13649,1928.29
1748552400000,1.13647,1.13709,1.13647,1.1367,1394.49
1748556000000,1.1368,1.13771,1.13666,1.13706,4479.5
1748559600000,1.13711,1.13791,1.1369,1.13765,2872.15
1748563200000,1.13768,1.13845,1.13644,1.13722,8761.2
1748566800000,1.13723,1.13897,1.13521,1.13545,10324.21
1748570400000,1.13547,1.13588,1.13482,1.13492,6512.85
1748574000000,1.1349,1.13568,1.13456,1.13494,6464.94
1748577600000,1.13496,1.13533,1.13453,1.13457,4509.16
1748581200000,1.13458,1.13544,1.13429,1.13509,4977.71
1748584800000,1.13512,1.13519,1.1336,1.13463,8060.82
1748588400000,1.13462,1.13478,1.13276,1.13375,9968.58
1748592000000,1.13379,1.13445,1.13231,1.13238,6909.73
1748595600000,1.13237,1.13319,1.13233,1.13254,6040.59
1748599200000,1.13254,1.13346,1.13245,1.13273,5428.74
1748602800000,1.13274,1.13385,1.13233,1.1338,5753.01
1748606400000,1.13378,1.13584,1.13346,1.1346,12918.38
1748610000000,1.13463,1.13478,1.13123,1.13172,10314.19
1748613600000,1.13172,1.13545,1.13134,1.1352,10970.56
1748617200000,1.13521,1.13584,1.13433,1.13461,11295.17
1748620800000,1.13461,1.13548,1.13433,1.13502,8828.47
1748624400000,1.13504,1.13669,1.13496,1.13571,6179.76
1748628000000,1.13569,1.13648,1.13546,1.13585,5361.45
1748631600000,1.13584,1.13604,1.13492,1.13563,7283.26
1748635200000,1.13562,1.13562,1.13447,1.13453,3768.52
1748811600000,1.13439,1.13509,1.13435,1.13468,533.07
1748815200000,1.13477,1.13572,1.13446,1.13547,5011.12
1748818800000,1.13551,1.13602,1.13506,1.13526,3724.41
1748822400000,1.13527,1.13746,1.13524,1.13685,7055.38
1748826000000,1.13684,1.13819,1.13675,1.137,8217.27
1748829600000,1.13698,1.13734,1.13618,1.13642,4708.12
1748833200000,1.13641,1.13656,1.13541,1.13616,3412.22
1748836800000,1.13617,1.13666,1.13596,1.13654,3804.12
1748840400000,1.13655,1.13803,1.13635,1.13792,6414.76
1748844000000,1.13793,1.14067,1.13782,1.14012,7277.15
1748847600000,1.14011,1.14367,1.13985,1.14236,7447.4
1748851200000,1.14237,1.14276,1.14127,1.142,7158.18
1748854800000,1.142,1.14368,1.14191,1.14231,7003.64
1748858400000,1.14233,1.1428,1.1413,1.14151,5161.09
1748862000000,1.14152,1.14263,1.14092,1.14141,5823.44
1748865600000,1.1414,1.14288,1.14111,1.14181,5765.78
1748869200000,1.14182,1.14228,1.14042,1.14191,7659.83
1748872800000,1.14202,1.14498,1.14202,1.14347,9296.52
1748876400000,1.14347,1.14385,1.14239,1.14304,9079.1
1748880000000,1.14305,1.14317,1.14116,1.14184,6587.56
1748883600000,1.14183,1.14257,1.14159,1.14225,5241.39
1748887200000,1.14225,1.14424,1.14189,1.14414,5013.21
1748890800000,1.14414,1.14455,1.14335,1.14451,6697.92
1748894400000,1.14451,1.14463,1.144,1.14419,2785.31
1748898000000,1.14383,1.14415,1.14367,1.14386,3133.08
1748901600000,1.14398,1.14457,1.14377,1.14447,1677.75
1748905200000,1.14448,1.14538,1.14446,1.14531,3078.76
1748908800000,1.1453,1.14544,1.14387,1.14432,5910.62
1748912400000,1.1443,1.14432,1.14267,1.14277,8406.61
1748916000000,1.14276,1.14304,1.14186,1.14255,5184.73
1748919600000,1.14253,1.14271,1.14158,1.14196,4659.64
1748923200000,1.14196,1.14254,1.14167,1.14251,3402.61
1748926800000,1.14252,1.14273,1.14119,1.14218,4878.22
1748930400000,1.14217,1.14312,1.14152,1.14286,6343.25
1748934000000,1.14285,1.14322,1.14141,1.14157,7402.23
1748937600000,1.14157,1.14184,1.14053,1.14113,6314.94
1748941200000,1.14114,1.1418,1.14016,1.14117,4936.17
1748944800000,1.14116,1.14125,1.13962,1.13976,4624.84
1748948400000,1.13977,1.13991,1.13862,1.13904,5469.4
1748952000000,1.13906,1.13939,1.13771,1.13817,6093.4
1748955600000,1.13819,1.1395,1.13769,1.13876,8183.41
1748959200000,1.13875,1.13932,1.13639,1.13918,11157.17
1748962800000,1.13916,1.1393,1.13706,1.13718,7228.5
1748966400000,1.1372,1.13833,1.13674,1.13732,5126.94
1748970000000,1.13734,1.13817,1.13727,1.13781,4357.1
1748973600000,1.13779,1.13779,1.13691,1.13746,3081.19
1748977200000,1.13746,1.13761,1.13675,1.13684,2608.57
1748980800000,1.13684,1.13741,1.13681,1.13699,1392
1748984400000,1.13693,1.13765,1.1369,1.13741,1377.38
1748988000000,1.13741,1.13749,1.13706,1.1374,1513.3395
1748991600000,1.13741,1.13859,1.13739,1.1384,2931.41
1748995200000,1.13838,1.1389,1.13783,1.13826,9376.15
1748998800000,1.13825,1.13931,1.13714,1.13857,13061.08
1749002400000,1.13855,1.13878,1.13734,1.13759,6567.64
1749006000000,1.13757,1.13808,1.13654,1.13676,5974.31
1749009600000,1.13677,1.13791,1.13647,1.13664,6778.67
1749013200000,1.13667,1.13715,1.13568,1.13622,7659.92
1749016800000,1.13624,1.13781,1.13572,1.13777,9846.87
1749020400000,1.13777,1.13969,1.13756,1.13865,7242.87
1749024000000,1.13864,1.14039,1.13828,1.13995,5880.96
1749027600000,1.13994,1.13995,1.13813,1.13827,4904.03
1749031200000,1.13828,1.13855,1.13747,1.13819,4773.43
1749034800000,1.13819,1.13872,1.13769,1.13791,4444.63
1749038400000,1.13792,1.14109,1.13792,1.14091,10636.22
1749042000000,1.14091,1.14134,1.13928,1.13987,8151.49
1749045600000,1.14004,1.14344,1.14004,1.14326,10894.49
1749049200000,1.14325,1.14337,1.14168,1.14233,9120.51
1749052800000,1.14234,1.14343,1.14197,1.14329,4369.07
1749056400000,1.14332,1.14334,1.14233,1.14247,2957.52
1749060000000,1.14247,1.14281,1.14201,1.14203,3080.51
1749063600000,1.14202,1.14216,1.14121,1.14122,3272.29
1749067200000,1.14122,1.14226,1.14101,1.14144,2707.46
1749070800000,1.14143,1.14184,1.14123,1.14173,1039.47
1749074400000,1.14173,1.14228,1.1417,1.14196,918.48
1749078000000,1.14197,1.14285,1.14186,1.14205,1621.69
1749081600000,1.14209,1.14293,1.14164,1.14288,4291.29
1749085200000,1.1429,1.14347,1.14132,1.14164,6976.27
1749088800000,1.14164,1.14195,1.14102,1.14176,4564.29
1749092400000,1.14176,1.14225,1.14087,1.14104,6240.68
1749096000000,1.14103,1.14143,1.14076,1.14102,4517.97
1749099600000,1.14103,1.14136,1.14045,1.14059,5126.32
1749103200000,1.14061,1.1417,1.1405,1.14089,7425.42
1749106800000,1.1409,1.1425,1.14068,1.14118,7457.84
1749110400000,1.1412,1.14192,1.14089,1.14127,5839.55
1749114000000,1.14127,1.14216,1.14094,1.14185,5198.34
1749117600000,1.14185,1.14326,1.14175,1.1424,4352.22
1749121200000,1.14242,1.14283,1.14159,1.1426,4645.39
1749124800000,1.1426,1.14485,1.14129,1.14293,14083.85
1749128400000,1.14292,1.14948,1.14181,1.14803,18158.66
1749132000000,1.14807,1.14821,1.14542,1.14578,14288.82
1749135600000,1.14577,1.14589,1.14349,1.14389,9434.95
1749139200000,1.14391,1.14478,1.14316,1.14478,6709.97
1749142800000,1.14477,1.14481,1.14319,1.14429,4079.16
1749146400000,1.14428,1.14441,1.1431,1.1442,5049.08
1749150000000,1.14419,1.1448,1.14336,1.14379,8619.49
1749153600000,1.1438,1.14451,1.14352,1.14444,4057.18
1749157200000,1.14438,1.14495,1.14409,1.14422,1680.88
1749160800000,1.14423,1.14517,1.14423,1.14514,2477.79
1749164400000,1.14515,1.14536,1.14464,1.14533,2142.82
1749168000000,1.14532,1.14572,1.14497,1.145,4599.96
1749171600000,1.145,1.14521,1.14412,1.14423,7471.66
1749175200000,1.14422,1.14434,1.14328,1.14376,6831.19
1749178800000,1.14375,1.14437,1.14359,1.14401,3587.31
1749182400000,1.144,1.14421,1.1437,1.14396,2362.89
1749186000000,1.14396,1.14401,1.14306,1.14355,3908.81
1749189600000,1.14355,1.14424,1.14245,1.14354,5575.99
1749193200000,1.14353,1.14367,1.14214,1.14267,9053.53
1749196800000,1.14266,1.14292,1.14115,1.14142,6059.21
1749200400000,1.14141,1.14211,1.14108,1.14192,4703.7
1749204000000,1.14195,1.14243,1.14173,1.14226,5457.14
1749207600000,1.14227,1.14288,1.14169,1.14178,5541.67
1749211200000,1.14178,1.14312,1.13849,1.13967,17022.89
1749214800000,1.13966,1.14022,1.13715,1.13902,16164.24
1749218400000,1.13904,1.14163,1.13806,1.13893,13586.92
1749222000000,1.13893,1.14022,1.1381,1.13965,10538.8
1749225600000,1.13963,1.14014,1.13858,1.1387,7171.38
1749229200000,1.1387,1.13977,1.13844,1.1393,5207.28
1749232800000,1.13932,1.13994,1.13925,1.13969,3446.84
1749236400000,1.1397,1.14019,1.13924,1.1396,2881.13
1749240000000,1.13958,1.13976,1.13907,1.13935,1748.95
1749416400000,1.13952,1.13953,1.13903,1.1393,296.93
1749420000000,1.13925,1.14067,1.13925,1.14063,2122.89
1749423600000,1.14065,1.14111,1.14034,1.14061,2364.57
1749427200000,1.14063,1.14088,1.13927,1.13936,4882.5
1749430800000,1.13939,1.14171,1.13938,1.14149,6132.82
1749434400000,1.14151,1.14253,1.14141,1.14171,5099.73
1749438000000,1.14169,1.14209,1.14118,1.14119,3781.89
1749441600000,1.14118,1.14187,1.14108,1.1418,2795.69
1749445200000,1.14181,1.1424,1.14119,1.14217,3987.72
1749448800000,1.1422,1.14295,1.14176,1.14271,6011.75
1749452400000,1.1427,1.14285,1.14193,1.14222,7018.43
1749456000000,1.14222,1.14359,1.14183,1.14282,6725.58
1749459600000,1.14282,1.14391,1.14257,1.1426,5339.73
1749463200000,1.14259,1.14289,1.14159,1.14194,3173.41
1749466800000,1.14193,1.1423,1.14055,1.14172,5219.83
1749470400000,1.14174,1.1418,1.13943,1.14001,6369.96
1749474000000,1.14002,1.14043,1.13864,1.14017,7572.94
1749477600000,1.14016,1.14088,1.13935,1.14078,5872.04
1749481200000,1.14079,1.14254,1.14076,1.14242,4743.84
1749484800000,1.14243,1.14255,1.14152,1.14245,2993.26
1749488400000,1.14245,1.1426,1.14193,1.14221,2333.27
1749492000000,1.14219,1.14307,1.14191,1.14278,2809.11
1749495600000,1.14277,1.14292,1.14224,1.14228,2765.24
1749499200000,1.14226,1.14268,1.14183,1.14183,1232.7
1749502800000,1.14183,1.14228,1.14171,1.14202,659.66
1749506400000,1.14201,1.14234,1.14198,1.14228,582.14
1749510000000,1.14226,1.14283,1.14199,1.14261,758.53
1749513600000,1.1426,1.14355,1.14216,1.14241,2837.37
1749517200000,1.14242,1.1428,1.1395,1.13967,5392.15
1749520800000,1.13963,1.14005,1.13859,1.13989,5728.58
1749524400000,1.13988,1.14049,1.13914,1.14029,4579.98
1749528000000,1.14029,1.14039,1.13913,1.13994,3100.17
1749531600000,1.13995,1.14136,1.13975,1.1405,7105.22
1749535200000,1.14052,1.14146,1.13919,1.13944,7522.54
1749538800000,1.13944,1.13996,1.13729,1.1392,8639.48
1749542400000,1.1392,1.14113,1.13912,1.14081,7319.84
1749546000000,1.1408,1.14185,1.14035,1.14167,5756.11
1749549600000,1.14169,1.1425,1.14114,1.14235,4542.57
1749553200000,1.14234,1.14341,1.14192,1.1429,5151.52
1749556800000,1.14291,1.14404,1.14247,1.14321,4951.02
1749560400000,1.14318,1.14475,1.14304,1.14427,6662.78
1749564000000,1.14427,1.14447,1.14202,1.14257,6453.43
1749567600000,1.14257,1.14277,1.14156,1.14223,5900.25
1749571200000,1.14223,1.14264,1.14159,1.14234,3312.6
1749574800000,1.14235,1.14287,1.1417,1.14229,2416.4
1749578400000,1.14226,1.1425,1.14163,1.14201,3617.07
1749582000000,1.14201,1.14364,1.14189,1.14258,3653.95
1749585600000,1.14257,1.14296,1.14191,1.14217,2910.46
1749589200000,1.14207,1.14274,1.14207,1.14247,3069.63
1749592800000,1.14253,1.14291,1.14221,1.14283,1224.69
1749596400000,1.14284,1.14393,1.14219,1.14372,2786.43
1749600000000,1.14375,1.14387,1.14202,1.14209,4121.7
1749603600000,1.14209,1.14269,1.14061,1.14083,3309.29
1749607200000,1.14085,1.14179,1.14071,1.1415,3035.92
1749610800000,1.14152,1.14174,1.14114,1.14161,1952.01
1749614400000,1.14162,1.14177,1.14119,1.14156,3078.05
1749618000000,1.14155,1.14229,1.14134,1.14221,3109.97
1749621600000,1.14219,1.14233,1.1407,1.14078,4612.68
1749625200000,1.14101,1.14236,1.14052,1.14195,6102.98
1749628800000,1.14195,1.14384,1.14182,1.14307,4069.1
1749632400000,1.14307,1.14457,1.14297,1.14347,3950.6
1749636000000,1.14351,1.14424,1.1433,1.14382,3298.22
1749639600000,1.14383,1.14404,1.14264,1.14325,4045.87
1749643200000,1.14327,1.14893,1.14281,1.14606,13427.81
1749646800000,1.14606,1.14735,1.14527,1.14701,8961.77
1749650400000,1.14702,1.14866,1.14671,1.14816,7410.16
1749654000000,1.14816,1.14903,1.14745,1.14892,7524.09
1749657600000,1.14891,1.14961,1.1482,1.14896,4839.2
1749661200000,1.14897,1.14988,1.14881,1.14973,3086.02
1749664800000,1.14975,1.14994,1.14835,1.14862,5163.9
1749668400000,1.1486,1.14867,1.14792,1.14827,2591.37
1749672000000,1.14828,1.14893,1.148,1.14872,2496.91
1749675600000,1.14854,1.1488,1.14837,1.14877,1049.87
1749679200000,1.14879,1.15084,1.14866,1.15055,2345.12
1749682800000,1.15057,1.15129,1.15042,1.15099,3535.35
1749686400000,1.15102,1.15264,1.15017,1.15211,4872.25
1749690000000,1.15211,1.15291,1.15146,1.15186,4892
1749693600000,1.15186,1.15191,1.15065,1.15112,3693.28
1749697200000,1.15111,1.1522,1.15103,1.15196,2970.73
1749700800000,1.15196,1.15196,1.15119,1.15154,2992.05
1749704400000,1.15151,1.15326,1.15106,1.15278,4471.79
1749708000000,1.15277,1.15313,1.15112,1.15222,6729.85
1749711600000,1.15223,1.15278,1.15056,1.15263,7484.53
1749715200000,1.15262,1.15471,1.1523,1.15443,6879.44
1749718800000,1.15442,1.15885,1.154,1.1572,7637.23
1749722400000,1.15719,1.16105,1.15666,1.15929,11217.57
1749726000000,1.15928,1.16065,1.15837,1.15894,7703.81
1749729600000,1.15894,1.16311,1.15879,1.16098,11529.52
1749733200000,1.16097,1.16171,1.15793,1.15848,10076.37
1749736800000,1.15848,1.15901,1.15788,1.15819,7821.95
1749740400000,1.15818,1.15849,1.15673,1.15768,8826.26
1749744000000,1.15769,1.15793,1.15667,1.15759,6894.95
1749747600000,1.15759,1.15779,1.15636,1.1575,3950.42
1749751200000,1.15749,1.15805,1.15699,1.15775,2679.77
1749754800000,1.15777,1.15806,1.15746,1.1576,2921.7
1749758400000,1.15759,1.15876,1.15755,1.15834,2270.34
1749762000000,1.15807,1.1588,1.15762,1.1588,938.79
1749765600000,1.15882,1.15926,1.15867,1.15895,1402.06
1749769200000,1.15898,1.16093,1.15865,1.16084,2531.91
1749772800000,1.16083,1.16143,1.15392,1.15585,21146.46
1749776400000,1.15475,1.15603,1.15374,1.15482,12006.16
1749780000000,1.15481,1.15584,1.15369,1.15449,7190.46
1749783600000,1.15448,1.1546,1.15275,1.1537,7586.83
1749787200000,1.15371,1.15409,1.15141,1.1525,5628.98
1749790800000,1.15252,1.15368,1.15117,1.15293,7172.58
1749794400000,1.15296,1.15462,1.15237,1.15419,14109.44
1749798000000,1.15418,1.15603,1.15351,1.15355,10176.33
1749801600000,1.15354,1.15468,1.15253,1.15283,6538.81
1749805200000,1.15283,1.15357,1.15183,1.15234,6794.47
1749808800000,1.15233,1.15294,1.1489,1.15046,8323.78
1749812400000,1.15047,1.15107,1.14907,1.151,9199.09
1749816000000,1.15098,1.15226,1.15064,1.15162,6888.78
1749819600000,1.15162,1.15275,1.15011,1.15227,7957.91
1749823200000,1.15229,1.15462,1.15207,1.15444,8333.02
1749826800000,1.15442,1.15694,1.1538,1.1556,8210.25
1749830400000,1.1556,1.15659,1.15522,1.15542,5376.56
1749834000000,1.15543,1.15553,1.1537,1.1549,4299.7
1749837600000,1.15492,1.15508,1.15334,1.15412,6178.09
1749841200000,1.15408,1.15516,1.15366,1.15499,3706.96
1749844800000,1.15497,1.15529,1.15377,1.15457,3947.2
1750021200000,1.15309,1.15355,1.15258,1.15309,602.93
1750024800000,1.1531,1.15469,1.15256,1.15404,8971.95
1750028400000,1.15405,1.15415,1.15273,1.15376,4055.47
1750032000000,1.15376,1.15463,1.15306,1.15345,6128.43
1750035600000,1.15345,1.15437,1.15317,1.15322,6894.68
1750039200000,1.15325,1.15361,1.15261,1.15303,6215.62
1750042800000,1.15302,1.15348,1.15238,1.15272,5729.45
1750046400000,1.15273,1.15371,1.15273,1.15358,3189.28
1750050000000,1.15362,1.15622,1.1536,1.15568,6644.58
1750053600000,1.1557,1.15758,1.15397,1.15734,11145.88
1750057200000,1.15735,1.15865,1.15669,1.15786,7996.51
1750060800000,1.15789,1.15846,1.15752,1.15785,6915.57
1750064400000,1.15784,1.15845,1.15761,1.15839,7058.68
1750068000000,1.15841,1.15858,1.15722,1.15751,4864.18
1750071600000,1.15751,1.15837,1.15696,1.15728,4152.69
1750075200000,1.15729,1.15846,1.15707,1.15838,6318.18
1750078800000,1.15838,1.16049,1.15838,1.1601,8792.59
1750082400000,1.16012,1.16147,1.15894,1.15911,9218.75
1750086000000,1.15914,1.15949,1.15789,1.15799,7278.5
1750089600000,1.15801,1.15859,1.15783,1.15838,4305.61
1750093200000,1.1584,1.1585,1.15723,1.15778,3629.55
1750096800000,1.15778,1.15812,1.15736,1.15796,5734.08
1750100400000,1.15795,1.15797,1.15547,1.15554,3864.38
1750104000000,1.15552,1.15634,1.15543,1.15589,1882.45
1750107600000,1.1562,1.15635,1.15565,1.15565,1594.56
1750111200000,1.15623,1.15636,1.15532,1.15556,3367.21
1750114800000,1.15556,1.15618,1.15489,1.15534,3048.29
1750118400000,1.15536,1.15543,1.15423,1.15495,8388.73
1750122000000,1.15497,1.15601,1.15494,1.15542,5415.31
1750125600000,1.15542,1.15606,1.15455,1.15586,4930.83
1750129200000,1.15583,1.15638,1.15548,1.15619,6953.05
1750132800000,1.1562,1.15671,1.15592,1.15607,4670.26
1750136400000,1.15608,1.15654,1.15523,1.1558,5705.13
1750140000000,1.15579,1.15723,1.15526,1.15622,7587.31
1750143600000,1.1562,1.15636,1.15453,1.15578,9338.81
1750147200000,1.15578,1.15597,1.15499,1.15516,4779.16
1750150800000,1.15514,1.15609,1.155,1.15567,5300.71
1750154400000,1.15566,1.15686,1.1555,1.1568,4144.06
1750158000000,1.15674,1.15735,1.15574,1.15617,4742.44
1750161600000,1.15618,1.15796,1.15476,1.15503,8929.99
1750165200000,1.15504,1.15694,1.15504,1.15586,7437.73
1750168800000,1.15588,1.15608,1.15105,1.15265,9292.64
1750172400000,1.15267,1.15353,1.15184,1.15341,8385.33
1750176000000,1.15339,1.15391,1.14986,1.15026,6837.06
1750179600000,1.15026,1.15084,1.14781,1.14863,11922.31
1750183200000,1.14864,1.14903,1.14749,1.14795,6780.19
1750186800000,1.14792,1.14886,1.1477,1.14843,5590.46
1750190400000,1.14844,1.14855,1.14745,1.14794,2825.61
1750194000000,1.14794,1.14858,1.14763,1.14813,1001.85
1750197600000,1.14815,1.14835,1.14743,1.14745,1516.48
1750201200000,1.1475,1.14825,1.14749,1.14816,1482.73
1750204800000,1.14817,1.14967,1.14807,1.1492,6793
1750208400000,1.1492,1.15006,1.14893,1.14966,9571.19
1750212000000,1.14966,1.15011,1.14931,1.14975,3843.43
1750215600000,1.14975,1.15049,1.14959,1.14997,2964.76
1750219200000,1.15,1.15079,1.14965,1.15056,3170.43
1750222800000,1.15054,1.15071,1.15003,1.15041,3002.73
1750226400000,1.15042,1.15151,1.15005,1.15102,8714.35
1750230000000,1.15104,1.15234,1.15091,1.15132,6079.45
1750233600000,1.15131,1.15161,1.14983,1.15018,4693.09
1750237200000,1.15018,1.15105,1.14967,1.15035,4311.49
1750240800000,1.15036,1.15108,1.14917,1.14935,3509.39
1750244400000,1.14933,1.15085,1.1492,1.15074,4234.17
1750248000000,1.15072,1.15168,1.15011,1.15059,5546.34
1750251600000,1.15057,1.15087,1.14879,1.14886,6907.28
1750255200000,1.14885,1.1523,1.1484,1.15072,13467.61
1750258800000,1.15073,1.153,1.15056,1.15203,7038.79
1750262400000,1.15202,1.15249,1.15014,1.1503,4162.12
1750266000000,1.1503,1.1509,1.14878,1.14969,4859.49
1750269600000,1.14968,1.15289,1.14737,1.14749,23027.38
1750273200000,1.1475,1.14875,1.14608,1.14742,18231.45
1750276800000,1.14741,1.1484,1.14719,1.14776,3771.28
1750280400000,1.14777,1.14824,1.14738,1.14818,1085.64
1750284000000,1.14819,1.14887,1.14747,1.148,1738.68
1750287600000,1.14802,1.14816,1.14707,1.14758,2304.37
1750291200000,1.14758,1.14835,1.14739,1.14808,6868.1
1750294800000,1.14808,1.14818,1.14518,1.14529,9403.25
1750298400000,1.14528,1.14579,1.14502,1.1455,5102.16
1750302000000,1.1455,1.14682,1.14531,1.14657,3314.21
1750305600000,1.1466,1.14692,1.1463,1.1469,2331.6
1750309200000,1.1469,1.14691,1.14507,1.14563,4254.81
1750312800000,1.14564,1.14676,1.14461,1.14666,5540.81
1750316400000,1.14667,1.14768,1.146,1.14614,6588.49
1750320000000,1.14613,1.14792,1.14564,1.14765,8583.86
1750323600000,1.14767,1.14797,1.14693,1.14754,4733.09
1750327200000,1.14753,1.1479,1.14693,1.14733,4297.31
1750330800000,1.14735,1.14874,1.14675,1.1481,5143.92
1750334400000,1.14807,1.1486,1.14695,1.14775,5742.01
1750338000000,1.14774,1.14844,1.14713,1.14726,5242.63
1750341600000,1.14725,1.14806,1.14617,1.14684,5369.11
1750345200000,1.14685,1.14722,1.14583,1.14597,3779.13
1750348800000,1.14596,1.14613,1.14545,1.14563,2006.92
1750352400000,1.14562,1.14829,1.14552,1.14789,1790.37
1750356000000,1.14787,1.14868,1.14772,1.14848,1281.35
1750359600000,1.14849,1.14999,1.14841,1.14974,2306.03
1750363200000,1.14974,1.14992,1.1492,1.14942,2215.1
1750366800000,1.14942,1.14972,1.14917,1.14939,706.74
1750370400000,1.1494,1.15001,1.14914,1.14972,2605.8
1750374000000,1.14978,1.15125,1.14966,1.15113,2594.61
1750377600000,1.15112,1.15238,1.15105,1.15225,4979.46
1750381200000,1.15227,1.1523,1.15129,1.15131,6419.07
1750384800000,1.15131,1.15215,1.15108,1.15179,4879.31
1750388400000,1.1518,1.15302,1.15151,1.15293,5261.47
1750392000000,1.15292,1.15323,1.1524,1.15267,4028.52
1750395600000,1.15267,1.15289,1.1519,1.15271,4798.52
1750399200000,1.15271,1.15295,1.15138,1.15164,7787.17
1750402800000,1.15165,1.15193,1.15099,1.15163,6242.74
1750406400000,1.15162,1.15266,1.15114,1.15226,4055.94
1750410000000,1.15224,1.15283,1.15194,1.15268,3434.34
1750413600000,1.15267,1.15349,1.15225,1.1524,3093.21
1750417200000,1.1524,1.15259,1.15117,1.15211,4863.45
1750420800000,1.1521,1.15267,1.15055,1.15125,7991.22
1750424400000,1.15127,1.15213,1.15089,1.15182,6117.76
1750428000000,1.15181,1.15191,1.1495,1.15135,6906.44
1750431600000,1.15136,1.15287,1.1511,1.15195,6394.15
1750435200000,1.15196,1.1537,1.15191,1.15358,3981.15
1750438800000,1.1536,1.15439,1.15317,1.15321,3798.45
1750442400000,1.1532,1.15369,1.15269,1.15286,2842.06
1750446000000,1.15285,1.15316,1.15153,1.15156,2602.2
1750449600000,1.15155,1.15227,1.15137,1.15189,2019.94
1750626000000,1.14602,1.14742,1.14544,1.14711,890.45
1750629600000,1.14702,1.14943,1.14702,1.14885,7017.69
1750633200000,1.14892,1.15073,1.14857,1.14995,2505.53
1750636800000,1.14995,1.15056,1.14808,1.14892,6508.21
1750640400000,1.14893,1.14925,1.1472,1.14918,6848.83
1750644000000,1.1492,1.15066,1.1492,1.14994,6803.56
1750647600000,1.14996,1.15034,1.14919,1.14939,4286.85
1750651200000,1.14937,1.14963,1.1485,1.14905,3392.7
1750654800000,1.14906,1.15142,1.14905,1.1513,5605.11
1750658400000,1.15129,1.15211,1.15034,1.15071,6856.1
1750662000000,1.1507,1.1516,1.14905,1.14986,8515.96
1750665600000,1.14985,1.15019,1.14802,1.14815,6660.77
1750669200000,1.14815,1.14828,1.14533,1.1472,9420.61
1750672800000,1.14718,1.14819,1.14593,1.14624,7365.54
1750676400000,1.14622,1.14744,1.14603,1.14727,5676.84
1750680000000,1.14726,1.14779,1.1457,1.14674,5369.44
1750683600000,1.14673,1.14938,1.14645,1.14895,9985.3
1750687200000,1.14893,1.15404,1.14892,1.15307,18914.82
1750690800000,1.15308,1.15519,1.15286,1.15371,10292.89
1750694400000,1.15371,1.15573,1.15177,1.15447,9245.83
1750698000000,1.15447,1.15734,1.15405,1.15691,9215.38
1750701600000,1.1569,1.15778,1.15659,1.15741,6119.55
1750705200000,1.15739,1.15787,1.15702,1.15782,3372.05
1750708800000,1.15783,1.15814,1.15741,1.15741,2127.65
1750712400000,1.1574,1.15779,1.1574,1.15757,1853.39
1750716000000,1.15757,1.16023,1.1574,1.15921,6200.34
1750719600000,1.15928,1.16082,1.15864,1.15979,5882.9
1750723200000,1.15977,1.16088,1.15894,1.15989,7692.86
1750726800000,1.15989,1.16055,1.15897,1.15906,6954.22
1750730400000,1.15907,1.16013,1.15865,1.16,3462.68
1750734000000,1.16004,1.16096,1.15998,1.16056,3357.96
1750737600000,1.16056,1.1614,1.16019,1.16063,4078.05
1750741200000,1.16062,1.16138,1.16012,1.16107,5355.95
1750744800000,1.16105,1.16221,1.16012,1.16051,10082.76
1750748400000,1.1605,1.16104,1.15798,1.15918,11375.33
1750752000000,1.15909,1.15995,1.15853,1.15924,6218.5
1750755600000,1.15924,1.16178,1.15918,1.16095,5665.14
1750759200000,1.16094,1.16095,1.15941,1.15966,3564.63
1750762800000,1.15967,1.1615,1.15963,1.16084,4271.68
1750766400000,1.16082,1.16111,1.15938,1.16003,5453.59
1750770000000,1.16004,1.16029,1.1582,1.15915,7119.14
1750773600000,1.15916,1.16417,1.15905,1.16167,12459.53
1750777200000,1.16165,1.16365,1.16065,1.16071,9924.9
1750780800000,1.16072,1.16248,1.16049,1.16238,5645.25
1750784400000,1.16238,1.16324,1.16223,1.16259,5055.57
1750788000000,1.16259,1.16288,1.16197,1.16234,3112.69
1750791600000,1.16234,1.16248,1.16118,1.16124,2287.93
1750795200000,1.16125,1.16156,1.16079,1.16089,2289.53
1750798800000,1.16081,1.16135,1.1605,1.16079,1735.13
1750802400000,1.1608,1.16111,1.16042,1.16074,1438.1
1750806000000,1.16077,1.16153,1.16073,1.16121,1053.85
1750809600000,1.1612,1.16267,1.1611,1.1625,3346.9
1750813200000,1.16252,1.16314,1.16173,1.16283,6057.86
1750816800000,1.16287,1.16292,1.16173,1.16205,5048.06
1750820400000,1.16203,1.16231,1.16109,1.16116,3550.74
1750824000000,1.16117,1.16177,1.16113,1.16136,2184.1
1750827600000,1.16135,1.16203,1.16092,1.16189,6915.78
1750831200000,1.1619,1.16224,1.16034,1.16071,4848.2
1750834800000,1.16071,1.1609,1.15898,1.15987,4741.2
1750838400000,1.15988,1.16112,1.15929,1.16099,4640.51
1750842000000,1.16098,1.1611,1.1592,1.16005,3874.8
1750845600000,1.16007,1.16081,1.15971,1.16035,3105.19
1750849200000,1.16035,1.16132,1.15967,1.15993,3325.63
1750852800000,1.15991,1.16051,1.15901,1.15928,4719.48
1750856400000,1.15926,1.16075,1.15902,1.16008,4442.62
1750860000000,1.16006,1.16234,1.16006,1.1621,7327.86
1750863600000,1.16209,1.16296,1.16166,1.16198,5461.08
1750867200000,1.16196,1.16357,1.16195,1.16306,5250.73
1750870800000,1.16308,1.16442,1.16268,1.16425,3040.4
1750874400000,1.16424,1.16611,1.16418,1.16608,4606.55
1750878000000,1.1661,1.1665,1.16564,1.16582,2427.41
1750881600000,1.16583,1.1661,1.16509,1.16583,3042.54
1750885200000,1.16574,1.16579,1.16533,1.16553,1283.51
1750888800000,1.16555,1.16602,1.16553,1.1659,1073.37
1750892400000,1.16594,1.16845,1.16591,1.16831,2466.74
1750896000000,1.16832,1.16887,1.16801,1.16819,2971.36
1750899600000,1.1682,1.16877,1.16673,1.16863,3515.16
1750903200000,1.16864,1.1695,1.16821,1.16902,3678.74
1750906800000,1.16905,1.17174,1.16887,1.16945,4326.72
1750910400000,1.16945,1.16947,1.16785,1.16797,3429.91
1750914000000,1.16795,1.16859,1.16753,1.16849,3492.85
1750917600000,1.16849,1.17003,1.16716,1.16993,7268.38
1750921200000,1.16993,1.17132,1.16913,1.17101,6727.94
1750924800000,1.17101,1.17449,1.17068,1.17275,7510.34
1750928400000,1.17276,1.17288,1.17126,1.17251,5033.92
1750932000000,1.17249,1.17309,1.17134,1.17148,3796.93
1750935600000,1.17148,1.17155,1.16938,1.16946,5081.29
1750939200000,1.16949,1.17127,1.16898,1.17066,10043.43
1750942800000,1.17068,1.17209,1.16943,1.17169,8369.73
1750946400000,1.17169,1.17189,1.17059,1.17081,8508.95
1750950000000,1.17082,1.17173,1.16903,1.17167,6683.56
1750953600000,1.17168,1.17401,1.171,1.17292,4559.6
1750957200000,1.17291,1.1732,1.17205,1.17248,4063.06
1750960800000,1.17247,1.17287,1.17178,1.17204,2091.82
1750964400000,1.17205,1.17205,1.1704,1.17044,2843.26
1750968000000,1.17044,1.17084,1.16939,1.16999,2253.43
1750971600000,1.16958,1.1702,1.16902,1.1696,2550.99
1750975200000,1.16951,1.1698,1.16806,1.16829,2025.76
1750978800000,1.16828,1.1698,1.16828,1.1693,1908.86
1750982400000,1.16931,1.1698,1.1688,1.16917,5244.91
1750986000000,1.16916,1.17041,1.16859,1.17011,4660.53
1750989600000,1.17012,1.17055,1.16859,1.16996,4089.95
1750993200000,1.16999,1.17093,1.16952,1.16959,3640.82
1750996800000,1.16958,1.1698,1.16847,1.16849,2340.72
1751000400000,1.1685,1.16935,1.16848,1.16889,2125.22
1751004000000,1.16888,1.17188,1.16837,1.17186,4847.17
1751007600000,1.17184,1.17269,1.17068,1.17145,4543.34
1751011200000,1.17147,1.1726,1.17085,1.17094,3967.23
1751014800000,1.17096,1.17111,1.17014,1.17091,3322.82
1751018400000,1.17091,1.17153,1.17011,1.17137,3399.68
1751022000000,1.17138,1.17201,1.17106,1.1714,3384.56
1751025600000,1.17141,1.17494,1.17029,1.17468,9272.23
1751029200000,1.17469,1.17539,1.17155,1.17278,7984.77
1751032800000,1.17276,1.17383,1.17054,1.17182,7850.74
1751036400000,1.17183,1.17302,1.17113,1.17235,4963.89
1751040000000,1.17233,1.17321,1.17172,1.17222,3854.29
1751043600000,1.17223,1.17239,1.16952,1.1702,6020.51
1751047200000,1.17018,1.17056,1.16879,1.16995,5000.04
1751050800000,1.16995,1.17089,1.16989,1.17066,3058.2
1751054400000,1.17063,1.17205,1.17058,1.17162,2957.04
1751230800000,1.17287,1.17312,1.17218,1.17309,356.08
1751234400000,1.17304,1.17325,1.17215,1.17296,3094.31
1751238000000,1.17297,1.17385,1.17259,1.17263,2946.9
1751241600000,1.17264,1.17281,1.17158,1.17179,4293.88
1751245200000,1.1718,1.17347,1.17149,1.17203,5007.99
1751248800000,1.172,1.17314,1.17179,1.17191,4363.41
1751252400000,1.17189,1.17219,1.17115,1.17121,2257.62
1751256000000,1.17123,1.17317,1.1712,1.17302,2256.44
1751259600000,1.17301,1.17384,1.17232,1.1726,3931.45
1751263200000,1.17262,1.17506,1.17207,1.17432,5336.28
1751266800000,1.17431,1.17431,1.17245,1.17246,6119.4
1751270400000,1.17243,1.17303,1.17135,1.17294,5368.86
1751274000000,1.17291,1.17328,1.17172,1.17195,4147.36
1751277600000,1.17194,1.17247,1.17165,1.17245,3379.98
1751281200000,1.17245,1.17316,1.17224,1.17224,3098.52
1751284800000,1.17227,1.17251,1.17075,1.17133,9118.63
1751288400000,1.17133,1.17214,1.17119,1.17213,6819.25
1751292000000,1.17211,1.17509,1.17107,1.17385,9954.51
1751295600000,1.17385,1.17716,1.17334,1.17697,8121.88
1751299200000,1.17694,1.17698,1.17488,1.17624,5988.3
1751302800000,1.17622,1.17705,1.17603,1.17657,3069.32
1751306400000,1.17657,1.178,1.17646,1.17757,2690.71
1751310000000,1.17755,1.17805,1.17723,1.17795,2186.99
1751313600000,1.17796,1.17881,1.17774,1.17869,2344.93
1751317200000,1.17797,1.17866,1.17778,1.17858,1494.26
1751320800000,1.178,1.17907,1.17775,1.17857,2449.4
1751324400000,1.17855,1.17874,1.17832,1.17863,1600.13
1751328000000,1.17862,1.17978,1.17861,1.17973,5062.68
1751331600000,1.17974,1.18076,1.17793,1.17801,5180.05
1751335200000,1.17799,1.17895,1.17776,1.17879,3275.36
1751338800000,1.17878,1.17938,1.17866,1.17892,2740.84
1751342400000,1.17894,1.17937,1.17826,1.17862,3325.21
1751346000000,1.17862,1.17894,1.17801,1.17865,2117.01
1751349600000,1.17864,1.17865,1.17758,1.17793,4334.61
1751353200000,1.17793,1.17878,1.17673,1.17858,5221.62
1751356800000,1.17856,1.18172,1.17743,1.18043,8357.1
1751360400000,1.18041,1.18298,1.17966,1.18136,8142.59
1751364000000,1.18137,1.18232,1.18109,1.18112,3960.2
1751367600000,1.18113,1.18192,1.18058,1.18139,3900.67
1751371200000,1.18137,1.18174,1.18023,1.18036,4750.43
1751374800000,1.18037,1.18118,1.17931,1.18016,7535.15
1751378400000,1.18017,1.18028,1.17751,1.17796,12609.16
1751382000000,1.17794,1.17795,1.17689,1.17758,6764.83
1751385600000,1.17757,1.17758,1.17611,1.17652,4929.38
1751389200000,1.17654,1.17836,1.17654,1.17827,5368.36
1751392800000,1.17826,1.17835,1.17749,1.17807,2182.56
1751396400000,1.17806,1.17913,1.17792,1.17909,6142.5
1751400000000,1.17908,1.18068,1.17906,1.18059,3444.82
1751403600000,1.18024,1.18053,1.17993,1.18042,3747.1
1751407200000,1.18033,1.18064,1.1802,1.18025,1155.93
1751410800000,1.18026,1.18068,1.17992,1.1805,943.21
1751414400000,1.18048,1.18081,1.17991,1.18076,2184.31
1751418000000,1.18077,1.18098,1.17918,1.17934,5901.81
1751421600000,1.17936,1.18015,1.1788,1.18002,5875.85
1751425200000,1.18001,1.18027,1.17962,1.18002,1880.53
1751428800000,1.18001,1.18011,1.17957,1.17963,874.99
1751432400000,1.17962,1.17981,1.17846,1.17871,2067.72
1751436000000,1.17875,1.17934,1.17734,1.17813,6478.56
1751439600000,1.17812,1.17834,1.17708,1.17738,4775
1751443200000,1.17737,1.17814,1.17698,1.17755,5094.79
1751446800000,1.17756,1.17775,1.1767,1.17701,3895.01
1751450400000,1.17702,1.17808,1.17645,1.17673,3537.57
1751454000000,1.17673,1.17711,1.17467,1.17494,4326.5
1751457600000,1.17494,1.17883,1.1747,1.17562,16329.24
1751461200000,1.17561,1.17774,1.17546,1.17596,8728.05
1751464800000,1.17596,1.17706,1.17508,1.17674,9408.44
1751468400000,1.17672,1.17898,1.17658,1.17891,9389.94
1751472000000,1.17891,1.17938,1.17855,1.17884,5984.94
1751475600000,1.17885,1.18,1.17884,1.17953,3399.93
1751479200000,1.17951,1.18,1.17931,1.17994,2284.73
1751482800000,1.17992,1.18031,1.17952,1.18021,2202.25
1751486400000,1.18021,1.18023,1.17954,1.17983,1469.7
1751490000000,1.17935,1.17985,1.17869,1.17977,1587.67
1751493600000,1.17932,1.17999,1.17932,1.17979,1259.83
1751497200000,1.1798,1.1802,1.17969,1.17985,814.71
1751500800000,1.17985,1.18087,1.17977,1.18064,4750.89
1751504400000,1.18067,1.181,1.18038,1.18042,2380
1751508000000,1.18044,1.18047,1.17945,1.17977,1747.32
1751511600000,1.17977,1.17991,1.1789,1.17916,1817.53
1751515200000,1.17914,1.17931,1.17876,1.17891,1203.79
1751518800000,1.17891,1.1796,1.17868,1.17959,2895.29
1751522400000,1.1796,1.18027,1.17913,1.18021,5578.03
1751526000000,1.18021,1.18099,1.17942,1.18012,6569.42
1751529600000,1.18013,1.18082,1.17953,1.17977,4775.02
1751533200000,1.1798,1.1798,1.17884,1.17921,4815.15
1751536800000,1.17921,1.18,1.17869,1.1793,3837.87
1751540400000,1.1793,1.17967,1.1783,1.17847,3420.85
1751544000000,1.17848,1.17897,1.17169,1.17382,20293.9
1751547600000,1.17382,1.17794,1.17339,1.17735,13803.58
1751551200000,1.17737,1.17897,1.1751,1.17532,11511.8
1751554800000,1.17531,1.17661,1.17491,1.17568,6804.57
1751558400000,1.1757,1.17579,1.17399,1.17522,3987.34
1751562000000,1.17536,1.17582,1.17503,1.17529,1312.89
1751565600000,1.17537,1.17562,1.17478,1.17486,1071.44
1751569200000,1.17486,1.17522,1.17442,1.17476,551.82
1751572800000,1.17475,1.17595,1.17464,1.17564,1322.68
1751576400000,1.1756,1.17582,1.17524,1.17567,721.36
1751580000000,1.17567,1.17593,1.17535,1.17593,1316.37
1751583600000,1.17593,1.17712,1.17557,1.17688,2100.2
1751587200000,1.1769,1.17705,1.17633,1.17669,4216.72
1751590800000,1.17671,1.17694,1.17561,1.17594,4440.74
1751594400000,1.17594,1.17706,1.17594,1.17652,1744.13
1751598000000,1.17652,1.17725,1.17645,1.17701,1538.35
1751601600000,1.177,1.178,1.17693,1.17799,2271.75
1751605200000,1.178,1.17854,1.17797,1.17839,1900.3
1751608800000,1.17839,1.17847,1.17741,1.1781,4669.05
1751612400000,1.1781,1.17826,1.17675,1.17696,5072.63
1751616000000,1.17698,1.17774,1.17679,1.17744,3924.57
1751619600000,1.17742,1.17819,1.1772,1.17782,3602.61
1751623200000,1.1778,1.17808,1.17748,1.17776,2741.34
1751626800000,1.17777,1.1782,1.17683,1.17687,2904.32
1751630400000,1.17689,1.17716,1.17636,1.17666,2819.63
1751634000000,1.17663,1.17808,1.17663,1.17793,1863.84
1751637600000,1.17794,1.17873,1.17751,1.17784,2738.63
1751641200000,1.17782,1.17843,1.17758,1.17783,1874.45
1751644800000,1.17783,1.17815,1.17735,1.17742,2172.49
1751648400000,1.17742,1.17776,1.17718,1.17755,8500.21
1751652000000,1.17755,1.17792,1.17739,1.17788,3299.1
1751655600000,1.17788,1.17797,1.17725,1.17748,6165.81
1751659200000,1.17747,1.17829,1.17719,1.17719,15666.42
1751835600000,1.17793,1.17825,1.17775,1.17789,505.89
1751839200000,1.17792,1.17816,1.17732,1.17796,1205.5
1751842800000,1.178,1.17821,1.1775,1.178,932.99
1751846400000,1.17805,1.17901,1.17787,1.17799,2879.09
1751850000000,1.17797,1.17805,1.17698,1.17718,2665.43
1751853600000,1.1772,1.17753,1.17644,1.17673,2531.83
1751857200000,1.17671,1.17741,1.17663,1.17689,2297.57
1751860800000,1.17689,1.17723,1.17639,1.17659,2185.47
1751864400000,1.1766,1.17737,1.17633,1.17712,2018.79
1751868000000,1.17711,1.17733,1.17499,1.17557,4808.21
1751871600000,1.17559,1.17585,1.17452,1.17456,7316.01
1751875200000,1.17455,1.17473,1.17232,1.17241,6687.16
1751878800000,1.1724,1.17345,1.1722,1.17339,3319.92
1751882400000,1.1734,1.17359,1.1723,1.17275,4354.48
1751886000000,1.17274,1.17341,1.17247,1.17294,3836.39
1751889600000,1.17293,1.1731,1.17179,1.17223,3404.11
1751893200000,1.17223,1.17408,1.17219,1.17351,5842.7
1751896800000,1.17351,1.17453,1.17329,1.17386,4664.9
1751900400000,1.17387,1.17403,1.17302,1.17327,3672.67
1751904000000,1.1733,1.17396,1.16873,1.16939,8230.96
1751907600000,1.16942,1.17134,1.16868,1.17067,8827.87
1751911200000,1.17066,1.17198,1.17,1.17187,10899.46
1751914800000,1.17186,1.17237,1.17162,1.17193,7953.24
1751918400000,1.17193,1.17212,1.17065,1.17077,4201.92
1751922000000,1.17093,1.17101,1.17063,1.1707,740.52
1751925600000,1.17088,1.17374,1.17088,1.1735,1829.29
1751929200000,1.17352,1.17386,1.17315,1.17363,1692.3
1751932800000,1.17365,1.17478,1.17364,1.17434,6026.82
1751936400000,1.17434,1.17445,1.17305,1.17381,3379.34
1751940000000,1.1738,1.17484,1.17361,1.17381,4152.03
1751943600000,1.17382,1.17487,1.17367,1.17467,2616.88
1751947200000,1.17467,1.175,1.17405,1.17413,2859.65
1751950800000,1.17413,1.17446,1.17335,1.17346,4015.16
1751954400000,1.17346,1.17446,1.17315,1.17417,4063.9
1751958000000,1.17419,1.1765,1.17417,1.17599,4509.46
1751961600000,1.17598,1.17605,1.17474,1.17487,4389.15
1751965200000,1.17487,1.17504,1.17387,1.17418,2732.33
1751968800000,1.1742,1.17422,1.17232,1.17278,3233.27
1751972400000,1.17278,1.17383,1.17212,1.17218,3931.87
1751976000000,1.17217,1.17244,1.17138,1.17208,6976.02
1751979600000,1.17207,1.1722,1.16936,1.17049,9313.46
1751983200000,1.17049,1.17064,1.16825,1.1692,16454.56
1751986800000,1.1692,1.17125,1.16895,1.17067,5614.37
1751990400000,1.17067,1.17129,1.16962,1.17085,6430.01
1751994000000,1.17084,1.17258,1.17074,1.17242,5014.02
1751997600000,1.17244,1.17285,1.17182,1.17252,2796.86
1752001200000,1.17255,1.17296,1.17194,1.17243,2455.55
1752004800000,1.17242,1.17287,1.17224,1.17246,2313.94
1752008400000,1.17209,1.17243,1.17135,1.17223,3852.28
1752012000000,1.17201,1.17291,1.17201,1.17284,957.85
1752015600000,1.17288,1.17288,1.17217,1.17233,876.45
1752019200000,1.17233,1.17258,1.17173,1.17242,5687.95
1752022800000,1.17243,1.17254,1.17168,1.17204,5981.07
1752026400000,1.17203,1.17253,1.17047,1.17111,5533.36
1752030000000,1.17111,1.17116,1.17027,1.17038,4065.27
1752033600000,1.17035,1.17136,1.17015,1.17122,2463.81
1752037200000,1.17121,1.17213,1.17107,1.17166,1997.66
1752040800000,1.17167,1.17284,1.17124,1.17258,3710.84
1752044400000,1.1726,1.17283,1.17042,1.17076,5665.36
1752048000000,1.17073,1.17199,1.17021,1.17133,5348.66
1752051600000,1.17133,1.17197,1.17073,1.17133,3784.51
1752055200000,1.17133,1.17175,1.17015,1.17018,4078.21
1752058800000,1.17017,1.17064,1.16895,1.16909,3113.21
1752062400000,1.16911,1.17168,1.16911,1.17152,6867.34
1752066000000,1.17153,1.17224,1.17005,1.17033,6007.25
1752069600000,1.17034,1.17245,1.17027,1.17147,6569.63
1752073200000,1.17146,1.17163,1.17049,1.1706,3421.22
1752076800000,1.17062,1.17089,1.17007,1.17048,1911.33
1752080400000,1.17048,1.17108,1.17037,1.17089,1906.93
1752084000000,1.1709,1.17178,1.1705,1.17132,2862.62
1752087600000,1.17133,1.17232,1.17128,1.1719,1721.21
1752091200000,1.17188,1.17237,1.17117,1.172,1480.65
1752094800000,1.17213,1.17215,1.17123,1.172,1273.06
1752098400000,1.17212,1.17249,1.17211,1.17243,526.06
1752102000000,1.17244,1.17396,1.17228,1.17378,999.54
1752105600000,1.17375,1.17494,1.17354,1.17436,4514.88
1752109200000,1.17436,1.17443,1.17378,1.17406,2960.97
1752112800000,1.17406,1.17445,1.17372,1.17389,3612.63
1752116400000,1.1739,1.17399,1.17336,1.17338,2362.71
1752120000000,1.17339,1.17359,1.17302,1.17349,1485.76
1752123600000,1.17348,1.17408,1.17345,1.17391,1838.78
1752127200000,1.17392,1.17433,1.17292,1.17327,3820.24
1752130800000,1.17325,1.17378,1.1726,1.17331,4530.68
1752134400000,1.17329,1.17341,1.17259,1.17276,9430.85
1752138000000,1.17277,1.17343,1.17277,1.17308,8361.76
1752141600000,1.17311,1.1734,1.17273,1.17282,3921.99
1752145200000,1.17282,1.17293,1.17079,1.17114,4340.08
1752148800000,1.17117,1.1714,1.17015,1.17063,6914.16
1752152400000,1.17065,1.17146,1.16866,1.16925,6889.83
1752156000000,1.16925,1.16938,1.16623,1.16796,12272.29
1752159600000,1.16796,1.16884,1.16739,1.16872,9694.28
1752163200000,1.16873,1.16902,1.16822,1.16854,8631.84
1752166800000,1.16854,1.16913,1.16815,1.16891,3418.17
1752170400000,1.1689,1.16947,1.16877,1.1692,1815.59
1752174000000,1.16919,1.16989,1.16897,1.16955,1873.48
1752177600000,1.16955,1.17005,1.16944,1.17002,1385.3356
1752181200000,1.16997,1.17033,1.16954,1.17031,1475.0228
1752184800000,1.17031,1.17071,1.17021,1.17055,1029.19
1752188400000,1.17055,1.1706,1.16996,1.17018,1180.81
1752192000000,1.17016,1.17047,1.16645,1.16746,9518.13
1752195600000,1.16746,1.16858,1.16685,1.1675,4993.55
1752199200000,1.1675,1.16779,1.16708,1.1671,2282.56
1752202800000,1.16711,1.16843,1.16702,1.16817,1507.88
1752206400000,1.16815,1.16826,1.16691,1.16761,1953.62
1752210000000,1.16761,1.16841,1.16749,1.1678,2975.79
1752213600000,1.16783,1.16846,1.167,1.16747,4464.02
1752217200000,1.16745,1.16958,1.16745,1.16889,4280.75
1752220800000,1.1689,1.16922,1.16794,1.16821,4687.73
1752224400000,1.1682,1.16954,1.16812,1.1695,3381.08
1752228000000,1.16948,1.16967,1.16873,1.16924,4286.39
1752231600000,1.16924,1.17011,1.16862,1.16878,4816.38
1752235200000,1.16876,1.17,1.16823,1.16885,5389.82
1752238800000,1.16885,1.17138,1.16864,1.16886,7010.55
1752242400000,1.16886,1.16943,1.16741,1.16919,5841.75
1752246000000,1.16919,1.1704,1.16892,1.16961,4241.83
1752249600000,1.16958,1.16978,1.16887,1.16913,3722.33
1752253200000,1.16914,1.16947,1.16863,1.16932,2293.52
1752256800000,1.16935,1.16958,1.16883,1.16883,2628.8
1752260400000,1.16885,1.16919,1.16856,1.16878,2738.3
1752264000000,1.1688,1.16936,1.16787,1.16852,2597.58
1752440400000,1.16658,1.16736,1.16611,1.16677,863.65
1752444000000,1.16676,1.16843,1.16629,1.16644,3111.15
1752447600000,1.16643,1.16826,1.1663,1.16822,2034.37
1752451200000,1.16822,1.16939,1.16817,1.16932,3424.47
1752454800000,1.16932,1.16978,1.16838,1.16846,3092.12
1752458400000,1.16846,1.16901,1.16725,1.16744,3180.86
1752462000000,1.16745,1.16847,1.16732,1.16809,2402.34
1752465600000,1.16808,1.16816,1.16747,1.16748,1553.78
1752469200000,1.16747,1.16783,1.16648,1.16693,2771.11
1752472800000,1.16694,1.167,1.16541,1.16635,3650.55
1752476400000,1.16635,1.16874,1.16628,1.16857,4273.53
1752480000000,1.16855,1.16887,1.168,1.16823,4632.02
1752483600000,1.16823,1.16919,1.16793,1.16909,3731.49
1752487200000,1.16911,1.1695,1.16878,1.16946,3148.13
1752490800000,1.16948,1.1697,1.16863,1.16887,3896.23
1752494400000,1.16885,1.16917,1.168,1.16855,3484
1752498000000,1.16855,1.16865,1.16746,1.16818,3625.15
1752501600000,1.16817,1.16942,1.16783,1.16833,4238.26
1752505200000,1.16835,1.16958,1.16668,1.1671,5050.28
1752508800000,1.1671,1.16756,1.16602,1.16623,4337.81
1752512400000,1.16621,1.16667,1.1659,1.16627,1955.08
1752516000000,1.16626,1.16729,1.16626,1.16701,8525.84
1752519600000,1.16698,1.16718,1.16645,1.16678,8382.34
1752523200000,1.16679,1.16689,1.16628,1.1664,1372.2
1752526800000,1.16635,1.16646,1.166,1.16631,1386.053
1752530400000,1.16631,1.16676,1.16631,1.16663,543.48
1752534000000,1.16663,1.16669,1.16602,1.1665,1121.4
1752537600000,1.1665,1.16772,1.16646,1.1672,3444.81
1752541200000,1.16721,1.16743,1.16658,1.16687,3718.25
1752544800000,1.16691,1.16748,1.16649,1.16742,5545.21
1752548400000,1.16743,1.16775,1.16729,1.16756,3025.19
1752552000000,1.16758,1.16799,1.16738,1.16758,978.75
1752555600000,1.1676,1.16861,1.16758,1.16855,1947.79
1752559200000,1.16855,1.16879,1.16742,1.16777,4228.21
1752562800000,1.16775,1.16925,1.16716,1.16903,4466.72
1752566400000,1.16902,1.16912,1.16816,1.16863,2968.18
1752570000000,1.16867,1.1691,1.16811,1.16849,2750.65
1752573600000,1.1685,1.16873,1.16762,1.16838,2426.83
1752577200000,1.16837,1.16841,1.16675,1.16695,2816.54
1752580800000,1.16694,1.1691,1.16621,1.16778,13065.57
1752584400000,1.16778,1.1679,1.1639,1.16429,13824.79
1752588000000,1.1643,1.16441,1.16151,1.16183,24844.82
1752591600000,1.16185,1.16186,1.16007,1.16178,7390.87
1752595200000,1.16179,1.16203,1.15937,1.1596,5970.94
1752598800000,1.15961,1.1601,1.15927,1.15967,2389.85
1752602400000,1.15964,1.16052,1.15954,1.1603,7696.37
1752606000000,1.1603,1.16034,1.15991,1.16008,2275.31
1752609600000,1.16007,1.16038,1.15992,1.16005,909.24
1752613200000,1.15999,1.16002,1.1597,1.15988,771.95
1752616800000,1.15991,1.16042,1.15979,1.16042,1056.23
1752620400000,1.16039,1.16077,1.16028,1.1607,628.01
1752624000000,1.16073,1.16132,1.16023,1.16077,3881.37
1752627600000,1.16078,1.16152,1.16062,1.16134,2552.02
1752631200000,1.16134,1.16136,1.1607,1.16101,1687.41
1752634800000,1.16105,1.16152,1.16058,1.16108,2229.58
1752638400000,1.16109,1.16197,1.161,1.16195,3306.68
1752642000000,1.16195,1.16206,1.16144,1.16204,2479.86
1752645600000,1.16202,1.16277,1.16185,1.16274,4518.23
1752649200000,1.16274,1.16281,1.16127,1.16184,4535.67
1752652800000,1.16182,1.16256,1.16178,1.16253,3300.9
1752656400000,1.16252,1.16264,1.1613,1.16154,2879.59
1752660000000,1.16156,1.16188,1.1609,1.16169,2546.17
1752663600000,1.1617,1.16209,1.16008,1.16034,5577.97
1752667200000,1.16036,1.16127,1.15928,1.15984,10990.01
1752670800000,1.15983,1.16028,1.15631,1.15723,10090.84
1752674400000,1.15725,1.16058,1.15623,1.15925,15633.31
1752678000000,1.15923,1.17212,1.15921,1.16286,35512.49
1752681600000,1.16281,1.16561,1.16155,1.1639,15394.84
1752685200000,1.16391,1.16584,1.16361,1.16413,6564.58
1752688800000,1.16414,1.16444,1.16272,1.16279,3760.32
1752692400000,1.16282,1.16369,1.16203,1.16357,3313.57
1752696000000,1.16356,1.16425,1.16333,1.16377,1901.1
1752699600000,1.1639,1.16394,1.16328,1.16349,2122.04
1752703200000,1.16345,1.16424,1.16334,1.16362,1423.06
1752706800000,1.16363,1.16398,1.16332,1.16353,3000.69
1752710400000,1.16353,1.16361,1.16172,1.16237,11046.83
1752714000000,1.16238,1.16288,1.16136,1.16276,10133.84
1752717600000,1.16276,1.16277,1.16166,1.1618,5839.07
1752721200000,1.16182,1.16194,1.16138,1.16188,3468.26
1752724800000,1.16189,1.16243,1.16159,1.16242,2589.5
1752728400000,1.16241,1.16271,1.16166,1.16168,3107.19
1752732000000,1.16168,1.16176,1.15733,1.15829,8315.45
1752735600000,1.15833,1.15965,1.15739,1.15905,5351.42
1752739200000,1.15905,1.16052,1.15895,1.1601,3905.55
1752742800000,1.16012,1.16044,1.15887,1.15907,2938.34
1752746400000,1.15905,1.15912,1.15834,1.15858,2091.33
1752750000000,1.15859,1.15898,1.157,1.15744,2610.52
1752753600000,1.15743,1.15924,1.15566,1.1587,12759.97
1752757200000,1.15872,1.15983,1.15802,1.15863,6521.78
1752760800000,1.15864,1.15926,1.15777,1.15878,5232.72
1752764400000,1.15877,1.16024,1.15853,1.15962,4692.73
1752768000000,1.15962,1.16018,1.15833,1.1586,3572.6
1752771600000,1.15859,1.15906,1.15821,1.15849,2587.31
1752775200000,1.15849,1.15878,1.15799,1.15843,2286.78
1752778800000,1.15842,1.15996,1.15842,1.15975,2434.54
1752782400000,1.15974,1.16001,1.1594,1.15955,1131.78
1752786000000,1.15956,1.15987,1.15901,1.15975,696.494
1752789600000,1.15976,1.16191,1.15973,1.16167,1942.124
1752793200000,1.1617,1.16196,1.16143,1.1615,1944.55
1752796800000,1.16151,1.16275,1.16143,1.16244,3234.31
1752800400000,1.16247,1.1634,1.162,1.16288,3261.77
1752804000000,1.16288,1.16311,1.1624,1.16291,2373.69
1752807600000,1.16291,1.16317,1.1622,1.16237,1210.46
1752811200000,1.16237,1.16239,1.1618,1.16192,1183.34
1752814800000,1.1619,1.16205,1.16121,1.16167,1719.77
1752818400000,1.16168,1.16223,1.16119,1.16203,3367.98
1752822000000,1.16204,1.16312,1.16199,1.16288,3708.78
1752825600000,1.16287,1.16456,1.16281,1.16355,4220.88
1752829200000,1.16356,1.16428,1.16332,1.16335,3355.28
1752832800000,1.16333,1.16419,1.16319,1.164,2929.61
1752836400000,1.16399,1.16478,1.16395,1.16442,3686.21
1752840000000,1.16442,1.16584,1.16431,1.1656,5892.17
1752843600000,1.16561,1.16677,1.16478,1.16659,7061.26
1752847200000,1.16661,1.16716,1.16442,1.16478,11000.27
1752850800000,1.16478,1.16576,1.16427,1.16445,4985.71
1752854400000,1.16446,1.16487,1.16262,1.16284,4647.18
1752858000000,1.16283,1.16296,1.16177,1.16267,2652.49
1752861600000,1.16269,1.1628,1.16193,1.16216,1799.01
1752865200000,1.16217,1.1623,1.1617,1.16223,1463.32
1752868800000,1.16219,1.1628,1.16189,1.16207,1899.99
1753045200000,1.16236,1.16338,1.16231,1.16328,986.24
1753048800000,1.16336,1.1634,1.16221,1.16259,2894.03
1753052400000,1.1626,1.16316,1.16244,1.16294,935.11
1753056000000,1.16296,1.16362,1.16188,1.16191,1976.98
1753059600000,1.16187,1.16252,1.16156,1.16173,2517.38
1753063200000,1.16171,1.16241,1.16145,1.16215,2599.64
1753066800000,1.16216,1.16255,1.16199,1.16253,2601.96
1753070400000,1.16251,1.163,1.1623,1.1629,3231.23
1753074000000,1.16289,1.16351,1.16276,1.16333,2703.34
1753077600000,1.16334,1.16427,1.16291,1.16411,3268.07
1753081200000,1.16413,1.16472,1.16354,1.16434,10295.96
1753084800000,1.16433,1.16522,1.16363,1.16422,10018.55
1753088400000,1.16424,1.16485,1.16383,1.16446,3034.2
1753092000000,1.16449,1.1646,1.16336,1.16456,2890.69
1753095600000,1.16455,1.16698,1.16444,1.16676,3813.81
1753099200000,1.16674,1.16733,1.16624,1.1665,4793.39
1753102800000,1.16648,1.16654,1.16577,1.16648,3418.34
1753106400000,1.16645,1.16984,1.16639,1.16965,7323.6
1753110000000,1.16963,1.17166,1.16954,1.17045,6409.46
1753113600000,1.17045,1.17055,1.16954,1.16999,3493.76
1753117200000,1.16998,1.17015,1.16858,1.16908,2490.65
1753120800000,1.16907,1.1695,1.16868,1.16935,1940.29
1753124400000,1.16936,1.1696,1.16891,1.16894,1798.33
1753128000000,1.16893,1.16966,1.16881,1.16908,1328.63
1753131600000,1.1692,1.16942,1.1689,1.16907,1066.32
1753135200000,1.16899,1.16946,1.16899,1.16942,888.55
1753138800000,1.16942,1.16957,1.16904,1.16945,695.94
1753142400000,1.1695,1.16953,1.16832,1.16884,3152.11
1753146000000,1.16885,1.16902,1.16823,1.16879,2065.17
1753149600000,1.1688,1.16955,1.16878,1.16906,1961.5
1753153200000,1.1691,1.1691,1.16851,1.16871,1127.82
1753156800000,1.16873,1.16944,1.16858,1.16882,1434.87
1753160400000,1.16883,1.16921,1.1683,1.16871,1767.24
1753164000000,1.16867,1.16922,1.16839,1.16907,2833.33
1753167600000,1.16907,1.16921,1.16815,1.16857,4344.97
1753171200000,1.16857,1.17033,1.16837,1.16984,4250.51
1753174800000,1.16984,1.17068,1.16932,1.17051,3238.58
1753178400000,1.17052,1.17092,1.16995,1.17017,2696.95
1753182000000,1.17019,1.17037,1.16942,1.17014,3872.5
1753185600000,1.17013,1.17047,1.16829,1.16905,4856.28
1753189200000,1.16906,1.17044,1.16788,1.1704,7224.08
1753192800000,1.1704,1.17265,1.16907,1.17224,8997.14
1753196400000,1.17222,1.17488,1.17144,1.17477,7266.43
1753200000000,1.1748,1.17607,1.17446,1.17548,4401.49
1753203600000,1.17549,1.17554,1.17431,1.17458,2345.36
1753207200000,1.17458,1.17481,1.17417,1.17477,1954.38
1753210800000,1.17477,1.17525,1.17448,1.17514,1590.23
1753214400000,1.17513,1.17547,1.1745,1.17538,1598.32
1753218000000,1.17537,1.1754,1.17481,1.17485,752.25
1753221600000,1.17485,1.17509,1.17463,1.17479,1088.91
1753225200000,1.17482,1.17559,1.17361,1.17378,2356.76
1753228800000,1.17377,1.17479,1.17335,1.1747,4829.72
1753232400000,1.17472,1.17488,1.17303,1.1737,3003.92
1753236000000,1.17369,1.17419,1.17328,1.17347,3978.39
1753239600000,1.17346,1.1746,1.17338,1.17387,2515.38
1753243200000,1.17389,1.17397,1.17319,1.17347,1990.95
1753246800000,1.1735,1.17375,1.17273,1.17303,2398.36
1753250400000,1.17302,1.17424,1.173,1.17422,4392.83
1753254000000,1.17421,1.17527,1.17339,1.17419,5126.35
1753257600000,1.17419,1.17479,1.17308,1.17327,3909.79
1753261200000,1.17325,1.17393,1.173,1.17357,4364.39
1753264800000,1.17356,1.17363,1.17229,1.17259,4049.77
1753268400000,1.17257,1.17312,1.17232,1.17257,4569.29
1753272000000,1.17257,1.17328,1.17198,1.1725,4509.69
1753275600000,1.17249,1.17302,1.17109,1.1726,6040.18
1753279200000,1.1726,1.17376,1.17233,1.17335,5513.35
1753282800000,1.17335,1.17579,1.17214,1.17466,7255.19
1753286400000,1.17467,1.17606,1.17429,1.17509,10993.93
1753290000000,1.17512,1.17647,1.17452,1.17596,4977.35
1753293600000,1.17596,1.17737,1.17596,1.17712,3309.93
1753297200000,1.17714,1.17749,1.1768,1.17732,1747.84
1753300800000,1.17733,1.17751,1.17662,1.17678,2184.89
1753304400000,1.17679,1.1774,1.17672,1.17686,2234
1753308000000,1.17686,1.17747,1.17676,1.17731,1398.91
1753311600000,1.17734,1.17789,1.17728,1.17733,836.4
1753315200000,1.17732,1.17736,1.17621,1.1767,3131.23
1753318800000,1.17668,1.17793,1.17668,1.17748,5864.71
1753322400000,1.17751,1.17783,1.17707,1.17765,3870.95
1753326000000,1.17765,1.178,1.17737,1.1775,2374.64
1753329600000,1.17748,1.17777,1.17728,1.1774,1390.5
1753333200000,1.1774,1.17781,1.17703,1.17706,1640.79
1753336800000,1.17707,1.17728,1.1757,1.1757,4062.17
1753340400000,1.1757,1.17693,1.1755,1.17612,5629.94
1753344000000,1.17617,1.17679,1.17554,1.17579,4053.45
1753347600000,1.17578,1.17592,1.17464,1.17522,3431.6
1753351200000,1.17522,1.17545,1.17433,1.1749,2442.73
1753354800000,1.17491,1.17563,1.17454,1.17558,3421.34
1753358400000,1.17558,1.17584,1.1732,1.1736,6389.9
1753362000000,1.17361,1.17767,1.17303,1.17711,10783.67
1753365600000,1.1771,1.17887,1.17615,1.17658,8465.18
1753369200000,1.17662,1.17782,1.17552,1.17645,6553.92
1753372800000,1.17647,1.17723,1.17568,1.17624,3619.36
1753376400000,1.17625,1.17779,1.17603,1.17697,3086.76
1753380000000,1.17695,1.17709,1.17622,1.17658,1774.38
1753383600000,1.17659,1.177,1.17579,1.17581,1579.57
1753387200000,1.1758,1.17599,1.1745,1.17465,2487.63
1753390800000,1.17488,1.17498,1.1735,1.17471,1681.37
1753394400000,1.17467,1.17528,1.17442,1.17517,1134.86
1753398000000,1.17517,1.17572,1.17497,1.17545,872.66
1753401600000,1.17548,1.17585,1.17487,1.17543,2558.1
1753405200000,1.17544,1.17583,1.17391,1.1743,3526.46
1753408800000,1.17429,1.17436,1.17339,1.17391,2029.99
1753412400000,1.17389,1.17451,1.17365,1.17425,2522.91
1753416000000,1.17423,1.17461,1.17344,1.17399,1528.76
1753419600000,1.17399,1.17491,1.17371,1.17468,2982.49
1753423200000,1.17464,1.17609,1.17415,1.17476,4391.25
1753426800000,1.17476,1.17592,1.17475,1.17524,5844.48
1753430400000,1.17524,1.17578,1.17413,1.1743,6630.83
1753434000000,1.1743,1.17434,1.17327,1.17349,3917.96
1753437600000,1.17348,1.17373,1.17244,1.17283,3575.49
1753441200000,1.17279,1.17307,1.17112,1.17208,6406.98
1753444800000,1.17211,1.17271,1.17114,1.17181,4569.43
1753448400000,1.17182,1.17301,1.17028,1.17214,12851.29
1753452000000,1.17218,1.17353,1.17214,1.17294,5934.28
1753455600000,1.17292,1.17386,1.17219,1.17287,4006.55
1753459200000,1.17292,1.17305,1.17202,1.17287,3261.61
1753462800000,1.17286,1.17393,1.17286,1.17361,2194.87
1753466400000,1.17363,1.17466,1.17355,1.17454,2476.65
1753470000000,1.17453,1.17469,1.17412,1.17436,1278.99
1753473600000,1.17436,1.17437,1.17374,1.17396,1937.3
1753650000000,1.17552,1.17639,1.17515,1.17608,630.93
1753653600000,1.17608,1.17686,1.17507,1.17549,2393.18
1753657200000,1.1755,1.17603,1.17537,1.17554,1376.09
1753660800000,1.17554,1.177,1.17546,1.17637,3202.23
1753664400000,1.17639,1.17697,1.17473,1.17523,3172.79
1753668000000,1.17523,1.1757,1.17463,1.17548,1766.46
1753671600000,1.17547,1.17569,1.17508,1.17562,1377.46
1753675200000,1.17563,1.17579,1.17455,1.1747,1736.1
1753678800000,1.1747,1.17476,1.17397,1.17405,1643.73
1753682400000,1.17405,1.17444,1.1711,1.17211,6575.39
1753686000000,1.17212,1.17238,1.16703,1.16745,8366.75
1753689600000,1.16745,1.16902,1.1671,1.1679,5014.66
1753693200000,1.16789,1.16841,1.1658,1.16668,5214.74
1753696800000,1.16668,1.16719,1.16549,1.16579,4310.73
1753700400000,1.1658,1.16582,1.16435,1.1651,8612.39
1753704000000,1.16511,1.16649,1.16481,1.16577,7219.31
1753707600000,1.16578,1.1662,1.16256,1.1633,6878.97
1753711200000,1.16329,1.16472,1.16307,1.16371,7548
1753714800000,1.1637,1.16389,1.16078,1.16086,6101.53
1753718400000,1.16088,1.16107,1.15983,1.15991,3449.84
1753722000000,1.15989,1.16014,1.15892,1.15921,3301.48
1753725600000,1.1592,1.15947,1.15851,1.15947,3172.03
1753729200000,1.15945,1.1596,1.15889,1.15915,1501.65
1753732800000,1.15915,1.15941,1.1585,1.15876,1597.48
1753736400000,1.15867,1.15903,1.15861,1.15886,1112.25
1753740000000,1.15888,1.1594,1.15868,1.15935,905.97
1753743600000,1.15936,1.15965,1.15893,1.15963,629.67
1753747200000,1.1596,1.15974,1.15841,1.15848,1881.81
1753750800000,1.15848,1.15982,1.15848,1.15909,4628.69
1753754400000,1.1591,1.15989,1.1591,1.15971,3912.86
1753758000000,1.15969,1.15983,1.15814,1.15829,1950.84
1753761600000,1.15827,1.15889,1.15746,1.15885,1877.1
1753765200000,1.1588,1.15902,1.15768,1.15785,2025.19
1753768800000,1.15788,1.15857,1.15314,1.15336,8793.95
1753772400000,1.15338,1.15548,1.15265,1.15547,8696.8
1753776000000,1.15545,1.15693,1.15523,1.1569,4931.79
1753779600000,1.15692,1.15846,1.15631,1.15766,3997.62
1753783200000,1.15765,1.15884,1.15726,1.1574,3544.26
1753786800000,1.15741,1.15749,1.15372,1.15399,6940.89
1753790400000,1.15399,1.1542,1.15248,1.15248,5770.6
1753794000000,1.15247,1.15468,1.15188,1.15457,7202.23
1753797600000,1.15457,1.15515,1.15215,1.15228,13559.65
1753801200000,1.15229,1.15409,1.15217,1.15333,6506.29
1753804800000,1.15335,1.15493,1.15335,1.15413,3542.69
1753808400000,1.15413,1.15605,1.15399,1.15416,4006.84
1753812000000,1.15417,1.15503,1.15375,1.15503,3147.49
1753815600000,1.15503,1.15574,1.15489,1.15498,5090.23
1753819200000,1.155,1.15524,1.15438,1.15453,1602.94
1753822800000,1.15444,1.15477,1.15441,1.15476,1374.76
1753826400000,1.15479,1.15507,1.1546,1.15495,822.55
1753830000000,1.15494,1.15509,1.15465,1.15506,567.09
1753833600000,1.15506,1.15677,1.15504,1.15671,6807.01
1753837200000,1.15672,1.15725,1.15602,1.15641,11160.78
1753840800000,1.15641,1.15682,1.15606,1.15638,5257.61
1753844400000,1.15639,1.15705,1.15579,1.15616,4777.49
1753848000000,1.15615,1.15618,1.15503,1.15512,3603.5
1753851600000,1.1551,1.15594,1.15483,1.15499,4037.85
1753855200000,1.155,1.15604,1.15399,1.15562,5073.77
1753858800000,1.15564,1.15685,1.1551,1.1553,4971.52
1753862400000,1.15531,1.15592,1.15485,1.15564,3213.95
1753866000000,1.15565,1.15605,1.15448,1.15516,4061.88
1753869600000,1.15519,1.15549,1.15321,1.15393,4211.43
1753873200000,1.15393,1.15406,1.15218,1.15308,10313.53
1753876800000,1.15311,1.15345,1.14689,1.14728,17076.36
1753880400000,1.14728,1.14808,1.1458,1.14692,11858.82
1753884000000,1.14692,1.14819,1.14649,1.14804,6588.68
1753887600000,1.14802,1.14849,1.14634,1.14686,5023.54
1753891200000,1.14688,1.14741,1.14645,1.14737,3493.4
1753894800000,1.14739,1.14821,1.14739,1.14806,2986.62
1753898400000,1.14802,1.15031,1.1424,1.14242,15657.91
1753902000000,1.14239,1.14359,1.14141,1.14238,11818.68
1753905600000,1.14238,1.14294,1.14008,1.1404,6663.18
1753909200000,1.14067,1.14092,1.14014,1.14023,2310.93
1753912800000,1.14065,1.14244,1.14038,1.14226,1769.28
1753916400000,1.14281,1.14305,1.14193,1.1421,1372.15
1753920000000,1.14278,1.14375,1.14277,1.14342,2871.11
1753923600000,1.1434,1.14379,1.14233,1.14306,2866.05
1753927200000,1.14307,1.14316,1.14212,1.14289,2196.94
1753930800000,1.14291,1.14342,1.14073,1.14233,3437.43
1753934400000,1.14232,1.14363,1.14193,1.14355,1982.21
1753938000000,1.14353,1.14426,1.14308,1.14362,2559.94
1753941600000,1.14362,1.14606,1.14352,1.14583,5001.14
1753945200000,1.14582,1.14582,1.1433,1.14484,5682.56
1753948800000,1.14484,1.14548,1.14381,1.14499,5210.69
1753952400000,1.145,1.14509,1.14325,1.1433,3417.57
1753956000000,1.14328,1.14415,1.14207,1.14395,3912.74
1753959600000,1.14398,1.14506,1.1436,1.14486,4161.44
1753963200000,1.14489,1.1451,1.14247,1.14285,8865.34
1753966800000,1.14288,1.14296,1.14058,1.14113,7374.88
1753970400000,1.14112,1.14495,1.14073,1.14449,8825.53
1753974000000,1.14445,1.14497,1.14278,1.14301,7096.2
1753977600000,1.14299,1.14328,1.14215,1.14225,3921.57
1753981200000,1.14223,1.14245,1.14151,1.14195,2750.11
1753984800000,1.14195,1.1433,1.14154,1.14265,2284.99
1753988400000,1.14262,1.14317,1.14121,1.14121,2747.5
1753992000000,1.14122,1.14181,1.14093,1.14139,2911.43
1753995600000,1.14126,1.14182,1.14123,1.14162,826.11
1753999200000,1.14161,1.14227,1.14147,1.14176,1118.49
1754002800000,1.14173,1.14259,1.14112,1.14217,4414.7
1754006400000,1.14217,1.14288,1.14153,1.14243,2706.62
1754010000000,1.14242,1.14285,1.14047,1.14071,3411.46
1754013600000,1.1407,1.14148,1.14059,1.1411,2755.02
1754017200000,1.14109,1.14222,1.14102,1.14181,1500.96
1754020800000,1.14182,1.14214,1.14154,1.14189,1483.79
1754024400000,1.14187,1.14344,1.14159,1.14307,1621.6
1754028000000,1.14305,1.1438,1.1426,1.14292,2940.55
1754031600000,1.14293,1.1434,1.14124,1.14185,4151.9
1754035200000,1.14184,1.14204,1.14052,1.14062,3383.12
1754038800000,1.14063,1.14125,1.13929,1.14005,3276.5
1754042400000,1.14008,1.14174,1.14008,1.14119,3432.26
1754046000000,1.14119,1.14223,1.14043,1.14045,4424.91
1754049600000,1.14045,1.15584,1.13915,1.15451,26416.17
1754053200000,1.15453,1.15831,1.15367,1.15606,25290.6
1754056800000,1.15615,1.15879,1.15509,1.15559,23796.71
1754060400000,1.15557,1.15649,1.15358,1.15544,7825.55
1754064000000,1.15541,1.15648,1.15379,1.1539,5103.06
1754067600000,1.15391,1.15391,1.15163,1.15265,5271.16
1754071200000,1.15264,1.15479,1.15215,1.15256,4499.53
1754074800000,1.15258,1.1582,1.15236,1.15687,8478.83
1754078400000,1.15687,1.15969,1.15686,1.1583,5848.63
1754254800000,1.1591,1.15957,1.15891,1.159,1459.72
1754258400000,1.15901,1.15963,1.15781,1.15834,3114.75
1754262000000,1.15836,1.15899,1.15779,1.15876,1867.66
1754265600000,1.15876,1.15887,1.15559,1.15579,4337.48
1754269200000,1.15579,1.1572,1.15501,1.15711,4427.51
1754272800000,1.1571,1.15781,1.15676,1.15755,2324.74
1754276400000,1.15759,1.15858,1.15759,1.15792,2188.47
1754280000000,1.1579,1.15853,1.15744,1.15744,2378.23
1754283600000,1.15747,1.15821,1.1567,1.15702,2343.04
1754287200000,1.15703,1.15831,1.15632,1.15716,6288.34
1754290800000,1.15716,1.15785,1.15505,1.15636,6976.73
1754294400000,1.15638,1.1565,1.15497,1.15579,7664.92
1754298000000,1.15579,1.15772,1.15555,1.15641,5506.98
1754301600000,1.15642,1.15771,1.15548,1.15739,4178.44
1754305200000,1.15737,1.15863,1.15647,1.15666,5699.96
1754308800000,1.15668,1.15882,1.15603,1.15751,6617.23
1754312400000,1.15752,1.15885,1.15728,1.15757,6387.41
1754316000000,1.15756,1.15871,1.15568,1.15639,10774.25
1754319600000,1.15638,1.15765,1.1561,1.15667,7465.95
1754323200000,1.15669,1.15751,1.15567,1.1572,3328.02
1754326800000,1.15722,1.15739,1.15642,1.1573,2394.97
1754330400000,1.1573,1.15776,1.15639,1.15652,3013.79
1754334000000,1.1565,1.15725,1.15627,1.15678,2019.97
1754337600000,1.15679,1.1576,1.15653,1.15691,1435.48
1754341200000,1.1569,1.15713,1.1567,1.15675,904.66
1754344800000,1.15675,1.15813,1.1567,1.15792,1592.16
1754348400000,1.15793,1.15854,1.15777,1.15838,937.72
1754352000000,1.1584,1.15876,1.15705,1.15717,5181.2
1754355600000,1.15717,1.15739,1.15593,1.15636,5226.44
1754359200000,1.15637,1.15641,1.15556,1.15602,3344.94
1754362800000,1.15602,1.15613,1.15539,1.15552,2103.9
1754366400000,1.1555,1.15601,1.15539,1.15583,2154.27
1754370000000,1.15583,1.15583,1.15445,1.15481,3993.74
1754373600000,1.15479,1.15611,1.15428,1.15509,3706.97
1754377200000,1.15509,1.15621,1.15333,1.15459,6060.64
1754380800000,1.15457,1.15489,1.15312,1.15365,5771.9
1754384400000,1.15367,1.15463,1.15298,1.1542,3977.63
1754388000000,1.15419,1.15455,1.15341,1.15442,5238.54
1754391600000,1.1544,1.15478,1.15277,1.15391,3396.79
1754395200000,1.15392,1.15483,1.153,1.15372,6058.77
1754398800000,1.15373,1.15543,1.1532,1.15366,7436.07
1754402400000,1.15417,1.15662,1.15337,1.1565,12764.7
1754406000000,1.15651,1.15846,1.15629,1.15793,5959.36
1754409600000,1.15792,1.1586,1.15771,1.15827,3363.32
1754413200000,1.15827,1.1583,1.15754,1.15782,1960.57
1754416800000,1.1578,1.15796,1.15702,1.15735,2933.61
1754420400000,1.15735,1.15749,1.15661,1.15725,1766.95
1754424000000,1.15724,1.15774,1.15713,1.15748,1376.44
1754427600000,1.15741,1.15752,1.15708,1.15733,1044.81
1754431200000,1.15729,1.15775,1.15708,1.1576,795.04
1754434800000,1.15758,1.15813,1.1573,1.15784,786.19
1754438400000,1.15781,1.15852,1.15729,1.15738,1608.74
1754442000000,1.15736,1.15736,1.15645,1.1567,2355.07
1754445600000,1.15669,1.15718,1.15642,1.15691,2824.75
1754449200000,1.15692,1.15817,1.15692,1.15799,2904.11
1754452800000,1.15799,1.1586,1.15777,1.15829,1457.82
1754456400000,1.15826,1.15835,1.15743,1.15784,2730.23
1754460000000,1.15783,1.15882,1.15765,1.15785,5200.64
1754463600000,1.15784,1.1582,1.15711,1.15809,3416.62
1754467200000,1.15808,1.15833,1.15705,1.15747,3420.41
1754470800000,1.15747,1.15879,1.1574,1.15848,2743.05
1754474400000,1.15848,1.16107,1.15841,1.16069,4991.35
1754478000000,1.1607,1.16148,1.15977,1.1604,3470.26
1754481600000,1.16039,1.16284,1.16001,1.16234,4924.17
1754485200000,1.16235,1.16359,1.16173,1.16357,7673.99
1754488800000,1.1636,1.16375,1.16221,1.16272,6970.55
1754492400000,1.16271,1.16469,1.16224,1.16462,9323.96
1754496000000,1.16461,1.16483,1.16306,1.16344,4093.17
1754499600000,1.16344,1.1655,1.16327,1.1649,3461.04
1754503200000,1.1649,1.16683,1.1648,1.16622,3458.99
1754506800000,1.16623,1.16639,1.16524,1.16564,1669.94
1754510400000,1.16564,1.16601,1.165,1.16594,3225.6
1754514000000,1.16583,1.16599,1.1653,1.16555,2100.77
1754517600000,1.16564,1.16658,1.16563,1.16635,2174.23
1754521200000,1.16633,1.16638,1.16592,1.1663,627.97
1754524800000,1.16628,1.16638,1.16509,1.16525,5281.75
1754528400000,1.16525,1.16626,1.16495,1.16577,3157.96
1754532000000,1.16577,1.16651,1.16558,1.16572,1827.07
1754535600000,1.16573,1.16651,1.16531,1.16643,4770.78
1754539200000,1.16643,1.16763,1.16628,1.16712,2678.72
1754542800000,1.16712,1.16763,1.16681,1.16747,1630.33
1754546400000,1.16751,1.16796,1.16678,1.16758,4240.07
1754550000000,1.16761,1.16911,1.16732,1.16897,3908.06
1754553600000,1.16893,1.16986,1.16755,1.16824,6777.63
1754557200000,1.16828,1.16846,1.16703,1.16705,3064.35
1754560800000,1.16707,1.16717,1.16615,1.167,4012.27
1754564400000,1.16702,1.16766,1.16341,1.16445,10744.9
1754568000000,1.16442,1.16625,1.16374,1.16511,9739.3
1754571600000,1.1651,1.16585,1.16376,1.16427,10581.85
1754575200000,1.16425,1.16495,1.1614,1.16241,18532.21
1754578800000,1.16242,1.16418,1.16108,1.16396,16079.51
1754582400000,1.16396,1.16446,1.1635,1.16382,3082.71
1754586000000,1.16382,1.16396,1.16318,1.16331,3387.47
1754589600000,1.16332,1.16371,1.16213,1.16219,2861.09
1754593200000,1.16222,1.16564,1.16189,1.16543,6627.55
1754596800000,1.16546,1.16713,1.16544,1.16646,2457.09
1754600400000,1.16639,1.16697,1.16597,1.16652,1765.46
1754604000000,1.16652,1.16745,1.16641,1.16724,2467.02
1754607600000,1.16729,1.16781,1.16703,1.16768,1629.06
1754611200000,1.16768,1.16792,1.16673,1.16726,8139.23
1754614800000,1.1673,1.16737,1.16549,1.16573,6503.57
1754618400000,1.16572,1.1665,1.16571,1.16607,2512.33
1754622000000,1.16605,1.1661,1.16548,1.16597,1598.06
1754625600000,1.16596,1.16634,1.16576,1.16582,1074.6
1754629200000,1.16581,1.16599,1.16388,1.1641,2723.37
1754632800000,1.16412,1.16526,1.16407,1.165,3378.37
1754636400000,1.16501,1.16644,1.16485,1.1659,4368.83
1754640000000,1.16592,1.16627,1.16344,1.16369,4333.73
1754643600000,1.16367,1.16436,1.16295,1.16415,4827.28
1754647200000,1.16416,1.16473,1.16287,1.16356,2965.53
1754650800000,1.16356,1.16491,1.1635,1.16437,3793.51
1754654400000,1.16434,1.16539,1.16375,1.16417,4604.68
1754658000000,1.16417,1.16551,1.16413,1.16488,4464.58
1754661600000,1.16484,1.16627,1.16461,1.16559,6185.6
1754665200000,1.16558,1.16677,1.16543,1.16598,3412.39
1754668800000,1.16598,1.1663,1.16496,1.16562,2567
1754672400000,1.16561,1.16667,1.16534,1.16589,2678.32
1754676000000,1.1659,1.16628,1.16479,1.16559,4153.75
1754679600000,1.16557,1.1656,1.16363,1.16425,2219.46
1754683200000,1.16425,1.16433,1.16368,1.16368,2491.11
1754859600000,1.16444,1.16494,1.16427,1.16453,649.04
1754863200000,1.16452,1.16508,1.16426,1.16466,1303.17
1754866800000,1.16466,1.16507,1.16444,1.16475,1018.83
1754870400000,1.16474,1.16483,1.16417,1.16473,1835.72
1754874000000,1.16472,1.16586,1.16453,1.16586,1950.23
1754877600000,1.16588,1.16682,1.16588,1.16656,3821.63
1754881200000,1.16656,1.16754,1.16647,1.16713,2408.23
1754884800000,1.16712,1.16753,1.16709,1.16718,1206.61
1754888400000,1.16717,1.16725,1.16671,1.16691,3098.83
1754892000000,1.16691,1.16737,1.16629,1.16642,3422.1
1754895600000,1.16639,1.16657,1.1646,1.1647,5605.7
1754899200000,1.16469,1.16604,1.16439,1.16551,3933.53
1754902800000,1.16548,1.1658,1.16383,1.1641,3533.03
1754906400000,1.16411,1.16476,1.16406,1.16468,2987.91
1754910000000,1.16467,1.16469,1.1623,1.16285,4724.25
1754913600000,1.16286,1.1631,1.1614,1.16202,19347.33
1754917200000,1.16202,1.16275,1.16159,1.16194,18159.94
1754920800000,1.16195,1.16201,1.15901,1.15957,6851.61
1754924400000,1.15959,1.16069,1.159,1.16064,14791.27
1754928000000,1.16064,1.16117,1.16018,1.16073,4410.82
1754931600000,1.16075,1.16123,1.15986,1.16108,4002.52
1754935200000,1.1611,1.16141,1.1607,1.16122,4370.85
1754938800000,1.16124,1.16126,1.1602,1.16048,2870.5
1754942400000,1.16047,1.16194,1.16041,1.16149,2787.86
1754946000000,1.16145,1.16164,1.16078,1.16151,1453.17
1754949600000,1.16151,1.16183,1.16102,1.16127,902.55
1754953200000,1.1613,1.16175,1.16123,1.1616,662.62
1754956800000,1.16162,1.16196,1.16116,1.16151,5778
1754960400000,1.16152,1.16253,1.16142,1.1619,2126.81
1754964000000,1.1619,1.16254,1.16175,1.16228,1688.44
1754967600000,1.1623,1.16242,1.16183,1.16207,1120.94
1754971200000,1.16205,1.16278,1.16156,1.16275,1732.51
1754974800000,1.16274,1.1629,1.16128,1.16137,9317.41
1754978400000,1.16136,1.16183,1.16079,1.16092,7242.34
1754982000000,1.16092,1.16239,1.16078,1.16203,4414
1754985600000,1.16203,1.16222,1.16116,1.16144,3215.98
1754989200000,1.16144,1.16182,1.16003,1.16064,3143.59
1754992800000,1.16062,1.16129,1.16056,1.161,3116.43
1754996400000,1.16101,1.16109,1.15986,1.16051,3596.48
1755000000000,1.16053,1.16556,1.16011,1.16422,16601.11
1755003600000,1.1642,1.16675,1.16176,1.16521,18329.38
1755007200000,1.16522,1.16625,1.16417,1.16579,9031.25
1755010800000,1.16577,1.16971,1.16559,1.16721,10249.02
1755014400000,1.16721,1.16858,1.16655,1.16795,4777.43
1755018000000,1.16794,1.16803,1.16708,1.16731,4101.75
1755021600000,1.16733,1.16785,1.16646,1.16686,2409.43
1755025200000,1.16686,1.16756,1.16644,1.16745,4034.63
1755028800000,1.16744,1.1677,1.16716,1.16739,1862.46
1755032400000,1.16739,1.16743,1.16689,1.16729,1066.24
1755036000000,1.1673,1.16776,1.16729,1.16763,1275.42
1755039600000,1.16763,1.16791,1.16749,1.16775,648.44
1755043200000,1.16774,1.16807,1.16706,1.16798,3952.87
1755046800000,1.16798,1.16862,1.16762,1.16772,3761.38
1755050400000,1.16771,1.16858,1.16703,1.16816,4114.61
1755054000000,1.16816,1.16875,1.16795,1.16838,1544.23
1755057600000,1.16836,1.16859,1.16812,1.16838,1677.84
1755061200000,1.16838,1.1685,1.16766,1.16788,4578.46
1755064800000,1.16793,1.16969,1.16786,1.1692,4539.55
1755068400000,1.1692,1.17126,1.16918,1.17079,8273.02
1755072000000,1.17079,1.17206,1.1707,1.1714,6242.21
1755075600000,1.17139,1.17301,1.17139,1.17292,3551.95
1755079200000,1.17292,1.17299,1.17162,1.17164,3438.02
1755082800000,1.17164,1.1719,1.17078,1.17187,3328.84
1755086400000,1.17188,1.17215,1.16972,1.16987,5028.24
1755090000000,1.16986,1.17069,1.16928,1.17045,4846.35
1755093600000,1.17043,1.17234,1.17025,1.17198,7333.22
1755097200000,1.17198,1.17225,1.17084,1.17134,4083.8
1755100800000,1.17136,1.17149,1.17063,1.17066,3175.65
1755104400000,1.17067,1.17107,1.17028,1.17039,2064.91
1755108000000,1.1704,1.17044,1.16957,1.17004,1964.43
1755111600000,1.17002,1.17038,1.16973,1.16993,1510.48
1755115200000,1.16992,1.17068,1.1699,1.17051,1607.95
1755118800000,1.17051,1.17069,1.16993,1.17046,2084.1
1755122400000,1.17045,1.17081,1.17038,1.17081,1046.19
1755126000000,1.1708,1.17123,1.17073,1.1712,1000.38
1755129600000,1.1712,1.17148,1.17091,1.17112,3277.4
1755133200000,1.17111,1.1715,1.17091,1.17128,4859.42
1755136800000,1.17128,1.17128,1.16988,1.17047,7082.1
1755140400000,1.17047,1.17051,1.16996,1.17033,3573.13
1755144000000,1.17033,1.17064,1.17014,1.17036,2255.61
1755147600000,1.17036,1.17037,1.16969,1.17013,2231.32
1755151200000,1.17013,1.17063,1.16847,1.16848,7392.98
1755154800000,1.1685,1.16926,1.16777,1.16798,6407.43
1755158400000,1.16796,1.16851,1.16678,1.16682,4725.38
1755162000000,1.16683,1.16867,1.16683,1.16817,5736.3
1755165600000,1.16815,1.16972,1.16813,1.16952,5365.16
1755169200000,1.16951,1.16963,1.16826,1.16879,6000.73
1755172800000,1.1688,1.16922,1.16492,1.16637,32191.06
1755176400000,1.16638,1.16713,1.16491,1.165,9781.49
1755180000000,1.16502,1.16661,1.16376,1.16607,7024.74
1755183600000,1.16609,1.1662,1.16373,1.1643,6420.59
1755187200000,1.1643,1.1645,1.16309,1.16342,4397.46
1755190800000,1.16343,1.16436,1.16312,1.16367,3552.54
1755194400000,1.1637,1.16424,1.16329,1.16413,1988.31
1755198000000,1.16416,1.16503,1.16415,1.1648,2171.5
1755201600000,1.16481,1.16502,1.16446,1.16473,1434.72
1755205200000,1.1647,1.16508,1.16465,1.16508,792.83
1755208800000,1.16507,1.16528,1.16482,1.16499,786.78
1755212400000,1.16499,1.16527,1.16458,1.16504,997.9
1755216000000,1.16506,1.1653,1.16467,1.1652,1609.82
1755219600000,1.16523,1.16579,1.1648,1.16527,3769.74
1755223200000,1.16528,1.16576,1.16492,1.16566,3689.33
1755226800000,1.16568,1.16644,1.16564,1.16599,1381.24
1755230400000,1.166,1.16635,1.16589,1.16629,931.08
1755234000000,1.16628,1.16712,1.16611,1.16709,1493.25
1755237600000,1.1671,1.16746,1.16651,1.16717,3608.65
1755241200000,1.16715,1.1684,1.16715,1.16826,3512.74
1755244800000,1.16825,1.16849,1.16763,1.16822,3639.85
1755248400000,1.1682,1.16898,1.16801,1.16874,3573.64
1755252000000,1.16876,1.16912,1.16804,1.16856,2837.4
1755255600000,1.16856,1.16918,1.16814,1.16874,2482.02
1755259200000,1.16874,1.16998,1.16732,1.16939,8455.31
1755262800000,1.1694,1.1708,1.16815,1.17027,9262.55
1755266400000,1.17025,1.17151,1.17004,1.17117,10392.65
1755270000000,1.17114,1.1715,1.17031,1.17066,4550.06
1755273600000,1.17066,1.17081,1.16997,1.17037,1877.54
1755277200000,1.17039,1.17059,1.16992,1.17042,1928.3
1755280800000,1.1704,1.17065,1.16984,1.17024,1559.66
1755284400000,1.17023,1.17035,1.16998,1.17009,1945.64
1755288000000,1.1701,1.17079,1.17,1.17026,3101.88
1755464400000,1.17101,1.17144,1.17092,1.17134,465.24
1755468000000,1.17134,1.17157,1.17097,1.17131,1343.25
1755471600000,1.17135,1.17143,1.17038,1.17059,1017.88
1755475200000,1.17061,1.17106,1.17001,1.17012,4007.7
1755478800000,1.17012,1.17045,1.16935,1.1703,3222.56
1755482400000,1.17031,1.17052,1.16974,1.17012,1437.18
1755486000000,1.17012,1.17044,1.16997,1.17033,1434.81
1755489600000,1.17034,1.17102,1.17025,1.17082,2412.6
1755493200000,1.17082,1.17089,1.17012,1.17059,2221.57
1755496800000,1.17056,1.17076,1.16933,1.16964,4077.03
1755500400000,1.16967,1.17033,1.16802,1.16813,3728.73
1755504000000,1.16809,1.16872,1.1671,1.16818,5110.64
1755507600000,1.16821,1.16858,1.16729,1.16801,2844.55
1755511200000,1.16798,1.16829,1.16773,1.16808,1921
1755514800000,1.16807,1.16882,1.16714,1.16747,4252.97
1755518400000,1.1675,1.16788,1.16662,1.16763,3218.31
1755522000000,1.16763,1.16777,1.16695,1.16777,4063.9
1755525600000,1.16775,1.16843,1.16604,1.16641,5225.45
1755529200000,1.16639,1.16744,1.16608,1.16673,3382.56
1755532800000,1.16673,1.16673,1.16561,1.16577,3015.1
1755536400000,1.16578,1.16664,1.16566,1.16626,2652.91
1755540000000,1.16625,1.16678,1.16585,1.16599,1621.46
1755543600000,1.16598,1.16703,1.16598,1.16672,1874.25
1755547200000,1.16669,1.16693,1.16596,1.16602,1968.57
1755550800000,1.16598,1.16617,1.16575,1.16613,898.38
1755554400000,1.16613,1.16746,1.16599,1.16694,1420.26
1755558000000,1.16695,1.16695,1.16618,1.16679,1109.49
1755561600000,1.16678,1.16699,1.16556,1.16583,3724.06
1755565200000,1.16585,1.16622,1.1639,1.1649,4892.63
1755568800000,1.16491,1.16559,1.16467,1.16528,2731.09
1755572400000,1.1653,1.16586,1.16504,1.16549,1579.55
1755576000000,1.16549,1.16616,1.16534,1.16604,1914.93
1755579600000,1.16605,1.16656,1.16537,1.16551,1617.41
1755583200000,1.1655,1.16745,1.16511,1.16742,4084.01
1755586800000,1.16743,1.1684,1.16735,1.16834,4794.29
1755590400000,1.16835,1.16842,1.16715,1.16749,2930.34
1755594000000,1.1675,1.16821,1.16724,1.16802,2250.78
1755597600000,1.168,1.16919,1.16792,1.16887,2220.93
1755601200000,1.16886,1.16928,1.16798,1.16855,2903.12
1755604800000,1.16856,1.16879,1.16729,1.16754,4144.59
1755608400000,1.16752,1.16781,1.1668,1.16762,4340.34
1755612000000,1.1676,1.16775,1.16637,1.16719,5191.19
1755615600000,1.16719,1.16753,1.16575,1.16586,4409.84
1755619200000,1.16586,1.1663,1.16544,1.16563,2797.76
1755622800000,1.16565,1.16607,1.16529,1.16544,1938.57
1755626400000,1.16545,1.16546,1.16421,1.16472,2083.83
1755630000000,1.16473,1.16481,1.16424,1.16463,1204.47
1755633600000,1.16463,1.1648,1.16446,1.16464,1670.08
1755637200000,1.16459,1.16493,1.16426,1.16449,2324.9
1755640800000,1.16445,1.16489,1.16443,1.16484,692.49
1755644400000,1.16485,1.16485,1.16408,1.16415,846.84
1755648000000,1.16413,1.16423,1.16312,1.16387,2757.2
1755651600000,1.16385,1.16421,1.16271,1.16274,2839.53
1755655200000,1.16272,1.16294,1.16221,1.16262,4229.88
1755658800000,1.16262,1.16362,1.16262,1.16329,1765.07
1755662400000,1.16329,1.16381,1.16322,1.16343,1241.81
1755666000000,1.16344,1.16401,1.16322,1.16391,1754.74
1755669600000,1.16391,1.16424,1.16231,1.16335,6311.95
1755673200000,1.16336,1.16467,1.16334,1.16445,4578.4
1755676800000,1.16447,1.16465,1.16314,1.16375,4770.33
1755680400000,1.16374,1.16461,1.16349,1.1645,2544.75
1755684000000,1.16448,1.16575,1.16435,1.16467,4013.35
1755687600000,1.16469,1.165,1.164,1.16417,2111.09
1755691200000,1.16419,1.16736,1.16419,1.1671,4901.83
1755694800000,1.16708,1.16718,1.16559,1.16587,4454.58
1755698400000,1.16587,1.16689,1.16484,1.1663,5858.73
1755702000000,1.16631,1.16631,1.16462,1.16479,4097.69
1755705600000,1.16479,1.16617,1.16477,1.16598,2393.74
1755709200000,1.16597,1.16723,1.16591,1.16713,2306.45
1755712800000,1.16714,1.16714,1.16546,1.16547,3016.34
1755716400000,1.16547,1.16583,1.16523,1.16527,2016.07
1755720000000,1.16528,1.16528,1.16469,1.16506,1303.96
1755723600000,1.16505,1.16529,1.1648,1.16497,1547.95
1755727200000,1.16498,1.16551,1.16494,1.16525,538.71
1755730800000,1.16522,1.16534,1.16481,1.16507,926.49
1755734400000,1.16507,1.16516,1.16409,1.16467,3043.72
1755738000000,1.16468,1.16505,1.1641,1.1646,2926.65
1755741600000,1.16458,1.16493,1.16431,1.16465,3055.63
1755745200000,1.16465,1.16485,1.16415,1.1646,936.45
1755748800000,1.16461,1.1648,1.16428,1.16453,1077.23
1755752400000,1.16455,1.16496,1.16415,1.16492,2277.33
1755756000000,1.16495,1.16497,1.16258,1.16297,3765.43
1755759600000,1.16298,1.16613,1.16249,1.16579,5158.01
1755763200000,1.1658,1.16593,1.16499,1.16547,4131.59
1755766800000,1.16548,1.16626,1.16537,1.16548,2789.04
1755770400000,1.16546,1.16565,1.16481,1.16491,2912.11
1755774000000,1.16492,1.16572,1.16394,1.16403,4915.15
1755777600000,1.16404,1.16562,1.16368,1.16466,6613.21
1755781200000,1.16465,1.16498,1.16154,1.16205,10139.6
1755784800000,1.16206,1.16293,1.16061,1.16156,10713.62
1755788400000,1.16154,1.16256,1.1601,1.16042,9162.5
1755792000000,1.16041,1.16117,1.16013,1.16108,3426.53
1755795600000,1.16109,1.16185,1.16109,1.16148,2435.8
1755799200000,1.16147,1.16168,1.1607,1.16096,2427.31
1755802800000,1.16097,1.16101,1.16036,1.16048,1512.69
1755806400000,1.16047,1.16084,1.16032,1.16052,1556.15
1755810000000,1.16047,1.16106,1.16032,1.16065,2660.08
1755813600000,1.16065,1.16134,1.16056,1.16129,639.45
1755817200000,1.16132,1.16145,1.1609,1.16122,1406.42
1755820800000,1.16122,1.16164,1.16104,1.16147,2153.18
1755824400000,1.16148,1.16157,1.16038,1.1608,1980.64
1755828000000,1.16079,1.16142,1.16049,1.16087,1452.21
1755831600000,1.16086,1.16087,1.15888,1.15895,3208.06
1755835200000,1.15897,1.15938,1.15828,1.15845,1950.12
1755838800000,1.15842,1.15888,1.15832,1.15867,1842.11
1755842400000,1.15864,1.1595,1.15833,1.15884,3157.94
1755846000000,1.15886,1.15988,1.15882,1.15946,5363.89
1755849600000,1.15944,1.15995,1.15914,1.15994,2683.13
1755853200000,1.15992,1.16023,1.15951,1.15964,2854.03
1755856800000,1.15963,1.15999,1.15932,1.15959,2070.33
1755860400000,1.15961,1.16062,1.15948,1.16043,3445.25
1755864000000,1.16045,1.16136,1.16045,1.16085,3042.75
1755867600000,1.16083,1.16189,1.15973,1.15996,4883.54
1755871200000,1.15996,1.17199,1.15996,1.1718,28427.458
1755874800000,1.1718,1.17321,1.17122,1.17122,11007.61
1755878400000,1.1712,1.17264,1.17118,1.17218,6606.71
1755882000000,1.17221,1.17425,1.17221,1.17367,6794.4
1755885600000,1.17367,1.17391,1.1721,1.17212,3432.49
1755889200000,1.17214,1.17225,1.17149,1.17199,1901.81
1755892800000,1.17199,1.17268,1.17147,1.17148,2521.648
1756069200000,1.17203,1.17259,1.17203,1.17218,454.146
1756072800000,1.17218,1.17229,1.17107,1.17127,1522.348
1756076400000,1.17125,1.17142,1.17074,1.17083,816
1756080000000,1.17077,1.17082,1.16954,1.16978,2510.33
1756083600000,1.16978,1.17033,1.16935,1.16962,2563.53
1756087200000,1.16964,1.17,1.16938,1.16971,1789.15
1756090800000,1.1697,1.17076,1.1697,1.17066,1687.16
1756094400000,1.17068,1.17078,1.17035,1.17057,1303.56
1756098000000,1.17057,1.17057,1.1698,1.17005,1454.2
1756101600000,1.17007,1.17204,1.17007,1.17147,4170.28
1756105200000,1.17148,1.17179,1.16945,1.16975,3221.05
1756108800000,1.16973,1.17108,1.16971,1.1704,3321.38
1756112400000,1.17039,1.17044,1.16897,1.1693,2427.9
1756116000000,1.16933,1.1697,1.16851,1.16876,2578.74
1756119600000,1.16878,1.17028,1.16873,1.17024,2843.06
1756123200000,1.17025,1.17033,1.16937,1.16998,2705.37
1756126800000,1.16996,1.17089,1.16946,1.17028,3525.46
1756130400000,1.17026,1.17055,1.16892,1.169,5231.57
1756134000000,1.16901,1.16915,1.16652,1.16692,6691.14
1756137600000,1.16692,1.16693,1.1651,1.16546,4037.32
1756141200000,1.16548,1.16558,1.16409,1.16465,3117.8
1756144800000,1.16467,1.16483,1.16189,1.16204,3637.12
1756148400000,1.16204,1.16213,1.16028,1.16096,3970.97
1756152000000,1.16094,1.16255,1.16091,1.16161,4211.71
1756155600000,1.1616,1.16196,1.16145,1.16187,2204.37
1756159200000,1.1619,1.16226,1.1618,1.16204,1008.56
1756162800000,1.16204,1.16212,1.16123,1.16144,1164.51
1756166400000,1.16145,1.166,1.161,1.16479,11413.24
1756170000000,1.16478,1.16501,1.16347,1.16417,4904.27
1756173600000,1.16415,1.16472,1.16323,1.16364,3201.43
1756177200000,1.16364,1.16364,1.16238,1.16256,2417.33
1756180800000,1.16254,1.1632,1.16236,1.16315,2918.24
1756184400000,1.16316,1.16443,1.16294,1.1641,3409.49
1756188000000,1.16409,1.1641,1.16132,1.16223,6892.91
1756191600000,1.16221,1.16286,1.16021,1.16215,9701.06
1756195200000,1.16215,1.16249,1.16057,1.16178,7820.31
1756198800000,1.16178,1.16435,1.16176,1.16422,6247.73
1756202400000,1.16423,1.16474,1.16368,1.16449,4091.85
1756206000000,1.16449,1.16605,1.16412,1.16537,5343.7
1756209600000,1.16539,1.16599,1.16447,1.16471,9728.47
1756213200000,1.16458,1.16565,1.1637,1.16505,7692.8
1756216800000,1.16505,1.16652,1.16435,1.16545,7395.11
1756220400000,1.16545,1.16636,1.16486,1.16553,6238
1756224000000,1.16556,1.16615,1.16484,1.16488,2740.84
1756227600000,1.1649,1.16527,1.16374,1.16377,2666.12
1756231200000,1.16377,1.16473,1.16333,1.16435,2659.63
1756234800000,1.16436,1.16485,1.16397,1.16405,2351.2
1756238400000,1.16403,1.1643,1.16333,1.16419,2108.7
1756242000000,1.16417,1.1647,1.16405,1.16446,2494.05
1756245600000,1.1645,1.16475,1.16408,1.16428,1075.5
1756249200000,1.16428,1.16436,1.16366,1.16368,1497.38
1756252800000,1.1637,1.16415,1.16336,1.16367,1958.83
1756256400000,1.16366,1.16406,1.16307,1.16337,3463.38
1756260000000,1.16336,1.1634,1.16247,1.16311,2282.6
1756263600000,1.16312,1.16328,1.16215,1.16251,2189.28
1756267200000,1.16251,1.16253,1.16119,1.1614,2076.04
1756270800000,1.16139,1.16203,1.16133,1.16202,2038.53
1756274400000,1.16199,1.16239,1.16143,1.16207,4517.24
1756278000000,1.16208,1.16219,1.15961,1.16035,5431.3
1756281600000,1.16032,1.16034,1.15771,1.15886,6133.73
1756285200000,1.15888,1.15951,1.15862,1.159,3159.31
1756288800000,1.159,1.15923,1.15787,1.15794,3225.17
1756292400000,1.15792,1.15897,1.1574,1.15859,3844.4
1756296000000,1.15859,1.15982,1.15842,1.15861,5634.66
1756299600000,1.15862,1.16037,1.15841,1.15978,9748.19
1756303200000,1.15976,1.16027,1.15822,1.15922,8670.16
1756306800000,1.15922,1.16122,1.1592,1.16105,5909.64
1756310400000,1.16105,1.16406,1.16105,1.16381,5805.96
1756314000000,1.16381,1.16428,1.16324,1.16377,3177.46
1756317600000,1.16377,1.16381,1.16278,1.16305,3659.36
1756321200000,1.16304,1.1635,1.1629,1.16336,5811.22
1756324800000,1.16337,1.1639,1.16314,1.16381,2717.74
1756328400000,1.1638,1.16384,1.16321,1.16368,905.49
1756332000000,1.16368,1.16438,1.16368,1.16431,1090.78
1756335600000,1.16432,1.16477,1.16424,1.16473,775.29
1756339200000,1.16474,1.16493,1.16426,1.16455,1904.01
1756342800000,1.16456,1.16503,1.16414,1.1645,1949.62
1756346400000,1.16451,1.16546,1.16446,1.16525,3553.09
1756350000000,1.16527,1.16542,1.1642,1.16428,1558.96
1756353600000,1.16429,1.1644,1.16387,1.16397,1241.49
1756357200000,1.16397,1.16407,1.16358,1.16373,1721.47
1756360800000,1.1637,1.16449,1.16337,1.16428,4149.4
1756364400000,1.16429,1.16494,1.16337,1.16437,4857.68
1756368000000,1.16434,1.16454,1.16289,1.16422,4167.89
1756371600000,1.16425,1.16544,1.16424,1.16485,3275.34
1756375200000,1.16485,1.16746,1.1648,1.16714,4110.91
1756378800000,1.16712,1.16735,1.16592,1.16663,3677.89
1756382400000,1.16665,1.16869,1.16621,1.16694,11080.81
1756386000000,1.16695,1.16771,1.16584,1.1672,8819.18
1756389600000,1.16719,1.1686,1.1666,1.16703,10142.37
1756393200000,1.16704,1.16752,1.16613,1.1672,5851.7
1756396800000,1.1672,1.16899,1.16716,1.16893,3050.09
1756400400000,1.16893,1.16972,1.16868,1.16878,3071.41
1756404000000,1.16879,1.16901,1.16847,1.16889,1805.22
1756407600000,1.16891,1.16901,1.16821,1.16825,1400.85
1756411200000,1.16824,1.16834,1.16777,1.16827,1416.12
1756414800000,1.16817,1.16817,1.16772,1.16782,1505.42
1756418400000,1.16777,1.16806,1.16732,1.16738,1796.48
1756422000000,1.16737,1.16818,1.16737,1.16785,862.22
1756425600000,1.16786,1.16821,1.16725,1.16747,1658.01
1756429200000,1.16748,1.16762,1.1656,1.16587,4123.71
1756432800000,1.16588,1.16649,1.16587,1.16617,3454.23
1756436400000,1.16619,1.16648,1.16597,1.16624,1729.78
1756440000000,1.16623,1.16647,1.16583,1.16646,1598.24
1756443600000,1.16645,1.16701,1.16614,1.16698,1815.78
1756447200000,1.16696,1.16704,1.16611,1.16672,3112.81
1756450800000,1.16673,1.16768,1.16627,1.16757,3904.2
1756454400000,1.16757,1.16901,1.16695,1.16756,5292.38
1756458000000,1.16755,1.16826,1.16688,1.16729,5333.96
1756461600000,1.16728,1.16744,1.16649,1.16677,4819.73
1756465200000,1.16676,1.16679,1.1661,1.16627,3251.68
1756468800000,1.16628,1.16639,1.16507,1.16585,7091
1756472400000,1.16584,1.1673,1.16535,1.16686,7656.09
1756476000000,1.16686,1.1705,1.16686,1.17044,11420.37
1756479600000,1.17044,1.17089,1.16943,1.16943,6756.25
1756483200000,1.16944,1.17069,1.16936,1.17015,4248.98
1756486800000,1.17013,1.17029,1.16961,1.16963,2256.07
1756490400000,1.16964,1.16993,1.16932,1.16984,2529.69
1756494000000,1.16983,1.16994,1.16928,1.16982,2909.29
1756497600000,1.16983,1.17005,1.16805,1.16826,3988.16
1756674000000,1.16935,1.16959,1.16865,1.16878,551.41
1756677600000,1.16881,1.16905,1.16845,1.16885,1003.95
1756681200000,1.16886,1.16903,1.16867,1.169,674.29
1756684800000,1.16899,1.16979,1.16898,1.1697,1272.15
1756688400000,1.16971,1.16972,1.16879,1.16946,1972.38
1756692000000,1.16946,1.17136,1.16946,1.17116,2404.55
1756695600000,1.17117,1.17142,1.17043,1.1708,1422.41
1756699200000,1.17081,1.17099,1.17046,1.17083,1024.23
1756702800000,1.17082,1.17154,1.1708,1.17143,1596.76
1756706400000,1.17142,1.17333,1.17133,1.17251,4122.93
1756710000000,1.1725,1.17278,1.17151,1.17251,4365.12
1756713600000,1.1725,1.17362,1.17158,1.17353,5658.29
1756717200000,1.17351,1.17362,1.17186,1.17194,3524.84
1756720800000,1.17193,1.17261,1.17179,1.17195,2781.02
1756724400000,1.17196,1.1729,1.17129,1.17143,2836.34
1756728000000,1.17142,1.17178,1.17063,1.17075,3429.13
1756731600000,1.17074,1.17161,1.17051,1.17078,3640.99
1756735200000,1.17076,1.17142,1.17053,1.17109,4112.73
1756738800000,1.17108,1.17113,1.16994,1.16995,3195.97
1756742400000,1.16996,1.17046,1.16964,1.17046,1413.11
1756746000000,1.17046,1.1705,1.17011,1.17041,557.43
1756749600000,1.17041,1.17074,1.17037,1.17073,620.28
1756753200000,1.17073,1.17136,1.17073,1.17127,548.59
1756756800000,1.17126,1.17134,1.17105,1.17106,619.56
1756760400000,1.17106,1.17106,1.1706,1.17084,1238.78
1756764000000,1.17073,1.17133,1.17069,1.17107,1336.49
1756767600000,1.17108,1.1718,1.17105,1.17147,702.22
1756771200000,1.17148,1.17156,1.17029,1.17044,6188
1756774800000,1.17044,1.17068,1.16992,1.17036,5732.26
1756778400000,1.17034,1.17039,1.1692,1.16982,4191.96
1756782000000,1.16983,1.16992,1.1693,1.16951,2187.08
1756785600000,1.16951,1.16961,1.16899,1.16931,1728.29
1756789200000,1.16932,1.1697,1.1687,1.16943,2863.91
1756792800000,1.16944,1.17061,1.16944,1.17031,2990.83
1756796400000,1.17031,1.17064,1.16426,1.16458,12511.83
1756800000000,1.16459,1.16555,1.16336,1.16446,11682.58
1756803600000,1.16444,1.16481,1.16237,1.16375,10866.35
1756807200000,1.16377,1.16419,1.16267,1.16318,9636.28
1756810800000,1.16316,1.16495,1.16279,1.16463,19847.27
1756814400000,1.16467,1.16531,1.16127,1.16172,11539.25
1756818000000,1.16172,1.16513,1.1615,1.16495,10652.95
1756821600000,1.165,1.16825,1.165,1.16623,15812.07
1756825200000,1.16622,1.16684,1.16492,1.16525,7787.06
1756828800000,1.16526,1.16548,1.16428,1.16439,3965.81
1756832400000,1.16442,1.16482,1.16413,1.16422,2565.68
1756836000000,1.1642,1.16434,1.16294,1.16334,3365.91
1756839600000,1.16335,1.16413,1.16319,1.16412,5041.36
1756843200000,1.16413,1.16432,1.16374,1.16395,2729.84
1756846800000,1.16395,1.16422,1.16373,1.16412,2312.67
1756850400000,1.16411,1.16438,1.16365,1.1637,1471.43
1756854000000,1.16372,1.16378,1.16325,1.16327,4551.04
1756857600000,1.16327,1.16361,1.16288,1.1633,3548.03
1756861200000,1.1633,1.16353,1.16262,1.16301,8723.45
1756864800000,1.16303,1.16353,1.16247,1.16272,6213.78
1756868400000,1.16274,1.16301,1.1623,1.16234,4153.38
1756872000000,1.16234,1.16317,1.16218,1.16317,5471.49
1756875600000,1.16316,1.16344,1.1626,1.163,4500.24
1756879200000,1.163,1.16429,1.16284,1.1633,4462.24
1756882800000,1.16328,1.1636,1.16081,1.16356,11932.4
1756886400000,1.16357,1.16575,1.16354,1.16562,7482.6
1756890000000,1.16564,1.16646,1.16518,1.16562,5100.95
1756893600000,1.16563,1.16577,1.16394,1.16433,3766.5
1756897200000,1.16432,1.16542,1.16398,1.16516,3804.99
1756900800000,1.16517,1.16588,1.16446,1.16483,5299.8
1756904400000,1.16482,1.16538,1.16384,1.16492,9264.82
1756908000000,1.16488,1.16801,1.16488,1.16636,12424.72
1756911600000,1.16636,1.1682,1.16629,1.1675,5821.82
1756915200000,1.16749,1.16774,1.16666,1.16751,3651.47
1756918800000,1.16754,1.1677,1.16587,1.1661,3082.92
1756922400000,1.16607,1.16678,1.1658,1.16617,3777.49
1756926000000,1.16616,1.16626,1.16556,1.16582,2196.07
1756929600000,1.1658,1.16643,1.16556,1.16612,1613.82
1756933200000,1.16612,1.16625,1.16582,1.16602,2438.45
1756936800000,1.16605,1.1663,1.1659,1.166,855.22
1756940400000,1.16601,1.16621,1.16566,1.16608,1181.23
1756944000000,1.16611,1.16621,1.16545,1.16585,4432.02
1756947600000,1.16588,1.16694,1.16522,1.16582,4810.01
1756951200000,1.16582,1.16588,1.16509,1.16528,2247.69
1756954800000,1.16529,1.16556,1.16502,1.16531,1578.16
1756958400000,1.16531,1.16548,1.16502,1.16514,1062.42
1756962000000,1.16516,1.16552,1.16485,1.16551,1371.76
1756965600000,1.16551,1.16612,1.16498,1.16518,3142.92
1756969200000,1.16517,1.16583,1.16439,1.16505,4097.71
1756972800000,1.16504,1.16593,1.1648,1.16572,3936.26
1756976400000,1.16571,1.16594,1.16395,1.16427,3327.39
1756980000000,1.16428,1.16596,1.16428,1.16527,3545.93
1756983600000,1.16525,1.16528,1.16391,1.16427,2737.57
1756987200000,1.16429,1.16582,1.16298,1.16457,9160.51
1756990800000,1.16458,1.16557,1.16374,1.16495,9350.06
1756994400000,1.16492,1.16515,1.16315,1.16346,13064.54
1756998000000,1.16347,1.16499,1.16311,1.16473,4609.7
1757001600000,1.16475,1.16481,1.16338,1.16394,3007.31
1757005200000,1.16394,1.164,1.16343,1.16374,1958.93
1757008800000,1.16375,1.16477,1.16365,1.16438,1752.71
1757012400000,1.16438,1.16519,1.16437,1.16508,1994.22
1757016000000,1.16507,1.16522,1.16483,1.16494,1071.57
1757019600000,1.16493,1.165,1.16461,1.16479,1233.2
1757023200000,1.16479,1.16531,1.16476,1.16488,1683.76
1757026800000,1.16493,1.16577,1.16485,1.16567,1297.47
1757030400000,1.16566,1.16607,1.16522,1.16594,3994.01
1757034000000,1.16595,1.16718,1.16595,1.16704,2718.53
1757037600000,1.16705,1.16745,1.16683,1.16683,1526.35
1757041200000,1.16679,1.16731,1.1666,1.16713,2123.24
1757044800000,1.16713,1.16717,1.16648,1.16668,1539.84
1757048400000,1.1667,1.16775,1.16663,1.16765,1055.23
1757052000000,1.16766,1.16775,1.16649,1.1669,4596.82
1757055600000,1.16691,1.16786,1.16663,1.16777,4456.26
1757059200000,1.16775,1.16843,1.16749,1.16828,3228.53
1757062800000,1.1683,1.16923,1.16814,1.16877,2841.69
1757066400000,1.16877,1.16963,1.16867,1.16914,2937.52
1757070000000,1.16913,1.16916,1.16775,1.1687,4619.88
1757073600000,1.1687,1.175,1.16862,1.17341,19334.42
1757077200000,1.17341,1.17502,1.17136,1.17487,15289.13
1757080800000,1.17489,1.17592,1.17227,1.17365,12116.81
1757084400000,1.17363,1.17592,1.17346,1.17583,7178.81
1757088000000,1.17582,1.17593,1.17364,1.17389,4498.21
1757091600000,1.17387,1.17391,1.17246,1.17257,3997.66
1757095200000,1.17256,1.17263,1.17144,1.17169,2654.57
1757098800000,1.17169,1.1723,1.17129,1.17176,2739.23
1757102400000,1.17178,1.17219,1.17139,1.17141,1834.01
1757278800000,1.17111,1.17186,1.17102,1.1717,398.4
1757282400000,1.17168,1.17197,1.17036,1.17057,2703.5466
1757286000000,1.17059,1.17158,1.17057,1.17121,2152.16
1757289600000,1.17122,1.1713,1.17046,1.17128,2959.14
1757293200000,1.17129,1.17173,1.17074,1.17127,3214.04
1757296800000,1.17128,1.17162,1.17101,1.1715,3063.33
1757300400000,1.17149,1.17157,1.17079,1.17092,1654.3
1757304000000,1.17092,1.17142,1.17059,1.1713,1658.13
1757307600000,1.17129,1.17208,1.17122,1.17147,2403.91
1757311200000,1.1715,1.17277,1.17118,1.17267,5038.61
1757314800000,1.17268,1.17338,1.17202,1.17328,5174.98
1757318400000,1.17326,1.17427,1.17258,1.1731,4026.77
1757322000000,1.17311,1.17313,1.17207,1.17236,3195.58
1757325600000,1.17236,1.17288,1.17198,1.17257,3471.24
1757329200000,1.17256,1.17317,1.17245,1.17289,2562.18
1757332800000,1.1729,1.17415,1.17228,1.17377,4518.69
1757336400000,1.17377,1.17561,1.17363,1.1751,5441.73
1757340000000,1.1751,1.17543,1.17397,1.17452,6605.74
1757343600000,1.17454,1.17522,1.17431,1.17503,4114.45
1757347200000,1.17503,1.17518,1.17349,1.17403,3770.76
1757350800000,1.17402,1.17469,1.17348,1.17395,2198.76
1757354400000,1.17394,1.17624,1.17394,1.17611,2187.75
1757358000000,1.1761,1.17654,1.17594,1.17624,2440.08
1757361600000,1.17623,1.17636,1.17595,1.17629,1344.84
1757365200000,1.1762,1.17629,1.17585,1.17609,821.72
1757368800000,1.17611,1.17649,1.17611,1.17619,1092.6
1757372400000,1.17622,1.17728,1.17622,1.17684,1005.33
1757376000000,1.17685,1.17742,1.17653,1.17714,3045.56
1757379600000,1.17714,1.17779,1.17659,1.17749,3571.64
1757383200000,1.1775,1.17768,1.17677,1.17685,3085.15
1757386800000,1.17687,1.17699,1.17634,1.17638,992.72
1757390400000,1.17639,1.17757,1.17635,1.17726,1298.92
1757394000000,1.17726,1.17799,1.17711,1.17786,2377
1757397600000,1.17789,1.17798,1.1756,1.17647,4695.13
1757401200000,1.17648,1.17681,1.17479,1.17527,5083
1757404800000,1.17525,1.17621,1.17441,1.17593,6868.74
1757408400000,1.17595,1.17722,1.17593,1.17675,5131.87
1757412000000,1.17675,1.17712,1.17524,1.17538,5111.22
1757415600000,1.17542,1.17544,1.1741,1.1742,4111.93
1757419200000,1.17422,1.17449,1.17275,1.17371,6149.43
1757422800000,1.17372,1.17489,1.17339,1.17414,6795.86
1757426400000,1.17416,1.17626,1.17227,1.17307,20943.9
1757430000000,1.17308,1.17315,1.17156,1.1722,11207.62
1757433600000,1.1722,1.17297,1.17186,1.1719,6809.44
1757437200000,1.1719,1.17235,1.17083,1.17094,7555.58
1757440800000,1.17093,1.17145,1.17041,1.17062,7448.97
1757444400000,1.17063,1.17089,1.17036,1.17065,2255
1757448000000,1.17063,1.17117,1.17044,1.17078,1867.51
1757451600000,1.17073,1.17119,1.1706,1.17094,2838.88
1757455200000,1.17093,1.17134,1.17084,1.17118,1345.93
1757458800000,1.17115,1.17119,1.16972,1.1702,2068.92
1757462400000,1.1702,1.17023,1.16959,1.16969,2239.88
1757466000000,1.16971,1.17026,1.16891,1.16991,4208.76
1757469600000,1.16994,1.1708,1.16992,1.17069,2730.62
1757473200000,1.17072,1.171,1.17065,1.1708,1473.57
1757476800000,1.1708,1.17154,1.17073,1.17149,2312.41
1757480400000,1.17147,1.17157,1.17049,1.17083,2549.06
1757484000000,1.17085,1.17184,1.16916,1.16976,5522.43
1757487600000,1.16977,1.17077,1.16824,1.17028,6520.86
1757491200000,1.17028,1.17035,1.1691,1.16997,4292.56
1757494800000,1.16996,1.1717,1.16981,1.17133,3702.6
1757498400000,1.17131,1.17145,1.16963,1.17002,3171.29
1757502000000,1.17001,1.17068,1.1695,1.17046,3374.8
1757505600000,1.17045,1.17272,1.1691,1.17002,12719
1757509200000,1.17001,1.17246,1.16956,1.172,10349.1
1757512800000,1.17198,1.17306,1.17151,1.17277,7758.97
1757516400000,1.17276,1.173,1.17131,1.17146,4226.66
1757520000000,1.17145,1.17161,1.17023,1.17053,4224.68
1757523600000,1.17053,1.17113,1.17015,1.17058,2552.79
1757527200000,1.17055,1.17121,1.17025,1.17047,1893.64
1757530800000,1.17044,1.17046,1.16933,1.17002,2424.42
1757534400000,1.17001,1.17013,1.16932,1.16946,1460.38
1757538000000,1.16945,1.16993,1.16937,1.16986,3150.38
1757541600000,1.16987,1.17032,1.16979,1.17028,585.05
1757545200000,1.17028,1.17067,1.17011,1.17024,847.1
1757548800000,1.17023,1.17023,1.16936,1.16939,1906.57
1757552400000,1.16937,1.17025,1.16927,1.16973,2076.27
1757556000000,1.16971,1.16988,1.16937,1.16964,1339.01
1757559600000,1.16963,1.17001,1.16946,1.16956,1275.43
1757563200000,1.16955,1.16993,1.16937,1.16993,1273.64
1757566800000,1.16992,1.16994,1.16891,1.16899,1685.77
1757570400000,1.16897,1.16966,1.16836,1.16905,4227.29
1757574000000,1.16906,1.16963,1.16864,1.16926,5169.88
1757577600000,1.16927,1.16951,1.16886,1.1692,3589.08
1757581200000,1.16918,1.16931,1.16772,1.16858,3637.63
1757584800000,1.16859,1.16882,1.16798,1.1683,2986.25
1757588400000,1.16827,1.1691,1.16781,1.16835,5725.87
1757592000000,1.16836,1.17208,1.16589,1.17149,18657.54
1757595600000,1.17147,1.17409,1.17137,1.17392,15424.64
1757599200000,1.1739,1.17442,1.17255,1.17278,8054.89
1757602800000,1.17277,1.1746,1.1726,1.17315,6203.45
1757606400000,1.17316,1.17396,1.17305,1.17363,3933.2
1757610000000,1.17363,1.1739,1.17277,1.17316,3178.73
1757613600000,1.17315,1.17383,1.17306,1.17355,2449.98
1757617200000,1.17355,1.17389,1.17336,1.17366,3609.11
1757620800000,1.17368,1.17397,1.17331,1.17337,2653.05
1757624400000,1.17326,1.17358,1.17306,1.17347,2531.56
1757628000000,1.1735,1.17405,1.17345,1.17386,925.69
1757631600000,1.17389,1.17398,1.17327,1.17329,861.89
1757635200000,1.17329,1.17343,1.17268,1.1733,3528.89
1757638800000,1.17329,1.17344,1.17253,1.17254,3031.68
1757642400000,1.17257,1.1729,1.17237,1.17266,2077.08
1757646000000,1.17266,1.1727,1.17227,1.17249,1635.81
1757649600000,1.1725,1.1727,1.17206,1.17254,1870.04
1757653200000,1.17255,1.17334,1.17238,1.17304,1782.45
1757656800000,1.17307,1.17404,1.17218,1.17392,5330.28
1757660400000,1.17394,1.17475,1.17368,1.17407,5500.69
1757664000000,1.17406,1.17409,1.17154,1.17172,5983.42
1757667600000,1.17172,1.17251,1.17125,1.17219,7310.2
1757671200000,1.17221,1.17347,1.17217,1.17337,4199.47
1757674800000,1.17337,1.17354,1.17204,1.17211,5915.03
1757678400000,1.17213,1.17227,1.17013,1.1712,8582.36
1757682000000,1.17122,1.17164,1.17033,1.17123,6269.08
1757685600000,1.17123,1.1728,1.17117,1.1725,8666.96
1757689200000,1.17252,1.17278,1.17133,1.1714,4956.14
1757692800000,1.1714,1.17317,1.17099,1.17269,2995.94
1757696400000,1.17268,1.17378,1.17268,1.1732,2265.23
1757700000000,1.1732,1.17416,1.1732,1.17409,2347.98
1757703600000,1.17411,1.17414,1.17338,1.17363,1824.67
1757707200000,1.17363,1.17365,1.17286,1.17301,2576.64
1757883600000,1.17303,1.17339,1.17279,1.17288,329.1
1757887200000,1.1729,1.17344,1.17276,1.1728,1221.9
1757890800000,1.1728,1.1731,1.17249,1.17253,636.96
1757894400000,1.17256,1.17276,1.17218,1.17268,1011.54
1757898000000,1.17267,1.17294,1.17225,1.17276,1787.05
1757901600000,1.17275,1.17292,1.17244,1.17274,1199.89
1757905200000,1.17275,1.17342,1.17269,1.17312,1196.33
1757908800000,1.17312,1.17353,1.17308,1.1734,913.65
1757912400000,1.17341,1.17343,1.17278,1.17284,1024.08
1757916000000,1.17284,1.17298,1.1716,1.1725,3201.09
1757919600000,1.17249,1.17441,1.17241,1.17335,4138.37
1757923200000,1.17333,1.17435,1.17298,1.17369,4443.65
1757926800000,1.17369,1.17516,1.17359,1.17463,4050.38
1757930400000,1.17461,1.17626,1.17461,1.17528,3364.72
1757934000000,1.17527,1.1763,1.17527,1.17608,3613.8
1757937600000,1.1761,1.17708,1.1761,1.17693,5182
1757941200000,1.17692,1.17731,1.17575,1.17588,6561.47
1757944800000,1.17588,1.17603,1.17508,1.17577,6093.4
1757948400000,1.17578,1.1772,1.17563,1.17712,4570.64
1757952000000,1.17712,1.17744,1.17564,1.17581,3066.15
1757955600000,1.1758,1.17728,1.17579,1.17709,2945.69
1757959200000,1.17711,1.17721,1.17662,1.17693,6331.77
1757962800000,1.17694,1.17719,1.17642,1.17657,5566.73
1757966400000,1.17656,1.17686,1.17598,1.17609,3916.59
1757970000000,1.17606,1.17656,1.17602,1.17651,1198.2
1757973600000,1.17651,1.17653,1.17615,1.17627,1154.81
1757977200000,1.1763,1.17657,1.17626,1.17628,701.66
1757980800000,1.17627,1.17661,1.17572,1.17619,2008.14
1757984400000,1.17618,1.17691,1.1758,1.17674,2504.45
1757988000000,1.17673,1.17773,1.17673,1.17764,2444.28
1757991600000,1.17765,1.17866,1.17739,1.17802,3383.77
1757995200000,1.17802,1.17802,1.17739,1.17769,2023.57
1757998800000,1.17767,1.17802,1.17735,1.17782,1751.48
1758002400000,1.1778,1.17912,1.17778,1.17871,6567.91
1758006000000,1.17871,1.18017,1.17862,1.17944,7019.66
1758009600000,1.17943,1.18037,1.179,1.17946,6438.05
1758013200000,1.1795,1.18179,1.17947,1.1814,6184.55
1758016800000,1.1814,1.18153,1.18038,1.18082,5402.72
1758020400000,1.18083,1.18213,1.18011,1.18141,6245.13
1758024000000,1.18142,1.18153,1.17902,1.18046,8682.45
1758027600000,1.18044,1.1827,1.1804,1.18239,9382.94
1758031200000,1.18238,1.18531,1.18212,1.18516,12379.75
1758034800000,1.18516,1.18532,1.18349,1.1847,7688.96
1758038400000,1.18469,1.18717,1.18463,1.18644,4792.12
1758042000000,1.18642,1.18783,1.18633,1.1866,4951.15
1758045600000,1.1866,1.18708,1.18613,1.18665,2667.02
1758049200000,1.18664,1.18688,1.18578,1.18604,2991.84
1758052800000,1.18602,1.18685,1.18583,1.18668,3507.88
1758056400000,1.18657,1.18657,1.18568,1.18631,2375.16
1758060000000,1.18627,1.1868,1.18622,1.18657,1413.6
1758063600000,1.1866,1.18727,1.18655,1.18709,989.69
1758067200000,1.18711,1.18727,1.18576,1.18583,4079.52
1758070800000,1.18582,1.18592,1.18519,1.18559,2932.63
1758074400000,1.18559,1.18577,1.18511,1.18553,1708.06
1758078000000,1.18554,1.18577,1.18512,1.18518,1611.77
1758081600000,1.18517,1.18551,1.18511,1.18537,2715.01
1758085200000,1.18536,1.18596,1.18536,1.18578,1913.51
1758088800000,1.18581,1.18598,1.18513,1.1856,6349.55
1758092400000,1.18559,1.1856,1.18378,1.18403,6673.8
1758096000000,1.18404,1.18512,1.18396,1.18479,4150.66
1758099600000,1.18478,1.18495,1.18409,1.18454,3816.14
1758103200000,1.18454,1.18467,1.18326,1.18363,4383.21
1758106800000,1.18363,1.18459,1.18348,1.18392,2766.48
1758110400000,1.18389,1.18449,1.18338,1.18433,4335.47
1758114000000,1.18434,1.18528,1.18422,1.18496,5740.65
1758117600000,1.18497,1.1859,1.18458,1.18494,6512.56
1758121200000,1.18493,1.18525,1.18434,1.18446,4279.85
1758124800000,1.18444,1.18562,1.18422,1.18532,3210.2
1758128400000,1.18531,1.18551,1.18465,1.18517,4357.53
1758132000000,1.18517,1.19186,1.18187,1.18341,31671.01
1758135600000,1.18344,1.18566,1.18204,1.18244,18881.32
1758139200000,1.18245,1.18274,1.18077,1.18122,3494.68
1758142800000,1.1812,1.18158,1.18101,1.18149,2340.14
1758146400000,1.18153,1.18219,1.18119,1.18189,1552.61
1758150000000,1.18193,1.18287,1.18177,1.18251,1803.59
1758153600000,1.18253,1.18282,1.18149,1.18253,4620.33
1758157200000,1.18251,1.18287,1.18074,1.18135,7090.27
1758160800000,1.18136,1.18223,1.18124,1.18194,3013.06
1758164400000,1.18192,1.18226,1.18114,1.18121,1643.04
1758168000000,1.1812,1.18137,1.17936,1.17949,2734.56
1758171600000,1.1795,1.18001,1.17851,1.17906,3637.39
1758175200000,1.17905,1.17994,1.17802,1.17943,5746.28
1758178800000,1.17942,1.18385,1.17935,1.18315,8864.97
1758182400000,1.18314,1.18342,1.18208,1.18276,6760.2
1758186000000,1.18277,1.18482,1.18268,1.1838,5247.35
1758189600000,1.1838,1.18399,1.18309,1.18365,5438.61
1758193200000,1.18366,1.18369,1.18199,1.18253,5873.05
1758196800000,1.18252,1.1826,1.1795,1.17955,10096.68
1758200400000,1.17955,1.17959,1.175,1.17669,13402.84
1758204000000,1.1767,1.17816,1.17626,1.17754,29458.62
1758207600000,1.17754,1.17875,1.17693,1.17794,10113.7
1758211200000,1.17792,1.17878,1.1772,1.17869,5541.81
1758214800000,1.17868,1.17937,1.17855,1.17877,6156.16
1758218400000,1.17877,1.17894,1.17819,1.17877,4146.97
1758222000000,1.17876,1.17911,1.17824,1.17848,2347.23
1758225600000,1.17851,1.17867,1.17811,1.17856,1844.55
1758229200000,1.17841,1.17882,1.17828,1.17864,2027.86
1758232800000,1.17867,1.17896,1.1784,1.17866,2203.98
1758236400000,1.17866,1.17906,1.17862,1.17889,1049.3
1758240000000,1.1789,1.17906,1.17751,1.17863,4543.28
1758243600000,1.17862,1.17866,1.17741,1.17752,4890.62
1758247200000,1.1775,1.17807,1.17719,1.17795,2230.99
1758250800000,1.17796,1.17925,1.17796,1.17816,4554.35
1758254400000,1.17818,1.17896,1.17703,1.17737,6663.17
1758258000000,1.17737,1.17778,1.17707,1.1773,2762.06
1758261600000,1.17729,1.17775,1.17632,1.17663,6495.37
1758265200000,1.17665,1.17781,1.17573,1.17697,7608.53
1758268800000,1.17697,1.17706,1.17509,1.1761,4629.97
1758272400000,1.17608,1.17687,1.17563,1.17595,3807.95
1758276000000,1.17595,1.1765,1.17583,1.1761,3130.87
1758279600000,1.17612,1.17621,1.17349,1.17368,4444.39
1758283200000,1.17367,1.17432,1.17286,1.1736,6024.49
1758286800000,1.1736,1.17637,1.17352,1.17582,7801.71
1758290400000,1.1758,1.17679,1.17558,1.1757,6757.62
1758294000000,1.1757,1.17589,1.17371,1.17521,6025.38
1758297600000,1.1752,1.1755,1.17411,1.17529,2821.16
1758301200000,1.17528,1.17549,1.17485,1.17507,2374.91
1758304800000,1.17507,1.17513,1.17466,1.17482,1593.78
1758308400000,1.17482,1.17508,1.1745,1.17476,1114.5
1758312000000,1.17476,1.17477,1.17405,1.17405,1749.6
1758488400000,1.17449,1.17454,1.17376,1.17448,388.64
1758492000000,1.17445,1.17477,1.17389,1.17405,1167.35
1758495600000,1.17405,1.17415,1.17357,1.17365,1257.75
1758499200000,1.17363,1.1738,1.17262,1.17345,2375.87
1758502800000,1.17346,1.17407,1.17316,1.17321,4672.98
1758506400000,1.17322,1.17335,1.1727,1.1728,3133.51
1758510000000,1.17278,1.17347,1.17276,1.17324,2689.41
1758513600000,1.17324,1.17324,1.17263,1.17305,1847.56
1758517200000,1.17305,1.17385,1.17296,1.17382,1986.07
1758520800000,1.17381,1.17484,1.1736,1.17432,3783.91
1758524400000,1.17434,1.17544,1.1739,1.17483,5215.41
1758528000000,1.17482,1.1769,1.17468,1.17623,5280.62
1758531600000,1.17626,1.17761,1.17616,1.17758,3187.97
1758535200000,1.17756,1.17858,1.17736,1.17739,3085.35
1758538800000,1.17739,1.17821,1.17692,1.17781,3107.02
1758542400000,1.17784,1.17873,1.17731,1.17832,5300.52
1758546000000,1.1783,1.17877,1.17685,1.17765,10196.04
1758549600000,1.17766,1.17771,1.17626,1.17696,5380.73
1758553200000,1.17695,1.17755,1.17641,1.17724,3848.27
1758556800000,1.17724,1.179,1.17713,1.1788,3722.83
1758560400000,1.17882,1.1797,1.17855,1.17964,1896.76
1758564000000,1.17964,1.1799,1.17921,1.17962,2141.2
1758567600000,1.17964,1.18019,1.17952,1.17997,2005.43
1758571200000,1.17998,1.18034,1.17979,1.18025,1885.99
1758574800000,1.18026,1.18026,1.17932,1.17983,3355.92
1758578400000,1.17978,1.18037,1.17975,1.18008,671.4
1758582000000,1.1801,1.18026,1.17996,1.18004,423.16
1758585600000,1.18002,1.18073,1.17966,1.18062,1701.59
1758589200000,1.1806,1.18199,1.18039,1.18147,4821.65
1758592800000,1.18146,1.18165,1.18013,1.18042,2825.27
1758596400000,1.18041,1.18062,1.17963,1.18054,2541.28
1758600000000,1.18056,1.18079,1.17974,1.17976,1201.8
1758603600000,1.17974,1.18048,1.17949,1.17984,2103.29
1758607200000,1.17984,1.18044,1.17899,1.17948,4418.58
1758610800000,1.17947,1.17997,1.17787,1.17904,8404.92
1758614400000,1.17903,1.18054,1.17838,1.18027,11754.01
1758618000000,1.18026,1.18124,1.18004,1.18021,4461.64
1758621600000,1.18023,1.18064,1.17905,1.17959,3822.67
1758625200000,1.17961,1.17999,1.17913,1.17916,3110.4
1758628800000,1.17918,1.17983,1.17842,1.17967,5199.53
1758632400000,1.17968,1.18044,1.17841,1.17995,9645.04
1758636000000,1.17992,1.18052,1.17923,1.17952,8080.01
1758639600000,1.17953,1.1799,1.1788,1.17981,3792.92
1758643200000,1.17983,1.18093,1.17913,1.18049,4798.51
1758646800000,1.18048,1.18177,1.18028,1.18115,4395.98
1758650400000,1.18116,1.18167,1.18082,1.18109,3029.35
1758654000000,1.18109,1.18179,1.18068,1.1816,2602.11
1758657600000,1.18161,1.18183,1.18114,1.18149,1331.15
1758661200000,1.18138,1.18149,1.18108,1.18144,1372.55
1758664800000,1.18144,1.1819,1.18138,1.18143,2408.74
1758668400000,1.18143,1.18173,1.18125,1.18153,936.37
1758672000000,1.18153,1.18163,1.18031,1.18036,3377.21
1758675600000,1.18039,1.1805,1.17973,1.17997,5805.25
1758679200000,1.17999,1.18037,1.1796,1.17967,3408.39
1758682800000,1.17964,1.17999,1.17947,1.17974,1736.84
1758686400000,1.17971,1.18044,1.17954,1.18028,1869.92
1758690000000,1.18027,1.18049,1.17921,1.1798,2625.09
1758693600000,1.17979,1.18027,1.1786,1.17873,5087.28
1758697200000,1.17875,1.17946,1.17841,1.17882,5405.03
1758700800000,1.17883,1.17883,1.17661,1.17717,6914.37
1758704400000,1.17717,1.17747,1.17623,1.17676,3937.49
1758708000000,1.17675,1.17698,1.17507,1.17517,3536.34
1758711600000,1.17518,1.17554,1.17464,1.17492,4692.87
1758715200000,1.17492,1.1758,1.17395,1.17425,9867.65
1758718800000,1.17427,1.17435,1.17301,1.17384,10591.99
1758722400000,1.17383,1.17461,1.1728,1.17428,10040.9
1758726000000,1.1743,1.17458,1.17368,1.17416,9592.91
1758729600000,1.17417,1.17436,1.17299,1.17325,5308.38
1758733200000,1.17324,1.17407,1.17317,1.17375,3075.66
1758736800000,1.17376,1.17387,1.17324,1.17365,2659.6
1758740400000,1.17366,1.17391,1.17319,1.17378,2406.95
1758744000000,1.17377,1.17392,1.17351,1.17374,1918.91
1758747600000,1.17367,1.17406,1.17363,1.17387,958.28
1758751200000,1.17388,1.17449,1.17384,1.17445,1170.37
1758754800000,1.17444,1.1746,1.17419,1.17423,1355.23
1758758400000,1.17422,1.17481,1.17406,1.17473,2384.54
1758762000000,1.17473,1.17493,1.17405,1.1744,2943.24
1758765600000,1.17442,1.17517,1.17432,1.17495,3070.66
1758769200000,1.17496,1.17535,1.17474,1.17524,1746.58
1758772800000,1.17525,1.17534,1.17487,1.1752,1449.85
1758776400000,1.17522,1.17522,1.17404,1.1742,1717.45
1758780000000,1.1742,1.17521,1.17381,1.17458,5452.14
1758783600000,1.17457,1.17479,1.17313,1.17332,5451.73
1758787200000,1.17333,1.17444,1.17305,1.17427,8128.19
1758790800000,1.17428,1.17517,1.17389,1.17448,3575.83
1758794400000,1.17447,1.17538,1.17443,1.17468,3191.83
1758798000000,1.17468,1.17471,1.17345,1.17401,4663.34
1758801600000,1.174,1.17455,1.16876,1.1698,11869.38
1758805200000,1.16981,1.17101,1.16829,1.16857,10579.67
1758808800000,1.16856,1.16945,1.16736,1.16761,11362.77
1758812400000,1.16761,1.16807,1.16665,1.16723,6782.06
1758816000000,1.16722,1.16831,1.16687,1.16705,4705.92
1758819600000,1.16705,1.1672,1.16521,1.16574,4190.59
1758823200000,1.16576,1.16599,1.16454,1.16522,3767.26
1758826800000,1.16522,1.16628,1.16517,1.16604,2538.02
1758830400000,1.16604,1.16688,1.16593,1.16654,2484.15
1758834000000,1.16653,1.16653,1.16568,1.16586,4974.5084
1758837600000,1.16586,1.16685,1.16586,1.1668,1102.01
1758841200000,1.16681,1.16681,1.16598,1.16616,1537.07
1758844800000,1.16615,1.16713,1.16579,1.16712,3502.71
1758848400000,1.1671,1.16735,1.16655,1.16676,2991.48
1758852000000,1.16677,1.16793,1.16673,1.1677,2081.81
1758855600000,1.16769,1.16787,1.16748,1.16782,1250.98
1758859200000,1.1678,1.16817,1.16742,1.16799,1856.95
1758862800000,1.16799,1.16818,1.16764,1.16769,1923.22
1758866400000,1.16771,1.16837,1.16718,1.16796,4476.93
1758870000000,1.16795,1.16831,1.16684,1.16729,5273.51
1758873600000,1.16729,1.16877,1.16706,1.16806,4654.17
1758877200000,1.16803,1.16843,1.16757,1.16785,4415.4
1758880800000,1.16784,1.16811,1.16615,1.1663,3605.29
1758884400000,1.16631,1.16758,1.16624,1.16677,4573.39
1758888000000,1.16678,1.1686,1.16667,1.16829,11239.07
1758891600000,1.16828,1.16943,1.1678,1.16836,9787.06
1758895200000,1.16837,1.17044,1.16834,1.16912,10738.12
1758898800000,1.16909,1.16998,1.16869,1.16912,6435.2
1758902400000,1.16911,1.16968,1.16864,1.16927,3357.64
1758906000000,1.16928,1.17016,1.16908,1.16997,2396.17
1758909600000,1.16997,1.17056,1.16959,1.17038,2290.43
1758913200000,1.17038,1.17058,1.16983,1.17057,1557.46
1758916800000,1.17055,1.17072,1.16987,1.17005,1851.1
1759093200000,1.16986,1.17044,1.16986,1.17038,1842.55
1759096800000,1.17038,1.17057,1.17013,1.17042,1152.67
1759100400000,1.17041,1.17097,1.17037,1.17048,582.53
1759104000000,1.17047,1.17231,1.17044,1.17215,2470.26
1759107600000,1.17214,1.17251,1.17142,1.17229,3838.17
1759111200000,1.1723,1.17282,1.17222,1.1726,2826.83
1759114800000,1.17259,1.17292,1.17249,1.17251,1304.82
1759118400000,1.17249,1.17328,1.17225,1.1727,1630.67
1759122000000,1.17268,1.17332,1.17237,1.17283,3088.66
1759125600000,1.17283,1.17286,1.17179,1.17195,4720.13
1759129200000,1.17196,1.17329,1.17174,1.17268,5592.56
1759132800000,1.17266,1.17288,1.17075,1.17234,4275.78
1759136400000,1.17236,1.1726,1.17166,1.17176,3425.99
1759140000000,1.17174,1.17216,1.17154,1.17198,2477.26
1759143600000,1.17199,1.17308,1.17091,1.17289,3733.93
1759147200000,1.17291,1.17511,1.17184,1.17497,11895.33
1759150800000,1.175,1.17544,1.17372,1.17407,9304.27
1759154400000,1.17406,1.17444,1.17294,1.17301,6502.23
1759158000000,1.17299,1.1734,1.17225,1.1729,6135.3
1759161600000,1.17293,1.17329,1.17254,1.17292,2600.59
1759165200000,1.17296,1.17315,1.17212,1.17214,1864.82
1759168800000,1.17214,1.17328,1.17199,1.17314,2134.78
1759172400000,1.17311,1.17315,1.17258,1.17274,1864.14
1759176000000,1.17273,1.17277,1.17234,1.1726,1759.34
1759179600000,1.17254,1.17295,1.17228,1.1726,2725.07
1759183200000,1.1726,1.17279,1.17243,1.17272,609.93
1759186800000,1.17273,1.17322,1.1727,1.17305,838.21
1759190400000,1.17307,1.17313,1.17124,1.17207,5401.27
1759194000000,1.17208,1.17257,1.17134,1.17139,6067.92
1759197600000,1.17139,1.17238,1.17119,1.17223,2486.31
1759201200000,1.17222,1.17263,1.17203,1.17236,2096.37
1759204800000,1.17234,1.17285,1.17185,1.17285,3227.98
1759208400000,1.17283,1.1737,1.17279,1.17331,2242.71
1759212000000,1.17332,1.17437,1.17308,1.17374,4422.46
1759215600000,1.17372,1.17483,1.17362,1.17415,4338.8
1759219200000,1.17419,1.17615,1.17419,1.17555,5295.55
1759222800000,1.17555,1.17583,1.17451,1.1748,3612.79
1759226400000,1.17482,1.17514,1.17403,1.17456,3675.59
1759230000000,1.17457,1.17486,1.17363,1.1742,4754.62
1759233600000,1.1742,1.17474,1.17329,1.1737,4472.77
1759237200000,1.17371,1.1739,1.17164,1.17302,7059.99
1759240800000,1.17301,1.17522,1.17231,1.17497,11078.93
1759244400000,1.17496,1.17503,1.17255,1.1734,7155.27
1759248000000,1.1734,1.17591,1.17337,1.17565,3972.57
1759251600000,1.17565,1.17614,1.17469,1.17491,3514.02
1759255200000,1.17491,1.17494,1.17355,1.17406,2373.07
1759258800000,1.17404,1.17412,1.17364,1.17396,2188.59
1759262400000,1.17399,1.17402,1.17327,1.17328,2411.94
1759266000000,1.17325,1.17369,1.17325,1.17361,2945.4
1759269600000,1.1736,1.17421,1.17329,1.1734,1597.14
1759273200000,1.1734,1.17424,1.17335,1.17344,1666.68
1759276800000,1.17342,1.17382,1.17296,1.17357,2220.47
1759280400000,1.1736,1.17406,1.17302,1.17389,1912.18
1759284000000,1.17393,1.17395,1.17322,1.17378,1397.16
1759287600000,1.17378,1.1739,1.17338,1.17378,1323.64
1759291200000,1.17381,1.17585,1.17379,1.17579,1979.99
1759294800000,1.17578,1.17669,1.1752,1.17521,3804.74
1759298400000,1.17523,1.17748,1.17505,1.17678,5545.87
1759302000000,1.17676,1.17785,1.17418,1.17498,9794.67
1759305600000,1.17497,1.17659,1.17492,1.17492,6945.23
1759309200000,1.17493,1.1754,1.17306,1.17326,4769.88
1759312800000,1.17326,1.17333,1.17157,1.17251,6196.74
1759316400000,1.17252,1.17402,1.17251,1.17343,4110.27
1759320000000,1.17343,1.17688,1.17222,1.17489,19008.74
1759323600000,1.1749,1.17614,1.17459,1.17539,11469.34
1759327200000,1.17539,1.17634,1.17309,1.17465,16291.68
1759330800000,1.17463,1.17492,1.17212,1.17229,10777.5
1759334400000,1.17228,1.17267,1.17154,1.17227,9278.3
1759338000000,1.17228,1.17325,1.17227,1.17237,4893.34
1759341600000,1.17238,1.17419,1.17215,1.17347,4199.37
1759345200000,1.17347,1.17369,1.17296,1.17304,3279.05
1759348800000,1.17303,1.1731,1.17261,1.17294,3040.09
1759352400000,1.17268,1.17341,1.17268,1.17303,6454.238
1759356000000,1.1731,1.17372,1.17309,1.17335,1163.83
1759359600000,1.17336,1.17369,1.17327,1.17327,501.92
1759363200000,1.17325,1.17348,1.17243,1.17298,2425.77
1759366800000,1.17295,1.17389,1.17237,1.17386,1896.39
1759370400000,1.17389,1.17418,1.17368,1.17371,1181.43
1759374000000,1.17373,1.17386,1.17323,1.17346,1372.96
1759377600000,1.17345,1.17357,1.17299,1.17341,1172.07
1759381200000,1.17342,1.1737,1.17293,1.17354,1303
1759384800000,1.17354,1.17448,1.17339,1.17426,5084.2
1759388400000,1.17427,1.17566,1.17407,1.17498,5041.56
1759392000000,1.17498,1.17567,1.1745,1.17535,4433.85
1759395600000,1.17534,1.17582,1.17505,1.17547,3033.47
1759399200000,1.17548,1.17548,1.17461,1.17519,2863.67
1759402800000,1.17519,1.17566,1.17471,1.17502,3152.37
1759406400000,1.17502,1.17583,1.17343,1.17375,4809.49
1759410000000,1.1738,1.17437,1.17132,1.17222,8670.2
1759413600000,1.17219,1.17219,1.1705,1.17134,10041.82
1759417200000,1.17131,1.17133,1.16829,1.16965,7383.48
1759420800000,1.16964,1.17149,1.16949,1.17148,10288.68
1759424400000,1.17147,1.17203,1.17121,1.17134,3991.86
1759428000000,1.17134,1.17222,1.17125,1.17209,3034.42
1759431600000,1.17209,1.17265,1.17172,1.17187,2320.34
1759435200000,1.17188,1.17241,1.17143,1.17154,2612.23
1759438800000,1.17154,1.17186,1.1713,1.17169,1471.92
1759442400000,1.17174,1.17208,1.17162,1.17188,667.51
1759446000000,1.1719,1.17257,1.17184,1.17244,574.88
1759449600000,1.17245,1.17245,1.17189,1.17241,1257.38
1759453200000,1.17244,1.17292,1.17161,1.17268,2982.77
1759456800000,1.17267,1.17277,1.17204,1.17246,1684.91
1759460400000,1.17243,1.17268,1.17198,1.17262,1124.15
1759464000000,1.17262,1.1728,1.17179,1.17179,1483.13
1759467600000,1.17179,1.17213,1.17146,1.17169,2933.82
1759471200000,1.17169,1.17289,1.1716,1.17203,2717.36
1759474800000,1.17204,1.17342,1.17204,1.1732,4428.41
1759478400000,1.1732,1.17444,1.17309,1.17399,4448.71
1759482000000,1.17399,1.17406,1.17311,1.17371,4862.55
1759485600000,1.17371,1.17397,1.17336,1.17362,3419.4
1759489200000,1.17362,1.17428,1.17309,1.17336,4346.58
1759492800000,1.17338,1.17407,1.17268,1.17393,4766.49
1759496400000,1.17395,1.17444,1.17326,1.17377,5670.7
1759500000000,1.17379,1.17591,1.1734,1.17407,17646.82
1759503600000,1.17408,1.17487,1.17365,1.17459,4116.11
1759507200000,1.17462,1.17483,1.17376,1.17396,2334.74
1759510800000,1.17396,1.17415,1.17319,1.17337,2319.73
1759514400000,1.17337,1.17401,1.17265,1.17396,2588.32
1759518000000,1.17395,1.17422,1.1737,1.17409,1599.63
1759521600000,1.17408,1.17443,1.17382,1.17382,2160.45
1759698000000,1.17209,1.17275,1.17187,1.17256,537.47
1759701600000,1.17256,1.17272,1.17156,1.1716,4296.77
1759705200000,1.1716,1.17164,1.1706,1.17116,5415.4
1759708800000,1.17121,1.17189,1.171,1.1716,4116.5
1759712400000,1.17163,1.17249,1.17101,1.17239,2811.15
1759716000000,1.17239,1.17307,1.17236,1.17269,1807.33
1759719600000,1.17269,1.173,1.17233,1.17242,1634.81
1759723200000,1.17243,1.17273,1.17194,1.17201,2529.89
1759726800000,1.172,1.17253,1.1714,1.1717,2055.45
1759730400000,1.17172,1.17196,1.16901,1.16936,5780.33
1759734000000,1.16936,1.17119,1.16621,1.16625,12243.21
1759737600000,1.16626,1.16796,1.16516,1.16677,12880.86
1759741200000,1.16675,1.16696,1.1657,1.16661,14911.04
1759744800000,1.16662,1.16668,1.16525,1.16632,9741.08
1759748400000,1.16632,1.16788,1.16574,1.16753,6924.69
1759752000000,1.16751,1.16895,1.16728,1.16889,14123.4
1759755600000,1.16891,1.17027,1.16836,1.16994,6697.03
1759759200000,1.16993,1.17177,1.1695,1.17164,7004.3
1759762800000,1.17164,1.17211,1.17029,1.17063,4708.41
1759766400000,1.17066,1.17121,1.17029,1.17118,2589.23
1759770000000,1.17118,1.17158,1.17096,1.17103,1881.92
1759773600000,1.17101,1.17157,1.17093,1.17125,1678.55
1759777200000,1.17126,1.17168,1.171,1.17106,1567.16
1759780800000,1.17105,1.17138,1.17082,1.17104,1949.74
1759784400000,1.17104,1.17144,1.1706,1.17085,1182.87
1759788000000,1.17084,1.17144,1.17083,1.17095,2444.18
1759791600000,1.17097,1.17142,1.17082,1.17092,1140.75
1759795200000,1.17093,1.1711,1.1704,1.17085,2475.27
1759798800000,1.17087,1.17087,1.16963,1.16967,1895.88
1759802400000,1.16966,1.17057,1.16966,1.17014,1312.59
1759806000000,1.17016,1.17069,1.16994,1.1703,1475.9
1759809600000,1.1703,1.17072,1.16943,1.16983,2083.21
1759813200000,1.16983,1.16996,1.16873,1.16915,1765.58
1759816800000,1.16915,1.16916,1.16829,1.16866,5543.68
1759820400000,1.16864,1.16878,1.16701,1.16761,4412.55
1759824000000,1.16761,1.16828,1.16648,1.16657,3565.93
1759827600000,1.16657,1.16708,1.16604,1.16663,3816.28
1759831200000,1.16662,1.16758,1.16629,1.16741,4169.8
1759834800000,1.16739,1.16742,1.16538,1.16625,4074.08
1759838400000,1.16623,1.16668,1.16539,1.16666,6505.42
1759842000000,1.16668,1.167,1.16593,1.16602,5745.78
1759845600000,1.16601,1.16661,1.16547,1.16629,7787.2
1759849200000,1.16631,1.16798,1.16614,1.16728,6560.23
1759852800000,1.1673,1.1681,1.16697,1.16699,4070.83
1759856400000,1.16698,1.16792,1.16664,1.16672,4094.32
1759860000000,1.16673,1.16679,1.16567,1.16576,2561.19
1759863600000,1.16577,1.16582,1.16474,1.165,2944.26
1759867200000,1.16502,1.16583,1.16488,1.16563,1547.9
1759870800000,1.16559,1.16583,1.16529,1.16563,2143.85
1759874400000,1.16561,1.1661,1.16561,1.1659,758.83
1759878000000,1.16591,1.16591,1.16526,1.16526,1502.87
1759881600000,1.16527,1.1653,1.16454,1.16473,2422.22
1759885200000,1.16472,1.16472,1.16259,1.16265,6294.95
1759888800000,1.16266,1.16271,1.16168,1.16238,3404.79
1759892400000,1.16236,1.16245,1.16174,1.16237,1849.83
1759896000000,1.16236,1.16251,1.16159,1.16191,1855.78
1759899600000,1.16189,1.16191,1.16119,1.16168,2531.94
1759903200000,1.1617,1.16202,1.16068,1.16163,4761.14
1759906800000,1.16166,1.16341,1.16116,1.1631,7373.71
1759910400000,1.16311,1.16353,1.16105,1.16144,4729.55
1759914000000,1.16147,1.16202,1.16059,1.16112,4647.61
1759917600000,1.16112,1.16361,1.16091,1.16336,4131.06
1759921200000,1.16335,1.16345,1.16251,1.16259,4045.6
1759924800000,1.1626,1.16378,1.16245,1.16324,3961.63
1759928400000,1.16322,1.16447,1.16273,1.16317,5279.68
1759932000000,1.16317,1.16361,1.16203,1.16215,5967.24
1759935600000,1.16216,1.16219,1.1603,1.16056,7544.3
1759939200000,1.16057,1.16069,1.15983,1.16051,3986.94
1759942800000,1.16052,1.16091,1.16023,1.16069,2333.1
1759946400000,1.1607,1.1622,1.15996,1.16198,5719.95
1759950000000,1.16201,1.16283,1.16201,1.16278,2077.33
1759953600000,1.1628,1.16323,1.16263,1.16274,2167.01
1759957200000,1.16275,1.16287,1.1623,1.1628,4141.24
1759960800000,1.16282,1.16348,1.16275,1.16333,1597.27
1759964400000,1.16333,1.16334,1.1628,1.1629,1487.71
1759968000000,1.16289,1.16409,1.1628,1.16368,2154.34
1759971600000,1.16366,1.16455,1.16363,1.164,3089.33
1759975200000,1.16399,1.16476,1.16387,1.16439,2017.73
1759978800000,1.16437,1.16464,1.16403,1.16447,1212.52
1759982400000,1.16445,1.1647,1.16418,1.16454,923.89
1759986000000,1.16455,1.1648,1.16382,1.16384,1991.8
1759989600000,1.16383,1.16385,1.16113,1.16146,6862.08
1759993200000,1.16156,1.16231,1.16064,1.16111,9198.97
1759996800000,1.16108,1.16143,1.1603,1.16123,6120.78
1760000400000,1.16124,1.16271,1.16107,1.16256,6554.24
1760004000000,1.16258,1.16271,1.16129,1.16184,3044.86
1760007600000,1.16184,1.1622,1.16093,1.16121,5130.9
1760011200000,1.16119,1.16162,1.16048,1.1615,7841.29
1760014800000,1.16151,1.16231,1.15914,1.16025,13407.09
1760018400000,1.16025,1.16027,1.15763,1.15808,11301.17
1760022000000,1.15808,1.15817,1.1547,1.15587,9607.17
1760025600000,1.15587,1.15632,1.15524,1.15578,4995.59
1760029200000,1.15577,1.15662,1.1554,1.15598,3867.97
1760032800000,1.15596,1.15602,1.1542,1.15463,2936.8
1760036400000,1.15463,1.15615,1.15463,1.15594,2361.02
1760040000000,1.15593,1.15667,1.15585,1.15635,2341.16
1760043600000,1.15634,1.15648,1.15551,1.15628,976.61
1760047200000,1.15633,1.15666,1.15617,1.15646,823.05
1760050800000,1.15645,1.15663,1.15567,1.15652,1220.76
1760054400000,1.1565,1.15706,1.15606,1.15673,1814.27
1760058000000,1.15674,1.15714,1.15623,1.15626,1946.61
1760061600000,1.15628,1.15729,1.15625,1.15695,2012.16
1760065200000,1.15693,1.1574,1.15673,1.15729,1370.4
1760068800000,1.15727,1.15735,1.15674,1.15734,1079.8
1760072400000,1.15732,1.15778,1.15693,1.15697,1665.54
1760076000000,1.15697,1.15746,1.15609,1.15701,5774.63
1760079600000,1.15701,1.15798,1.15638,1.1578,6833.55
1760083200000,1.15778,1.15895,1.15751,1.15787,4315.78
1760086800000,1.15786,1.15799,1.15686,1.15743,2925.3
1760090400000,1.15744,1.15833,1.15704,1.15714,3077.48
1760094000000,1.15715,1.15747,1.15601,1.1561,3921.9
1760097600000,1.15609,1.1576,1.1559,1.15719,5646.98
1760101200000,1.15718,1.15734,1.15618,1.15683,5107.59
1760104800000,1.15684,1.15822,1.15646,1.15782,10392.93
1760108400000,1.15784,1.16305,1.15777,1.16124,26456.37
1760112000000,1.16124,1.16254,1.1604,1.16059,6686.56
1760115600000,1.16056,1.1609,1.15969,1.16009,4184.93
1760119200000,1.16012,1.16129,1.15997,1.16085,2662.57
1760122800000,1.16084,1.1615,1.16036,1.16126,2773.16
1760126400000,1.16129,1.16285,1.16037,1.16149,4785.5
1760302800000,1.16138,1.1615,1.16078,1.16117,955.45
1760306400000,1.16116,1.16135,1.15918,1.1603,4015.49
1760310000000,1.16032,1.16101,1.16001,1.16015,2617.8
1760313600000,1.16012,1.16158,1.16,1.16157,3460.66
1760317200000,1.16159,1.16209,1.16098,1.16197,3188.85
1760320800000,1.16198,1.16275,1.16167,1.16194,1917.51
1760324400000,1.16195,1.16216,1.16161,1.16205,1334.57
1760328000000,1.16204,1.1625,1.16178,1.16201,1349.5
1760331600000,1.16202,1.16238,1.16128,1.16145,1809.04
1760335200000,1.16146,1.16297,1.16106,1.16139,4709.9
1760338800000,1.1614,1.16158,1.15973,1.15997,6775.37
1760342400000,1.15997,1.16047,1.15815,1.15853,6326.95
1760346000000,1.15853,1.1598,1.15842,1.15942,2983.96
1760349600000,1.15941,1.15956,1.15814,1.15833,2744.56
1760353200000,1.15834,1.15941,1.15653,1.15681,5962.12
1760356800000,1.15686,1.15765,1.15616,1.15685,5488.48
1760360400000,1.15685,1.15775,1.15644,1.15749,5853.97
1760364000000,1.15748,1.15748,1.15574,1.15612,5414.14
1760367600000,1.15612,1.15752,1.156,1.15737,3898.04
1760371200000,1.15738,1.15792,1.15695,1.15754,4445.04
1760374800000,1.15753,1.1577,1.15696,1.15731,1676.82
1760378400000,1.15733,1.15776,1.15659,1.15683,2090.9
1760382000000,1.15684,1.15737,1.15658,1.1566,1473.77
1760385600000,1.15661,1.15707,1.1565,1.15691,1448.22
1760389200000,1.1569,1.15727,1.15674,1.15713,1342.25
1760392800000,1.15715,1.15738,1.15675,1.15677,1635.66
1760396400000,1.15679,1.15697,1.15635,1.15658,1215.75
1760400000000,1.15657,1.15672,1.15549,1.15611,4938.89
1760403600000,1.15612,1.15732,1.15605,1.15707,2950.92
1760407200000,1.15707,1.15761,1.15704,1.15737,1918.77
1760410800000,1.15737,1.15818,1.15711,1.15787,2278.39
1760414400000,1.15787,1.15925,1.15783,1.15917,4050.19
1760418000000,1.15917,1.15935,1.15823,1.15844,4651.8
1760421600000,1.15843,1.15894,1.15629,1.157,6851.81
1760425200000,1.15699,1.15744,1.15423,1.15495,9299.84
1760428800000,1.15494,1.15606,1.15455,1.15587,8546.05
1760432400000,1.15587,1.15631,1.15515,1.15549,4192.87
1760436000000,1.15546,1.15594,1.15511,1.15533,3776.05
1760439600000,1.15533,1.15582,1.15463,1.15518,4096.33
1760443200000,1.1552,1.1565,1.15479,1.15555,6001.33
1760446800000,1.15554,1.15829,1.15542,1.15739,9072.38
1760450400000,1.1574,1.15972,1.15689,1.15941,7584.47
1760454000000,1.15942,1.16081,1.15865,1.16071,6869.04
1760457600000,1.16073,1.16148,1.16011,1.16094,6448.8
1760461200000,1.16091,1.1612,1.16017,1.16093,3328.89
1760464800000,1.16093,1.16117,1.16034,1.16049,2863.06
1760468400000,1.16049,1.16113,1.16042,1.16053,3533.44
1760472000000,1.16055,1.16078,1.15997,1.16059,1641.25
1760475600000,1.1606,1.16083,1.16049,1.16073,726.09
1760479200000,1.16072,1.16097,1.16034,1.16034,884.73
1760482800000,1.16035,1.16055,1.16018,1.16032,1083.48
1760486400000,1.1603,1.16138,1.16017,1.16104,4189.96
1760490000000,1.16106,1.16228,1.16068,1.1619,5200.41
1760493600000,1.16192,1.16258,1.16179,1.16229,2567.41
1760497200000,1.16229,1.1624,1.16184,1.16221,1712.76
1760500800000,1.16223,1.16242,1.16168,1.16183,1185.82
1760504400000,1.16185,1.16267,1.16183,1.16195,2090.2
1760508000000,1.16195,1.16384,1.16175,1.16339,6345.67
1760511600000,1.16341,1.16445,1.16292,1.16356,6145.43
1760515200000,1.16355,1.16453,1.16314,1.16326,4359.78
1760518800000,1.16325,1.1639,1.16279,1.16346,4002.32
1760522400000,1.16346,1.1635,1.16204,1.16242,4011.88
1760526000000,1.16243,1.16321,1.16195,1.16199,3868.87
1760529600000,1.16201,1.16274,1.16137,1.16175,5552.37
1760533200000,1.16176,1.1632,1.16103,1.16272,8926.72
1760536800000,1.16273,1.16298,1.16195,1.16245,5599.95
1760540400000,1.16246,1.16472,1.16183,1.16369,5861.26
1760544000000,1.16371,1.16407,1.16284,1.16398,4456.4
1760547600000,1.16397,1.16402,1.16269,1.16291,5146.71
1760551200000,1.16292,1.16372,1.16277,1.16332,2811.48
1760554800000,1.16331,1.16448,1.16329,1.16441,2332.61
1760558400000,1.16442,1.16476,1.16426,1.16466,1775.71
1760562000000,1.16461,1.16461,1.16418,1.16434,841.48
1760565600000,1.16436,1.16519,1.16435,1.1646,1704.39
1760569200000,1.16463,1.16468,1.16445,1.16456,1224.82
1760572800000,1.16455,1.16667,1.16425,1.16632,6647.67
1760576400000,1.16632,1.16754,1.1661,1.16696,4444.55
1760580000000,1.16698,1.16747,1.16641,1.16659,3357.61
1760583600000,1.16658,1.16671,1.16615,1.16621,3362.89
1760587200000,1.16619,1.16621,1.16557,1.16561,1430.49
1760590800000,1.16559,1.16614,1.16537,1.166,3042.66
1760594400000,1.16609,1.16678,1.16521,1.16538,6691.06
1760598000000,1.16538,1.16567,1.16429,1.16518,8043.27
1760601600000,1.16517,1.16599,1.16485,1.16587,4932.21
1760605200000,1.16586,1.16637,1.16523,1.16581,3547.35
1760608800000,1.16583,1.16628,1.16529,1.16552,4377.75
1760612400000,1.16556,1.16563,1.16462,1.16539,4524.64
1760616000000,1.1654,1.16616,1.16489,1.16603,6025.21
1760619600000,1.16602,1.16641,1.165,1.16574,7146.2
1760623200000,1.16575,1.16779,1.16534,1.16769,6915.91
1760626800000,1.16769,1.1678,1.16611,1.16643,5508.15
1760630400000,1.16642,1.16789,1.1664,1.16767,7842.99
1760634000000,1.1677,1.16935,1.16767,1.16881,6417.91
1760637600000,1.16879,1.16932,1.16803,1.16892,6308.16
1760641200000,1.16892,1.16941,1.1687,1.16888,3569.16
1760644800000,1.16888,1.16914,1.16847,1.16867,1793.54
1760648400000,1.16864,1.16897,1.16816,1.16876,1088.93
1760652000000,1.16884,1.16957,1.1686,1.16942,2473.28
1760655600000,1.16943,1.16994,1.16928,1.16988,1775.37
1760659200000,1.16989,1.17112,1.16951,1.17065,2926.58
1760662800000,1.17065,1.17097,1.16997,1.17009,6634.31
1760666400000,1.17009,1.17114,1.16951,1.1705,4209.81
1760670000000,1.17052,1.17122,1.17045,1.17091,2798.15
1760673600000,1.17091,1.17121,1.17061,1.17097,3015.27
1760677200000,1.17097,1.17283,1.17096,1.17229,2669.96
1760680800000,1.1723,1.17265,1.17082,1.17105,12423.36
1760684400000,1.17103,1.17146,1.16936,1.17114,19607.14
1760688000000,1.17114,1.1716,1.16915,1.16968,8937.62
1760691600000,1.16968,1.17076,1.16963,1.17011,7203.86
1760695200000,1.1701,1.17026,1.16873,1.16894,7116.57
1760698800000,1.16894,1.16968,1.16802,1.16848,10879.37
1760702400000,1.16849,1.16862,1.16668,1.16762,7669.6
1760706000000,1.16762,1.16811,1.1669,1.16704,10638.08
1760709600000,1.16702,1.1673,1.16563,1.16668,9096.62
1760713200000,1.16668,1.16733,1.16607,1.16733,6120.58
1760716800000,1.1673,1.16793,1.16697,1.16708,3514.81
1760720400000,1.16707,1.16756,1.16669,1.16677,3532.29
1760724000000,1.16677,1.16743,1.16639,1.16678,2851.35
1760727600000,1.16678,1.1671,1.16658,1.16705,1895.5
1760731200000,1.16692,1.16699,1.16496,1.16509,2774.09
1760907600000,1.16646,1.16655,1.1654,1.1654,625.87
1760911200000,1.16538,1.16574,1.16515,1.1656,2991
1760914800000,1.1656,1.16615,1.16543,1.16578,2721.73
1760918400000,1.16579,1.16664,1.16577,1.16662,5722.95
1760922000000,1.16665,1.16674,1.16564,1.16598,2525.72
1760925600000,1.16597,1.16706,1.16597,1.16658,2557.85
1760929200000,1.16656,1.16686,1.16649,1.16681,1440.21
1760932800000,1.16679,1.16736,1.16654,1.16714,2137.74
1760936400000,1.16713,1.16753,1.16698,1.16736,1888.23
1760940000000,1.16735,1.16735,1.16566,1.16583,5224.38
1760943600000,1.16584,1.1668,1.16535,1.16622,4433.65
1760947200000,1.16624,1.16664,1.16578,1.16633,3831.63
1760950800000,1.16634,1.16675,1.16591,1.16617,4859.4
1760954400000,1.16617,1.16628,1.16512,1.16532,2805.24
1760958000000,1.16533,1.16563,1.16443,1.16563,3796.8
1760961600000,1.16565,1.16603,1.16503,1.16534,5058.4
1760965200000,1.16534,1.16544,1.16463,1.16489,5129.66
1760968800000,1.16489,1.16643,1.16473,1.16535,6391.39
1760972400000,1.16535,1.16644,1.16524,1.16549,4629.52
1760976000000,1.16549,1.16581,1.16492,1.16498,4100.05
1760979600000,1.16495,1.16528,1.16413,1.16433,2136.65
1760983200000,1.16432,1.16483,1.16382,1.16462,1992.6
1760986800000,1.16466,1.16491,1.16398,1.16407,1728.11
1760990400000,1.16409,1.16442,1.16401,1.16412,1659.32
1760994000000,1.16413,1.16447,1.1639,1.16441,1388.54
1760997600000,1.16436,1.16451,1.16425,1.16428,494.27
1761001200000,1.1643,1.1645,1.16424,1.16439,489.88
1761004800000,1.16438,1.1655,1.1643,1.16528,4520.7
1761008400000,1.16529,1.16529,1.1642,1.16447,3166.07
1761012000000,1.1645,1.16452,1.16326,1.1634,5166.14
1761015600000,1.1634,1.16358,1.16327,1.16346,1404.09
1761019200000,1.16344,1.16366,1.16318,1.16359,1687.13
1761022800000,1.1636,1.16374,1.16242,1.16252,4368.22
1761026400000,1.16251,1.16339,1.16185,1.16317,6128.47
1761030000000,1.16319,1.16353,1.16215,1.16252,10419.71
1761033600000,1.16251,1.16274,1.16127,1.1621,7586.88
1761037200000,1.16213,1.1627,1.16159,1.16204,4757.43
1761040800000,1.16206,1.16233,1.16063,1.16178,6746.01
1761044400000,1.16179,1.16257,1.1609,1.16128,4316.02
1761048000000,1.16128,1.16167,1.16018,1.1611,8306.36
1761051600000,1.16108,1.16168,1.16025,1.16124,10501.98
1761055200000,1.16125,1.16181,1.15975,1.16044,8648.44
1761058800000,1.16045,1.16165,1.1604,1.16149,8798.91
1761062400000,1.16152,1.16244,1.16078,1.16088,5845.73
1761066000000,1.16087,1.16098,1.16014,1.16037,4759.36
1761069600000,1.16038,1.16084,1.16034,1.16049,1764.79
1761073200000,1.16048,1.16075,1.15998,1.16006,1995.88
1761076800000,1.16007,1.16028,1.15989,1.15994,1692.01
1761080400000,1.15988,1.16042,1.1598,1.16031,910.45
1761084000000,1.16032,1.16032,1.15992,1.16,995.13
1761087600000,1.16,1.16015,1.15987,1.15993,725.88
1761091200000,1.15996,1.16077,1.15996,1.16047,3673.22
1761094800000,1.16045,1.16089,1.16014,1.16046,1727.72
1761098400000,1.16046,1.16107,1.16046,1.16083,1814.85
1761102000000,1.16081,1.16088,1.16045,1.16069,1256.7
1761105600000,1.16068,1.16094,1.1605,1.16091,1056.34
1761109200000,1.16088,1.16156,1.16088,1.16133,2092.69
1761112800000,1.16134,1.16147,1.16041,1.16093,4620.18
1761116400000,1.16095,1.16127,1.15995,1.16006,5833.31
1761120000000,1.16006,1.16006,1.15897,1.15974,6102.39
1761123600000,1.15973,1.16019,1.15924,1.15947,2977.73
1761127200000,1.15945,1.15968,1.15827,1.15857,3914.73
1761130800000,1.15857,1.15892,1.15823,1.15826,3637.59
1761134400000,1.15824,1.15914,1.15767,1.15829,5881.06
1761138000000,1.1583,1.15974,1.15817,1.15947,5956.71
1761141600000,1.15948,1.16114,1.15922,1.1611,7805.5
1761145200000,1.1611,1.16168,1.16084,1.16112,5953.73
1761148800000,1.16113,1.16224,1.16101,1.16196,6924.7
1761152400000,1.16194,1.16205,1.16124,1.16147,3865.69
1761156000000,1.16144,1.16155,1.16073,1.1609,2677.01
1761159600000,1.16089,1.16111,1.16047,1.16056,1898.55
1761163200000,1.16056,1.16107,1.16056,1.161,1461.86
1761166800000,1.161,1.1612,1.16071,1.16114,831.23
1761170400000,1.16115,1.16143,1.16106,1.16121,455.78
1761174000000,1.16126,1.16126,1.16065,1.16071,790.58
1761177600000,1.16071,1.16072,1.15975,1.1604,3066.97
1761181200000,1.16041,1.16055,1.15976,1.15977,2223.32
1761184800000,1.15976,1.15994,1.1595,1.15965,1212.49
1761188400000,1.15964,1.15985,1.1592,1.15929,1060.92
1761192000000,1.15927,1.15991,1.15906,1.15988,1456.26
1761195600000,1.15986,1.16041,1.15968,1.16013,1822.06
1761199200000,1.16012,1.16038,1.15905,1.15944,3855.14
1761202800000,1.15943,1.16013,1.15908,1.16,4325.53
1761206400000,1.15998,1.16061,1.15928,1.15961,4201.19
1761210000000,1.1596,1.16002,1.15928,1.15936,2989.04
1761213600000,1.15935,1.15948,1.15856,1.15878,2395.72
1761217200000,1.15877,1.15928,1.15853,1.1587,3013.82
1761220800000,1.15871,1.16059,1.15865,1.16006,5059.86
1761224400000,1.16009,1.16104,1.15981,1.16065,7185.68
1761228000000,1.16066,1.16197,1.16055,1.16129,6962.66
1761231600000,1.1613,1.16159,1.16063,1.16115,5118.16
1761235200000,1.16117,1.1616,1.16063,1.16067,2908.4
1761238800000,1.16066,1.16121,1.16043,1.16116,2172.64
1761242400000,1.16116,1.16179,1.16097,1.16174,2112.21
1761246000000,1.16174,1.162,1.16152,1.16163,1315.79
1761249600000,1.16163,1.16193,1.16135,1.16179,1218.7
1761253200000,1.16177,1.16181,1.1614,1.16165,2059.12
1761256800000,1.16164,1.16213,1.16164,1.16179,717.22
1761260400000,1.16179,1.16188,1.16149,1.16171,658.41
1761264000000,1.1617,1.16215,1.16167,1.16179,2006.2
1761267600000,1.16179,1.16187,1.16088,1.16094,1538.16
1761271200000,1.16094,1.16124,1.16076,1.16079,1426.08
1761274800000,1.16078,1.16116,1.1607,1.16091,1385.48
1761278400000,1.16089,1.1609,1.16055,1.16075,1415.15
1761282000000,1.16074,1.1608,1.16016,1.16054,1481.97
1761285600000,1.16053,1.16139,1.16008,1.16134,4280.54
1761289200000,1.16133,1.16278,1.16017,1.16181,7054.55
1761292800000,1.16179,1.16237,1.16063,1.16102,4206.14
1761296400000,1.16099,1.16127,1.16051,1.16116,4380.12
1761300000000,1.16117,1.16166,1.1611,1.16127,3779.45
1761303600000,1.16125,1.16156,1.16069,1.16149,3168.6
1761307200000,1.16151,1.1649,1.16086,1.1634,14034.78
1761310800000,1.16343,1.16433,1.16206,1.16264,10898.8
1761314400000,1.16266,1.16357,1.16181,1.16259,7799.15
1761318000000,1.16257,1.16354,1.16212,1.16252,5379.77
1761321600000,1.16251,1.16275,1.1621,1.16256,2440.63
1761325200000,1.16254,1.16318,1.16243,1.16273,1935.13
1761328800000,1.16274,1.16279,1.16247,1.16259,1552.14
1761332400000,1.1626,1.16332,1.16259,1.16314,1335.07
1761336000000,1.16315,1.16357,1.16207,1.16266,2933.38
1761512400000,1.16346,1.16362,1.16259,1.16287,806.97
1761516000000,1.16295,1.16353,1.16253,1.16283,2217.66
1761519600000,1.16282,1.16328,1.16256,1.1631,1583.81
1761523200000,1.16308,1.16375,1.16278,1.16349,1978.11
1761526800000,1.16348,1.16475,1.16334,1.16388,2864.45
1761530400000,1.16389,1.16396,1.16302,1.16307,1050.24
1761534000000,1.16308,1.16322,1.1627,1.16278,1109.62
1761537600000,1.16276,1.16278,1.16207,1.16242,1206.84
1761541200000,1.16244,1.1627,1.16207,1.1626,1581.8
1761544800000,1.16261,1.16321,1.16247,1.16262,2589.03
1761548400000,1.16263,1.16276,1.16197,1.16197,3250.18
1761552000000,1.16198,1.1633,1.16176,1.16283,3584.66
1761555600000,1.16281,1.16398,1.16259,1.16378,3958.93
1761559200000,1.16375,1.16445,1.16353,1.16414,2703.96
1761562800000,1.16415,1.16472,1.16359,1.16459,3101.88
1761566400000,1.16461,1.16514,1.16377,1.16411,4651.23
1761570000000,1.1641,1.16428,1.16313,1.16357,5277.47
1761573600000,1.16358,1.16423,1.16323,1.16407,3848.72
1761577200000,1.16405,1.16417,1.16326,1.16352,3512.32
1761580800000,1.16351,1.16409,1.16324,1.16386,3122.5
1761584400000,1.16385,1.16415,1.16354,1.1638,2483.97
1761588000000,1.1638,1.1652,1.1635,1.16502,2391.95
1761591600000,1.16503,1.16504,1.1644,1.16475,1695.72
1761595200000,1.16473,1.16488,1.16433,1.16441,1368.39
1761598800000,1.1644,1.16458,1.16436,1.16447,1551.69
1761602400000,1.16448,1.16504,1.16446,1.16495,1301.47
1761606000000,1.16499,1.16547,1.16494,1.16508,912.27
1761609600000,1.16508,1.16587,1.16462,1.16554,3470.85
1761613200000,1.16556,1.16639,1.16549,1.16574,2626.59
1761616800000,1.16574,1.1663,1.16537,1.16545,1700.58
1761620400000,1.16543,1.16629,1.16541,1.16598,1687.34
1761624000000,1.166,1.16673,1.16588,1.16659,2314.32
1761627600000,1.16659,1.16679,1.16627,1.16637,2157.74
1761631200000,1.16635,1.16669,1.16548,1.16555,2191.39
1761634800000,1.16555,1.16614,1.16509,1.1655,3572.82
1761638400000,1.16549,1.16627,1.16486,1.1652,7138.18
1761642000000,1.16519,1.16587,1.16451,1.16568,4072.11
1761645600000,1.1657,1.16648,1.16546,1.1664,2918.83
1761649200000,1.1664,1.16641,1.16549,1.16592,3304.05
1761652800000,1.16592,1.16598,1.16347,1.16402,6069.76
1761656400000,1.16403,1.16404,1.16255,1.16392,7324.58
1761660000000,1.16393,1.16635,1.1637,1.16604,7719.46
1761663600000,1.16605,1.16672,1.16548,1.16587,4969.8
1761667200000,1.16588,1.16678,1.16529,1.16678,5421.36
1761670800000,1.16677,1.16686,1.16592,1.16629,3122.78
1761674400000,1.16631,1.16637,1.16561,1.16621,2273.3
1761678000000,1.1662,1.1665,1.16517,1.16522,2988.97
1761681600000,1.16523,1.16574,1.16504,1.16505,1239.76
1761685200000,1.16504,1.16525,1.16502,1.16515,1338.99
1761688800000,1.16521,1.16538,1.16496,1.16504,1194.49
1761692400000,1.16504,1.16569,1.16483,1.16568,1338.88
1761696000000,1.16568,1.16606,1.16528,1.16543,5934.37
1761699600000,1.16544,1.16559,1.16463,1.16471,2171.45
1761703200000,1.1647,1.16479,1.16415,1.16464,1562.64
1761706800000,1.16465,1.16465,1.16369,1.16369,1544.87
1761710400000,1.16369,1.16372,1.16314,1.16341,1522.08
1761714000000,1.1634,1.16352,1.16271,1.16312,2071.47
1761717600000,1.16313,1.16324,1.16248,1.16296,2479.55
1761721200000,1.16295,1.16377,1.16282,1.16323,4767.02
1761724800000,1.16323,1.16341,1.16231,1.16231,4053.35
1761728400000,1.16231,1.16472,1.16185,1.16412,6368.43
1761732000000,1.16411,1.16487,1.16369,1.16473,3103.03
1761735600000,1.16474,1.16485,1.16329,1.16395,5115.52
1761739200000,1.16397,1.16449,1.16273,1.16337,6438.31
1761742800000,1.1634,1.16457,1.16334,1.16365,10178.18
1761746400000,1.16364,1.16513,1.16316,1.16503,6904.63
1761750000000,1.16504,1.16645,1.16448,1.16637,5892.68
1761753600000,1.16636,1.1666,1.16554,1.1657,3849.47
1761757200000,1.1657,1.16589,1.16456,1.16472,2896.92
1761760800000,1.16472,1.16511,1.15839,1.15941,21360.42
1761764400000,1.15944,1.15998,1.15773,1.15992,19145.53
1761768000000,1.15993,1.16072,1.15907,1.16005,4199.29
1761771600000,1.16007,1.16041,1.15986,1.16024,1921.98
1761775200000,1.16022,1.16055,1.1601,1.16038,1091.32
1761778800000,1.16039,1.16053,1.16013,1.16028,762.33
1761782400000,1.16027,1.16153,1.15967,1.1612,6691.38
1761786000000,1.16119,1.16152,1.16084,1.16136,4730.58
1761789600000,1.16136,1.16197,1.16122,1.16173,3216.67
1761793200000,1.16174,1.16198,1.16067,1.16153,3686.53
1761796800000,1.16154,1.16374,1.16135,1.16319,9902.64
1761800400000,1.16318,1.16338,1.16234,1.16239,2066.48
1761804000000,1.16237,1.16296,1.16179,1.16192,5208.92
1761807600000,1.16191,1.16227,1.16095,1.16182,6048.61
1761811200000,1.16187,1.16202,1.16066,1.16168,5638.34
1761814800000,1.16166,1.16283,1.16142,1.16161,4393.89
1761818400000,1.16165,1.16199,1.16058,1.16066,3290.75
1761822000000,1.16065,1.16111,1.15962,1.15979,3786.07
1761825600000,1.1598,1.1599,1.15531,1.15548,7205.65
1761829200000,1.15548,1.15794,1.1547,1.15794,11459.87
1761832800000,1.15794,1.15861,1.15677,1.15729,11024.07
1761836400000,1.15731,1.15771,1.15605,1.15635,4629.77
1761840000000,1.15637,1.15712,1.15592,1.15691,3102.47
1761843600000,1.15691,1.15698,1.15602,1.15663,2620.8
1761847200000,1.15662,1.15703,1.15642,1.15678,2060.35
1761850800000,1.15676,1.15715,1.15617,1.15641,2102.17
1761854400000,1.15644,1.15721,1.15635,1.15642,1838.81
1761858000000,1.15632,1.15694,1.15631,1.15678,1529.48
1761861600000,1.15678,1.15694,1.15656,1.15676,1221.6
1761865200000,1.15677,1.15731,1.15657,1.15714,1133.34
1761868800000,1.15714,1.15769,1.15698,1.15736,3416.5
1761872400000,1.15737,1.15775,1.15664,1.15676,2648.63
1761876000000,1.15677,1.15744,1.15649,1.15681,1464.23
1761879600000,1.1568,1.15709,1.1566,1.15671,958.85
1761883200000,1.15674,1.15733,1.15664,1.15719,861.56
1761886800000,1.15718,1.1572,1.15661,1.15679,1324.85
1761890400000,1.15679,1.15733,1.15605,1.1561,2213.84
1761894000000,1.15611,1.15658,1.15548,1.15648,3712.58
1761897600000,1.15648,1.15712,1.15596,1.15706,4338.65
1761901200000,1.15704,1.15767,1.15654,1.15757,3364.34
1761904800000,1.15757,1.15759,1.15672,1.15709,2482.6
1761908400000,1.15711,1.15742,1.15578,1.15667,3998.64
1761912000000,1.15666,1.15666,1.15531,1.15559,5316.38
1761915600000,1.15554,1.15562,1.15299,1.15389,6742.15
1761919200000,1.15389,1.15425,1.1522,1.15339,6731.16
1761922800000,1.15339,1.15429,1.15236,1.15409,8157.11
1761926400000,1.15406,1.15433,1.15281,1.15301,5313.31
1761930000000,1.15302,1.15311,1.15219,1.1524,3035.12
1761933600000,1.15239,1.15269,1.15214,1.15249,2071.67
1761937200000,1.1525,1.15315,1.15228,1.15254,2109.56
1761940800000,1.15253,1.15395,1.15252,1.1537,3140.79
1762120800000,1.15294,1.1534,1.15289,1.15329,6226.32
1762124400000,1.15327,1.15383,1.1525,1.15274,5512.28
1762128000000,1.15273,1.15309,1.15241,1.15256,1811.68
1762131600000,1.15258,1.15288,1.15215,1.15269,2115.96
1762135200000,1.15272,1.1534,1.15263,1.15314,1683.41
1762138800000,1.15313,1.15343,1.15299,1.15336,1147.59
1762142400000,1.15336,1.15369,1.15318,1.15338,1414.99
1762146000000,1.15338,1.15375,1.15322,1.15349,1185.33
1762149600000,1.15348,1.15413,1.15343,1.15376,1458.71
1762153200000,1.15376,1.1541,1.15335,1.15399,3787.3
1762156800000,1.15398,1.154,1.15093,1.15133,5081.2
1762160400000,1.15132,1.15207,1.1511,1.15143,3297.58
1762164000000,1.15143,1.15199,1.15078,1.15154,3817.87
1762167600000,1.15153,1.15198,1.15125,1.15152,2286.97
1762171200000,1.15152,1.1522,1.1514,1.15172,2847.84
1762174800000,1.15169,1.15176,1.15057,1.1511,5409.5
1762178400000,1.15108,1.15128,1.1505,1.15099,6911.9
1762182000000,1.15105,1.15252,1.15059,1.15252,10732.97
1762185600000,1.15251,1.15317,1.15214,1.15306,5067.17
1762189200000,1.15306,1.15378,1.15264,1.1527,3358.81
1762192800000,1.15272,1.15309,1.15204,1.15231,3877.44
1762196400000,1.15231,1.15249,1.15165,1.15194,2806.61
1762200000000,1.15195,1.15232,1.15179,1.15195,1628.73
1762203600000,1.15194,1.15202,1.15159,1.15196,1354.06
1762207200000,1.1519,1.15208,1.15168,1.15205,1006.03
1762210800000,1.15205,1.15206,1.15184,1.15184,977.07
1762214400000,1.15183,1.15183,1.15055,1.15082,3018.17
1762218000000,1.15082,1.151,1.1498,1.15099,3686.89
1762221600000,1.15097,1.1511,1.15048,1.15108,2907.92
1762225200000,1.15109,1.15176,1.15103,1.15132,3349.75
1762228800000,1.15132,1.15174,1.15092,1.15094,2455.31
1762232400000,1.15094,1.15139,1.15073,1.15124,3585.82
1762236000000,1.15124,1.15265,1.15113,1.15232,3438.81
1762239600000,1.15233,1.15334,1.15223,1.15271,5488.39
1762243200000,1.15269,1.15287,1.15134,1.15138,5490.98
1762246800000,1.15139,1.1517,1.14998,1.1501,4749.12
1762250400000,1.15007,1.15099,1.14989,1.15038,3256.59
1762254000000,1.15039,1.15056,1.14891,1.14898,3188.35
1762257600000,1.14899,1.14928,1.14768,1.14891,4500.36
1762261200000,1.14892,1.14967,1.14882,1.14922,3946.94
1762264800000,1.14921,1.14946,1.14729,1.14808,6341.56
1762268400000,1.14807,1.14927,1.14747,1.14916,6192.18
1762272000000,1.14916,1.14966,1.14874,1.14895,4108.44
1762275600000,1.14898,1.14901,1.14834,1.14838,2255.97
1762279200000,1.14837,1.14864,1.14809,1.1484,2066.35
1762282800000,1.14837,1.14871,1.14788,1.14789,2125.97
1762286400000,1.1479,1.14833,1.1475,1.14795,2564.38
1762290000000,1.14795,1.14825,1.14789,1.14818,2105.8
1762293600000,1.14816,1.14849,1.14799,1.14834,1629.21
1762297200000,1.14834,1.14857,1.14822,1.1485,708.95
1762300800000,1.14849,1.14853,1.14806,1.14837,3665.68
1762304400000,1.14835,1.14978,1.14797,1.14892,4934.59
1762308000000,1.14892,1.1492,1.14851,1.14884,2874.08
1762311600000,1.14882,1.14923,1.14858,1.14885,2298.7
1762315200000,1.14885,1.14918,1.14875,1.14906,1297.09
1762318800000,1.14908,1.1494,1.14893,1.14916,1411.84
1762322400000,1.14915,1.14941,1.14869,1.14879,1874.27
1762326000000,1.14878,1.14909,1.14833,1.14869,2852.1
1762329600000,1.1487,1.14952,1.14855,1.14886,5071.52
1762333200000,1.14885,1.14925,1.14812,1.14844,3553.55
1762336800000,1.14845,1.1485,1.14758,1.14831,3020.3
1762340400000,1.14833,1.14891,1.14787,1.14881,3573.54
1762344000000,1.14882,1.14924,1.14869,1.14909,3365.91
1762347600000,1.14909,1.14934,1.14728,1.14736,5840.71
1762351200000,1.14734,1.1493,1.14687,1.14868,5839.46
1762354800000,1.14867,1.14872,1.14697,1.14791,13030.17
1762358400000,1.14791,1.14857,1.14698,1.14839,5089.87
1762362000000,1.14841,1.14857,1.14763,1.14804,2987.89
1762365600000,1.14806,1.14837,1.14787,1.14815,2247.44
1762369200000,1.14815,1.14875,1.14802,1.14858,2071.76
1762372800000,1.14859,1.14918,1.14859,1.14883,1665.02
1762376400000,1.14883,1.1494,1.14873,1.14917,2113.57
1762380000000,1.14917,1.14931,1.14905,1.14919,1792.62
1762383600000,1.1492,1.14969,1.1491,1.14957,1281.82
1762387200000,1.14956,1.15018,1.1493,1.15005,1779.02
1762390800000,1.15008,1.15087,1.15007,1.15072,3312.39
1762394400000,1.15071,1.15089,1.15031,1.1505,1608.65
1762398000000,1.15052,1.15078,1.15032,1.15068,1441.95
1762401600000,1.15069,1.15082,1.15038,1.15069,1093.9
1762405200000,1.1507,1.15108,1.15035,1.151,1339.66
1762408800000,1.15099,1.15137,1.15051,1.15069,1904.6
1762412400000,1.1507,1.15132,1.15065,1.1508,3742.32
1762416000000,1.15082,1.15233,1.15058,1.1521,6049.39
1762419600000,1.15208,1.15237,1.1511,1.15134,4615.5
1762423200000,1.15134,1.15172,1.15099,1.15101,3755.96
1762426800000,1.15102,1.1521,1.15101,1.15202,2695.04
1762430400000,1.15201,1.15326,1.1514,1.15308,8700.11
1762434000000,1.15308,1.15438,1.1529,1.15356,6131.6
1762437600000,1.15356,1.15374,1.15199,1.15203,5971.09
1762441200000,1.15203,1.15428,1.15188,1.15395,8821.12
1762444800000,1.15392,1.15416,1.15313,1.15377,6271.12
1762448400000,1.15379,1.15426,1.15297,1.15406,6198.09
1762452000000,1.15407,1.15501,1.15391,1.15471,3536.6
1762455600000,1.15471,1.15522,1.15418,1.15441,2799.47
1762459200000,1.15443,1.15489,1.1543,1.15475,2469.59
1762462800000,1.15476,1.15488,1.15445,1.15466,1936.71
1762466400000,1.15463,1.1548,1.15416,1.15429,8568.18
1762470000000,1.15434,1.15514,1.15434,1.15485,756.48
1762473600000,1.15485,1.15489,1.15376,1.15394,2407.7
1762477200000,1.15395,1.1541,1.1536,1.15377,3078.3
1762480800000,1.15378,1.15428,1.15378,1.15398,3207.77
1762484400000,1.15398,1.15408,1.15347,1.15377,2023.26
1762488000000,1.15378,1.15378,1.15323,1.15364,1346.14
1762491600000,1.15364,1.15384,1.15323,1.15339,1668.8
1762495200000,1.15341,1.15357,1.15294,1.15306,2454.75
1762498800000,1.15307,1.15364,1.15305,1.15325,2419.03
1762502400000,1.15325,1.15401,1.15294,1.15348,4046.73
1762506000000,1.15348,1.15422,1.15343,1.15381,2673.9
1762509600000,1.15381,1.15517,1.15374,1.15501,3270.68
1762513200000,1.15498,1.15609,1.15493,1.15578,5430.57
1762516800000,1.15582,1.1565,1.15538,1.15556,5130.76
1762520400000,1.15559,1.15696,1.15556,1.15673,7876.54
1762524000000,1.15673,1.15787,1.15652,1.15727,6334.31
1762527600000,1.15733,1.1591,1.15713,1.15716,8607.45
1762531200000,1.15717,1.15821,1.15712,1.15776,4779.94
1762534800000,1.15775,1.1582,1.15713,1.15803,3886.95
1762538400000,1.15803,1.15834,1.15676,1.15682,2570.86
1762542000000,1.1568,1.15726,1.15555,1.15595,3289.6
1762545600000,1.15594,1.15666,1.15575,1.15642,2941.99
1762549200000,1.15642,1.15666,1.15588,1.15656,1754.46
1762725600000,1.15562,1.15578,1.15548,1.15569,798.69
1762729200000,1.15571,1.15582,1.15413,1.15433,4899.95
1762732800000,1.15434,1.15597,1.15429,1.15541,3612.06
1762736400000,1.15543,1.15602,1.15464,1.15579,2568.71
1762740000000,1.15579,1.15606,1.15546,1.15578,1739.61
1762743600000,1.15577,1.15585,1.15512,1.15545,1571.69
1762747200000,1.15547,1.15624,1.15547,1.15609,1354.96
1762750800000,1.1561,1.15665,1.15578,1.15619,1277.36
1762754400000,1.15622,1.15647,1.15513,1.15537,1928.37
1762758000000,1.15536,1.15718,1.15534,1.15675,3229.59
1762761600000,1.15675,1.15829,1.1565,1.15721,3781.29
1762765200000,1.15723,1.15738,1.1564,1.15682,3322.92
1762768800000,1.15681,1.15714,1.15609,1.15625,2818.69
1762772400000,1.15623,1.1564,1.15538,1.15632,2437.36
1762776000000,1.15629,1.15755,1.15626,1.15681,2739.52
1762779600000,1.15682,1.15778,1.15669,1.15678,3661.01
1762783200000,1.15677,1.15684,1.15592,1.15645,4756.65
1762786800000,1.15646,1.15668,1.1545,1.15455,4787.92
1762790400000,1.15454,1.15548,1.15428,1.15447,5078.72
1762794000000,1.15448,1.15611,1.15409,1.15604,4145.6
1762797600000,1.15604,1.15647,1.15579,1.15582,2240.02
1762801200000,1.15583,1.1563,1.15578,1.15608,1656.12
1762804800000,1.15607,1.15646,1.15605,1.15637,2459.11
1762808400000,1.15637,1.15637,1.1555,1.15568,2532.56
1762812000000,1.15563,1.15585,1.15534,1.15568,3061.56
1762815600000,1.15572,1.15601,1.15562,1.15565,1247.6
1762819200000,1.15566,1.15593,1.15516,1.15521,2084.2
1762822800000,1.15521,1.15547,1.15468,1.15546,2516.86
1762826400000,1.15546,1.15568,1.15519,1.1553,1598.33
1762830000000,1.15532,1.1558,1.1553,1.15563,1844.79
1762833600000,1.15563,1.15592,1.15552,1.15579,1396.68
1762837200000,1.1558,1.1565,1.15577,1.15614,1492.94
1762840800000,1.15613,1.15629,1.15503,1.15521,1952.6
1762844400000,1.15523,1.15607,1.15495,1.15599,3888.63
1762848000000,1.156,1.15682,1.15545,1.15545,4544.88
1762851600000,1.15546,1.15684,1.15533,1.15646,3559.02
1762855200000,1.15647,1.15746,1.15624,1.15728,2574.48
1762858800000,1.1573,1.15777,1.15698,1.1572,2918.93
1762862400000,1.15717,1.1577,1.15684,1.15704,2830.92
1762866000000,1.15705,1.16057,1.15705,1.16007,8222.45
1762869600000,1.16009,1.16049,1.15934,1.16004,6864.81
1762873200000,1.16003,1.1603,1.15913,1.15948,5720.29
1762876800000,1.15948,1.15996,1.15906,1.15932,4289.33
1762880400000,1.15933,1.1599,1.15906,1.15948,1740.56
1762884000000,1.15946,1.15955,1.15911,1.15926,1438.17
1762887600000,1.15924,1.15928,1.15834,1.15843,1996.42
1762891200000,1.15844,1.1589,1.15831,1.15832,1450.63
1762894800000,1.15832,1.15853,1.15808,1.1582,1751.66
1762898400000,1.15818,1.15858,1.15805,1.15857,1333.36
1762902000000,1.15856,1.15871,1.1582,1.15867,674.46
1762905600000,1.15865,1.15866,1.15789,1.1579,2047.44
1762909200000,1.15793,1.15821,1.15744,1.15752,2446.9
1762912800000,1.15752,1.15796,1.1575,1.15787,1518.98
1762916400000,1.15789,1.15814,1.15753,1.15775,1696.66
1762920000000,1.15773,1.15783,1.157,1.15719,1417.36
1762923600000,1.15718,1.15786,1.15709,1.1576,2697.76
1762927200000,1.15761,1.15822,1.15751,1.15819,1601.53
1762930800000,1.15819,1.15882,1.15812,1.15837,2812.71
1762934400000,1.15837,1.15876,1.15769,1.15773,4267.33
1762938000000,1.15774,1.15803,1.15681,1.15699,4480.11
1762941600000,1.15699,1.15754,1.15648,1.157,3862.01
1762945200000,1.15701,1.15779,1.15654,1.15779,3127.3
1762948800000,1.15779,1.15803,1.15715,1.15768,3719.46
1762952400000,1.15766,1.15798,1.15658,1.15718,3972.8
1762956000000,1.15719,1.15757,1.15627,1.15752,6161.7
1762959600000,1.15751,1.15957,1.15728,1.15939,7477.4
1762963200000,1.15938,1.15977,1.15882,1.1591,4317.5
1762966800000,1.1591,1.15968,1.1591,1.15929,2644.62
1762970400000,1.1593,1.15942,1.15888,1.15893,1857.3
1762974000000,1.15893,1.15902,1.15838,1.15866,2282.94
1762977600000,1.15866,1.15905,1.15852,1.15895,1493.67
1762981200000,1.15896,1.15932,1.15849,1.15932,1344.66
1762984800000,1.15933,1.15933,1.15882,1.15895,2172.35
1762988400000,1.15894,1.15945,1.1589,1.15915,1150.48
1762992000000,1.15915,1.1592,1.15802,1.15804,2831.3
1762995600000,1.15804,1.15895,1.15789,1.15892,2255.11
1762999200000,1.15893,1.15928,1.15852,1.15891,1556.81
1763002800000,1.15893,1.15912,1.15868,1.15897,1517.98
1763006400000,1.15897,1.15916,1.15872,1.15901,926.13
1763010000000,1.15903,1.15908,1.158,1.15816,1266.17
1763013600000,1.15816,1.15856,1.15811,1.15855,1891.87
1763017200000,1.15854,1.16121,1.1583,1.16111,4127.24
1763020800000,1.16113,1.16294,1.161,1.16278,5773.61
1763024400000,1.16277,1.16347,1.16105,1.16164,6454.15
1763028000000,1.16165,1.16234,1.16113,1.16158,3616.83
1763031600000,1.16157,1.16202,1.16046,1.16063,4345.11
1763035200000,1.16063,1.16229,1.16056,1.16227,5568.05
1763038800000,1.16229,1.16249,1.16116,1.16204,5114.85
1763042400000,1.16207,1.1631,1.16167,1.16278,9610.63
1763046000000,1.16278,1.1643,1.16229,1.16391,11092.49
1763049600000,1.1639,1.16488,1.16365,1.16487,7029.39
1763053200000,1.16486,1.16559,1.16458,1.16512,6173.28
1763056800000,1.16511,1.16518,1.16365,1.16381,5115.86
1763060400000,1.16379,1.16412,1.1635,1.16355,3451.61
1763064000000,1.16354,1.16393,1.16324,1.16329,2346.54
1763067600000,1.16329,1.16376,1.16305,1.16324,2074.73
1763071200000,1.16323,1.16377,1.163,1.16362,1174.48
1763074800000,1.16363,1.16369,1.16233,1.163,2109.66
1763078400000,1.163,1.16337,1.16269,1.16329,2868.16
1763082000000,1.16328,1.16391,1.16298,1.16331,3947.26
1763085600000,1.16331,1.16374,1.16297,1.16357,2152.99
1763089200000,1.16356,1.16448,1.16353,1.16383,2298.17
1763092800000,1.16382,1.16427,1.16375,1.16417,3204.38
1763096400000,1.16417,1.16482,1.16392,1.16476,2471.6
1763100000000,1.16475,1.16485,1.16332,1.16376,2444.57
1763103600000,1.16376,1.16463,1.16316,1.16327,5057.59
1763107200000,1.16327,1.16371,1.16202,1.16293,8371.39
1763110800000,1.16292,1.16311,1.16203,1.16216,6791.91
1763114400000,1.16213,1.16217,1.16122,1.16134,4044.03
1763118000000,1.16135,1.16196,1.16088,1.16193,4051.89
1763121600000,1.16193,1.16526,1.16168,1.16505,6293.8
1763125200000,1.16524,1.16536,1.16336,1.16376,7599.44
1763128800000,1.16377,1.16383,1.16208,1.16233,11860.9
1763132400000,1.16234,1.16254,1.1606,1.1613,9997.83
1763136000000,1.1613,1.16225,1.16098,1.16167,5028.47
1763139600000,1.16167,1.1618,1.16078,1.16139,3786.53
1763143200000,1.16141,1.16179,1.16095,1.16163,2385.36
1763146800000,1.16164,1.162,1.16158,1.16178,2649.87
1763150400000,1.16179,1.16229,1.16167,1.16202,2704.577
1763154000000,1.16204,1.16235,1.16161,1.16172,2273.087
1763330400000,1.16143,1.16236,1.16142,1.16218,1460.21
1763334000000,1.16219,1.16244,1.16114,1.16147,1266.21
1763337600000,1.16147,1.16147,1.1605,1.16062,2744.27
1763341200000,1.16061,1.16097,1.16052,1.16064,2978.72
1763344800000,1.16065,1.16065,1.16014,1.1602,1559.18
1763348400000,1.1602,1.1602,1.15961,1.15984,3017.55
1763352000000,1.15983,1.16032,1.15973,1.16028,1060.54
1763355600000,1.16029,1.16049,1.1599,1.16002,1765.33
1763359200000,1.16003,1.16083,1.15949,1.16073,2266.23
1763362800000,1.16073,1.16149,1.16066,1.16133,2545.19
1763366400000,1.16132,1.16149,1.1599,1.16031,4003.68
1763370000000,1.16029,1.16045,1.15969,1.16013,3343.28
1763373600000,1.16014,1.1608,1.15959,1.15967,3341.66
1763377200000,1.15966,1.1603,1.15948,1.16011,3081.81
1763380800000,1.16012,1.16046,1.15956,1.15988,3251.78
1763384400000,1.15987,1.15994,1.15884,1.15911,5974.92
1763388000000,1.1591,1.15955,1.1583,1.15857,5190.14
1763391600000,1.15856,1.15982,1.15818,1.15975,5307.98
1763395200000,1.15974,1.16018,1.15936,1.15973,3792.23
1763398800000,1.15975,1.15992,1.15911,1.15938,2811.8
1763402400000,1.15938,1.15947,1.1588,1.15908,2936.87
1763406000000,1.15909,1.15953,1.15827,1.15839,3682.83
1763409600000,1.15837,1.15907,1.15824,1.15884,4324.99
1763413200000,1.15883,1.15922,1.1587,1.15912,1588.36
1763416800000,1.15906,1.1592,1.15878,1.15886,1205.46
1763420400000,1.15886,1.15941,1.15886,1.15899,704.81
1763424000000,1.15898,1.15899,1.15848,1.15869,2394.73
1763427600000,1.15867,1.15931,1.15845,1.15908,1459.85
1763431200000,1.15907,1.15938,1.1588,1.15929,1307.39
1763434800000,1.1593,1.15958,1.1591,1.15923,1795.24
1763438400000,1.15922,1.16036,1.15888,1.15994,4244.84
1763442000000,1.15992,1.16004,1.15949,1.15977,1941.02
1763445600000,1.15977,1.16009,1.15929,1.15942,2991.82
1763449200000,1.15939,1.15998,1.15908,1.1591,4186.48
1763452800000,1.15908,1.16062,1.15898,1.1592,7371.63
1763456400000,1.15917,1.15955,1.15872,1.15892,5080.9
1763460000000,1.15893,1.15908,1.15793,1.15819,3052.95
1763463600000,1.15818,1.15885,1.158,1.15847,2685.97
1763467200000,1.15847,1.15927,1.15831,1.15919,3302.38
1763470800000,1.15919,1.16018,1.15881,1.15967,8009.55
1763474400000,1.15975,1.16022,1.15929,1.15998,7251.15
1763478000000,1.15998,1.16076,1.15815,1.1582,10091.03
1763481600000,1.15819,1.1584,1.15724,1.15788,8060.51
1763485200000,1.15787,1.15806,1.15713,1.15753,4834.06
1763488800000,1.15754,1.15856,1.15749,1.15819,3498.38
1763492400000,1.15819,1.15869,1.15803,1.15854,2902.36
1763496000000,1.15855,1.15868,1.15786,1.15804,2446.7
1763499600000,1.15804,1.15834,1.15776,1.15803,1619.05
1763503200000,1.15804,1.15829,1.15752,1.15762,1623.08
1763506800000,1.15762,1.15815,1.15762,1.158,1186.19
1763510400000,1.158,1.1584,1.15783,1.15822,2104.57
1763514000000,1.15821,1.15849,1.15757,1.15766,2454.92
1763517600000,1.15767,1.15817,1.15723,1.15787,1975.68
1763521200000,1.15787,1.15839,1.15769,1.15836,1741.96
1763524800000,1.15839,1.15842,1.15774,1.1584,1789.45
1763528400000,1.15841,1.15906,1.15832,1.15888,3467.31
1763532000000,1.15888,1.15915,1.15865,1.15866,1536.22
1763535600000,1.15868,1.15971,1.15772,1.15812,5249.19
1763539200000,1.15814,1.15889,1.1571,1.15734,7862.62
1763542800000,1.15734,1.15804,1.15657,1.15729,5068.53
1763546400000,1.15729,1.15775,1.15675,1.15693,4863.31
1763550000000,1.15691,1.15872,1.15683,1.15862,4044.46
1763553600000,1.15864,1.15892,1.15759,1.15781,3353.79
1763557200000,1.15781,1.15909,1.15708,1.15727,4262.49
1763560800000,1.15724,1.15737,1.15547,1.15553,8539.04
1763564400000,1.15552,1.15563,1.15402,1.15467,7571.07
1763568000000,1.15464,1.15476,1.15347,1.15396,7460.05
1763571600000,1.15396,1.15424,1.15259,1.15329,7968.92
1763575200000,1.1533,1.15373,1.15291,1.15294,3747.54
1763578800000,1.15294,1.15311,1.15178,1.15209,5920.57
1763582400000,1.1521,1.15285,1.15201,1.15261,3822.3
1763586000000,1.15262,1.15388,1.15229,1.15369,2953.38
1763589600000,1.15367,1.15386,1.15362,1.1538,313.65
1763593200000,1.1538,1.1542,1.15363,1.15392,1138.91
1763596800000,1.15392,1.15393,1.15287,1.15342,4066.47
1763600400000,1.15341,1.15353,1.15222,1.15228,3891.54
1763604000000,1.15226,1.15235,1.15151,1.15199,2993.4
1763607600000,1.15198,1.15222,1.15101,1.1514,2374.26
1763611200000,1.1514,1.15203,1.1513,1.15194,1899.24
1763614800000,1.15193,1.15195,1.15139,1.15155,1848.4
1763618400000,1.15155,1.15231,1.15135,1.15198,2485.02
1763622000000,1.15198,1.15226,1.1515,1.15197,3813.57
1763625600000,1.15196,1.15229,1.15113,1.15208,4940.25
1763629200000,1.15207,1.15277,1.15172,1.15274,3759.95
1763632800000,1.15275,1.15295,1.15242,1.15272,3253.98
1763636400000,1.15272,1.15272,1.15129,1.15142,3176.12
1763640000000,1.15141,1.15166,1.1507,1.15108,3303.8
1763643600000,1.15107,1.15396,1.15013,1.15276,13189.22
1763647200000,1.15276,1.15499,1.1523,1.15349,11062.98
1763650800000,1.15347,1.15368,1.152,1.15274,6718.58
1763654400000,1.15275,1.15411,1.15275,1.15336,7360.99
1763658000000,1.15337,1.1538,1.15248,1.15286,6881.4
1763661600000,1.15286,1.15367,1.15268,1.15363,3755
1763665200000,1.15363,1.15406,1.15353,1.15379,2528.28
1763668800000,1.1538,1.15385,1.15257,1.1526,2337.09
1763672400000,1.1526,1.15286,1.15239,1.15274,2195.69
1763676000000,1.15273,1.15295,1.15248,1.15275,2413.59
1763679600000,1.15273,1.15343,1.15233,1.15334,1487.49
1763683200000,1.15338,1.15359,1.1528,1.15351,2382.66
1763686800000,1.1535,1.15381,1.15322,1.15323,3868.9
1763690400000,1.15325,1.15389,1.15322,1.15355,2296.86
1763694000000,1.15354,1.15378,1.15335,1.15361,2066.29
1763697600000,1.15362,1.1542,1.15359,1.15386,2039.88
1763701200000,1.15387,1.15418,1.15345,1.15352,2187.14
1763704800000,1.15352,1.15465,1.15349,1.15414,2505.95
1763708400000,1.15403,1.15477,1.15388,1.15411,5834.14
1763712000000,1.15412,1.15524,1.15339,1.15404,10758.64
1763715600000,1.15406,1.15427,1.15249,1.15253,5981.27
1763719200000,1.1525,1.15268,1.15123,1.15199,5785.15
1763722800000,1.15199,1.15228,1.15043,1.15058,5272.94
1763726400000,1.15056,1.15258,1.14965,1.15246,10134.15
1763730000000,1.15245,1.15268,1.15154,1.15206,7727.39
1763733600000,1.15205,1.15234,1.15053,1.15135,8364.1
1763737200000,1.15138,1.15233,1.14989,1.15029,13578.29
1763740800000,1.15028,1.15052,1.14909,1.15047,7252.39
1763744400000,1.15049,1.15128,1.15005,1.15072,5724.93
1763748000000,1.15073,1.15082,1.15018,1.15041,4221.15
1763751600000,1.15041,1.15177,1.15039,1.15131,3526.35
1763755200000,1.15131,1.15178,1.1509,1.15173,2454.94
1763758800000,1.15174,1.15208,1.15114,1.15155,1687.71
1763935200000,1.15128,1.15137,1.15091,1.15114,1036.29
1763938800000,1.15114,1.15143,1.15058,1.15073,1672.74
1763942400000,1.15074,1.15082,1.15018,1.15068,1112.81
1763946000000,1.15068,1.15128,1.15049,1.15102,1940.57
1763949600000,1.15102,1.15182,1.15102,1.15158,2344.35
1763953200000,1.15161,1.15189,1.15132,1.1516,934.35
1763956800000,1.1516,1.15215,1.15156,1.15206,804.31
1763960400000,1.15208,1.15281,1.15207,1.15224,2875.31
1763964000000,1.15224,1.15268,1.15198,1.15207,2584.45
1763967600000,1.15207,1.15223,1.15111,1.15118,3530.54
1763971200000,1.1512,1.15342,1.15097,1.15278,4949.11
1763974800000,1.15277,1.15344,1.15245,1.15297,3790.8
1763978400000,1.15299,1.15419,1.15298,1.15408,3793.25
1763982000000,1.15409,1.1547,1.1536,1.15453,2855.7
1763985600000,1.15452,1.15503,1.15362,1.15472,4421.91
1763989200000,1.15473,1.15497,1.15373,1.15384,3845.69
1763992800000,1.15384,1.15409,1.15262,1.15268,6222.03
1763996400000,1.15268,1.153,1.15167,1.1529,6336.73
1764000000000,1.15289,1.15308,1.15172,1.15177,3556.82
1764003600000,1.15177,1.15196,1.15114,1.15179,3497.17
1764007200000,1.15179,1.15281,1.15171,1.15276,2030
1764010800000,1.15277,1.1529,1.15229,1.15274,2910.66
1764014400000,1.15276,1.15283,1.15217,1.15222,3259.5
1764018000000,1.15223,1.15233,1.15191,1.15205,1712.15
1764021600000,1.15203,1.15256,1.1519,1.15244,914.61
1764025200000,1.15245,1.15245,1.15184,1.152,990.03
1764028800000,1.15201,1.15234,1.15187,1.15231,3363.33
1764032400000,1.15231,1.153,1.15221,1.15255,2632.8
1764036000000,1.15257,1.15283,1.1522,1.15282,1533.81
1764039600000,1.15283,1.15301,1.15169,1.15178,3101.62
1764043200000,1.15177,1.15177,1.15143,1.15149,1178.25
1764046800000,1.15148,1.15182,1.15114,1.15168,1265.3
1764050400000,1.15166,1.15216,1.15147,1.15183,2013.98
1764054000000,1.15185,1.15302,1.15176,1.15226,4080.47
1764057600000,1.15228,1.15334,1.15205,1.15286,5188.48
1764061200000,1.15287,1.15366,1.1527,1.15338,4954.36
1764064800000,1.15339,1.1541,1.15322,1.1539,3942
1764068400000,1.15388,1.15389,1.15246,1.15265,2905.52
1764072000000,1.15264,1.15569,1.15252,1.15445,7201.67
1764075600000,1.15434,1.15623,1.15424,1.15581,13662.61
1764079200000,1.15582,1.15719,1.15521,1.15665,10664.06
1764082800000,1.15663,1.15839,1.15615,1.15623,8770.17
1764086400000,1.15623,1.15717,1.155,1.15528,5945.86
1764090000000,1.15528,1.15838,1.15521,1.15822,10853.92
1764093600000,1.15822,1.15859,1.15764,1.15794,4601.52
1764097200000,1.15793,1.15853,1.15738,1.15837,2817.88
1764100800000,1.15838,1.15843,1.1558,1.15648,4436.28
1764104400000,1.15648,1.15722,1.15643,1.15697,1957.93
1764108000000,1.15696,1.15696,1.15663,1.15691,558.9
1764111600000,1.15691,1.15729,1.1564,1.15648,955.16
1764115200000,1.15648,1.15723,1.15632,1.15681,3294.5
1764118800000,1.15682,1.15829,1.15652,1.15772,4595.83
1764122400000,1.15771,1.15866,1.15746,1.15817,3723.37
1764126000000,1.15818,1.15915,1.15807,1.15906,2758.38
1764129600000,1.15903,1.15915,1.1582,1.15834,2401.23
1764133200000,1.15836,1.15912,1.15824,1.15908,2490.82
1764136800000,1.15906,1.15958,1.15836,1.1586,3325.36
1764140400000,1.15862,1.15921,1.1575,1.15792,4298.23
1764144000000,1.15792,1.15808,1.15656,1.15719,4637.63
1764147600000,1.15719,1.15797,1.15682,1.15719,5193.02
1764151200000,1.1572,1.15778,1.15684,1.15734,3504.2
1764154800000,1.15731,1.15809,1.15681,1.15741,7066.41
1764158400000,1.15739,1.158,1.1569,1.15721,9458.83
1764162000000,1.15722,1.15839,1.15482,1.15521,14091.71
1764165600000,1.15521,1.15818,1.1547,1.15786,7902.47
1764169200000,1.15786,1.15948,1.1578,1.15894,8261.3
1764172800000,1.15894,1.16008,1.15886,1.15902,5887.03
1764176400000,1.159,1.15938,1.1585,1.15928,4496.88
1764180000000,1.15927,1.15964,1.1589,1.15933,2371.98
1764183600000,1.15932,1.15961,1.15903,1.15936,1836.84
1764187200000,1.15936,1.15973,1.1592,1.1594,1761.28
1764190800000,1.1594,1.15972,1.15935,1.15945,1302.6
1764194400000,1.15945,1.15965,1.15882,1.15944,1256.89
1764198000000,1.15945,1.16021,1.15939,1.16017,2110.52
1764201600000,1.16018,1.16049,1.15997,1.1602,2577.73
1764205200000,1.16019,1.16125,1.16006,1.16092,3862.7
1764208800000,1.16091,1.16132,1.16002,1.16038,3002.88
1764212400000,1.16037,1.16064,1.15998,1.16019,2201.26
1764216000000,1.16021,1.16053,1.16001,1.16008,1235.62
1764219600000,1.16006,1.16062,1.16006,1.16021,1906.96
1764223200000,1.16021,1.16053,1.1591,1.15922,3731.54
1764226800000,1.15921,1.15936,1.15858,1.15916,2295.22
1764230400000,1.15919,1.15954,1.15867,1.15925,3873.06
1764234000000,1.15926,1.15936,1.15763,1.15774,3795.63
1764237600000,1.15775,1.15849,1.15769,1.15837,2636.37
1764241200000,1.15838,1.15875,1.15786,1.15859,3035.21
1764244800000,1.1586,1.15904,1.15818,1.15831,2536.74
1764248400000,1.15829,1.15968,1.15829,1.15949,3381.23
1764252000000,1.1595,1.15978,1.15901,1.15947,3320.67
1764255600000,1.15946,1.15994,1.15922,1.1594,2538.19
1764259200000,1.15941,1.16002,1.15921,1.15993,1822.68
1764262800000,1.15994,1.16015,1.15916,1.15948,1142.36
1764266400000,1.15949,1.15953,1.15911,1.15918,525.46
1764270000000,1.15919,1.15959,1.15919,1.15952,460.29
1764273600000,1.15952,1.15963,1.15942,1.15949,229.92
1764277200000,1.1595,1.15968,1.15948,1.15949,707.98
1764280800000,1.15949,1.15961,1.15927,1.15957,296.43
1764284400000,1.15955,1.16015,1.15955,1.15996,497.53
1764288000000,1.15995,1.16018,1.1592,1.15939,3378.77
1764291600000,1.15941,1.15986,1.15814,1.15829,2511.85
1764295200000,1.15829,1.15879,1.158,1.15837,5674.87
1764298800000,1.15839,1.15903,1.15813,1.15869,8151.31
1764302400000,1.15869,1.15913,1.1585,1.15889,4735.34
1764306000000,1.15889,1.15931,1.15817,1.1589,11929.8
1764309600000,1.1589,1.15897,1.15807,1.1583,12984.42
1764313200000,1.15833,1.15894,1.15773,1.15787,14275.17
1764316800000,1.15794,1.15813,1.1566,1.15693,17778.02
1764320400000,1.15695,1.15795,1.15668,1.15678,21560.04
1764324000000,1.15681,1.15701,1.1555,1.15587,12806.97
1764327600000,1.15587,1.15687,1.1555,1.15675,9875.92
1764331200000,1.15676,1.15728,1.15608,1.15656,8896.44
1764334800000,1.15657,1.15784,1.15623,1.15744,13228.38
1764338400000,1.15744,1.15849,1.1571,1.15844,5640.05
1764342000000,1.15844,1.16075,1.15792,1.16074,8170.23
1764345600000,1.16072,1.16074,1.15927,1.1599,7057.92
1764349200000,1.15989,1.16042,1.15933,1.16026,2673.81
1764352800000,1.16024,1.16044,1.15958,1.16014,1797.46
1764356400000,1.16015,1.16038,1.16007,1.16021,1537.51
1764360000000,1.16021,1.16042,1.16004,1.16004,1534.89
1764363600000,1.16004,1.16026,1.15954,1.15973,1475.27
1764540000000,1.1594,1.15997,1.15912,1.15987,1399.14
1764543600000,1.1599,1.16078,1.15956,1.1601,1904.51
1764547200000,1.16011,1.1607,1.15975,1.16031,3369.89
1764550800000,1.1603,1.16158,1.16003,1.1605,4770.73
1764554400000,1.16049,1.16057,1.15928,1.15949,3214.38
1764558000000,1.15948,1.15974,1.15893,1.15968,1771.37
1764561600000,1.15969,1.16023,1.15944,1.15986,1633.77
1764565200000,1.15985,1.16014,1.15947,1.15978,1998.15
1764568800000,1.15947,1.15989,1.15903,1.15962,2550.77
1764572400000,1.15963,1.16128,1.15954,1.16068,4009.54
1764576000000,1.16067,1.16218,1.1604,1.16132,6499.95
1764579600000,1.16134,1.16235,1.16134,1.16221,6231.14
1764583200000,1.1622,1.16285,1.16188,1.16274,4202.19
1764586800000,1.16274,1.16321,1.16241,1.16277,5567.31
1764590400000,1.16276,1.16488,1.16266,1.16487,5557.63
1764594000000,1.16488,1.16522,1.16394,1.16448,6752.52
1764597600000,1.16448,1.1645,1.163,1.16319,7978.01
1764601200000,1.16326,1.16406,1.16226,1.16287,8907.95
1764604800000,1.16289,1.16342,1.16208,1.16227,5154.19
1764608400000,1.16226,1.16287,1.16178,1.16206,3226.03
1764612000000,1.16206,1.16234,1.16116,1.16119,3386.04
1764615600000,1.16117,1.16122,1.1607,1.16083,2510.58
1764619200000,1.16085,1.161,1.16063,1.16092,1971.81
1764622800000,1.16095,1.16108,1.16077,1.16092,927.36
1764626400000,1.16089,1.16089,1.16066,1.16079,355.83
1764630000000,1.16078,1.16101,1.16065,1.16066,484.82
1764633600000,1.16069,1.16093,1.16037,1.16056,1617.65
1764637200000,1.16055,1.1611,1.16037,1.16091,2243.97
1764640800000,1.16089,1.1612,1.16085,1.16117,1377.38
1764644400000,1.16118,1.16127,1.16087,1.1612,2180.73
1764648000000,1.1612,1.1614,1.16088,1.16089,1301.05
1764651600000,1.16088,1.1611,1.16069,1.16098,1249.83
1764655200000,1.16099,1.16109,1.16047,1.16094,1671.92
1764658800000,1.16094,1.16162,1.16085,1.16125,3629.82
1764662400000,1.16125,1.16161,1.16089,1.16104,3792
1764666000000,1.16105,1.1614,1.16024,1.16098,4751.3
1764669600000,1.16099,1.16121,1.15983,1.16065,3783.28
1764673200000,1.16065,1.16128,1.16034,1.16116,2905.06
1764676800000,1.16117,1.16193,1.16072,1.16176,3285.42
1764680400000,1.16177,1.16194,1.1611,1.16174,3264.29
1764684000000,1.16175,1.1623,1.16131,1.16177,6104.79
1764687600000,1.16178,1.16185,1.15932,1.16061,8719.38
1764691200000,1.16061,1.16096,1.1591,1.15953,6950.26
1764694800000,1.15952,1.16078,1.15928,1.16071,4033.28
1764698400000,1.16071,1.16131,1.16056,1.16087,2401.53
1764702000000,1.16088,1.16248,1.16086,1.16206,3078.07
1764705600000,1.16204,1.16258,1.16196,1.16243,2895.86
1764709200000,1.16243,1.16257,1.1621,1.16233,1518.2
1764712800000,1.16233,1.16247,1.16204,1.16234,810.24
1764716400000,1.16237,1.1629,1.16234,1.1628,519.11
1764720000000,1.1628,1.16329,1.16277,1.16306,3440.82
1764723600000,1.16306,1.16375,1.16304,1.16368,1686.72
1764727200000,1.16369,1.16385,1.16353,1.1638,967.65
1764730800000,1.16378,1.16389,1.16368,1.16376,770.58
1764734400000,1.16378,1.16419,1.16361,1.1641,821.94
1764738000000,1.16411,1.16436,1.16407,1.16426,1125.75
1764741600000,1.16426,1.16477,1.16415,1.16429,1898.03
1764745200000,1.16429,1.16526,1.16391,1.16412,5048.41
1764748800000,1.16412,1.16455,1.16356,1.16438,5070.7
1764752400000,1.16439,1.16478,1.16398,1.16455,5695.16
1764756000000,1.16456,1.16636,1.16447,1.16605,4271.84
1764759600000,1.16606,1.16657,1.16549,1.16655,2573.86
1764763200000,1.16654,1.16694,1.16622,1.16628,3205.55
1764766800000,1.16628,1.16752,1.16617,1.16662,6848.63
1764770400000,1.16664,1.16669,1.16555,1.16623,10547.11
1764774000000,1.16621,1.1668,1.16543,1.16595,15155.31
1764777600000,1.16595,1.16662,1.16584,1.16594,9583.49
1764781200000,1.16595,1.16707,1.16574,1.16684,6677.47
1764784800000,1.16686,1.16755,1.16682,1.16717,4068.78
1764788400000,1.16718,1.16775,1.1671,1.16727,1900.57
1764792000000,1.16725,1.16728,1.16652,1.16654,1443.49
1764795600000,1.16654,1.16717,1.16642,1.16706,1324.81
1764799200000,1.16705,1.16743,1.16638,1.16702,637.6
1764802800000,1.16702,1.16719,1.16633,1.16661,908.93
1764806400000,1.16662,1.16673,1.16594,1.16627,1825.19
1764810000000,1.16626,1.16647,1.16587,1.1663,2747.44
1764813600000,1.1663,1.16639,1.1659,1.16602,1476.6
1764817200000,1.16601,1.16601,1.16533,1.16558,1888.05
1764820800000,1.16556,1.16583,1.16551,1.1657,1420.96
1764824400000,1.16572,1.16619,1.16561,1.16594,3017.42
1764828000000,1.16595,1.16597,1.16529,1.1658,2895.43
1764831600000,1.16578,1.16652,1.16553,1.16652,2786.04
1764835200000,1.16652,1.16819,1.16632,1.16767,7057.19
1764838800000,1.16766,1.16802,1.16733,1.16773,4790.35
1764842400000,1.16772,1.16797,1.16635,1.16664,3340.87
1764846000000,1.16664,1.16804,1.16651,1.16802,4478.4
1764849600000,1.16801,1.16808,1.16653,1.16699,4126.74
1764853200000,1.167,1.16711,1.16517,1.16647,7331.01
1764856800000,1.16647,1.16768,1.16642,1.167,6942.79
1764860400000,1.16698,1.16746,1.16579,1.16731,5873.99
1764864000000,1.16731,1.16734,1.16534,1.16587,4901.19
1764867600000,1.16587,1.16597,1.16529,1.1656,2711.26
1764871200000,1.16559,1.16597,1.16536,1.16543,2356.79
1764874800000,1.16542,1.16555,1.165,1.16525,2452.42
1764878400000,1.16524,1.16524,1.16411,1.1644,2500.38
1764882000000,1.1644,1.16459,1.16409,1.1644,1502.22
1764885600000,1.16439,1.16442,1.16414,1.16439,401.67
1764889200000,1.16439,1.16447,1.16409,1.16431,686.11
1764892800000,1.16433,1.16502,1.16433,1.16497,1794.96
1764896400000,1.16498,1.16537,1.16495,1.16534,2015.74
1764900000000,1.16534,1.16543,1.1651,1.16517,1669.91
1764903600000,1.16516,1.16516,1.16462,1.16489,1025.89
1764907200000,1.16489,1.1654,1.16486,1.16535,1977.63
1764910800000,1.16534,1.1659,1.1653,1.1659,1616.9
1764914400000,1.1659,1.16614,1.16551,1.1659,2107.37
1764918000000,1.1659,1.16717,1.16584,1.16627,5010.57
1764921600000,1.1663,1.1664,1.16521,1.16537,5049.87
1764925200000,1.16535,1.16551,1.16481,1.16543,3779.79
1764928800000,1.16545,1.16569,1.16476,1.16509,2825.06
1764932400000,1.16509,1.16523,1.16415,1.16464,3274.01
1764936000000,1.16464,1.16533,1.16435,1.16515,4154.16
1764939600000,1.16521,1.16538,1.16433,1.16517,4264.49
1764943200000,1.16518,1.166,1.16455,1.16498,6604.48
1764946800000,1.16496,1.16588,1.16437,1.16481,7117.37
1764950400000,1.16481,1.1649,1.16279,1.16341,7958.87
1764954000000,1.1634,1.16441,1.16324,1.16441,3941.34
1764957600000,1.16441,1.16485,1.1642,1.16425,2457.2
1764961200000,1.16426,1.1644,1.16399,1.1643,2234.59
1764964800000,1.16429,1.16445,1.16397,1.1644,2521.93
1764968400000,1.16439,1.16471,1.16388,1.16388,1796.65
1765144800000,1.16373,1.16451,1.16341,1.16446,721.44
1765148400000,1.16446,1.16461,1.16391,1.16404,2630.95
1765152000000,1.16406,1.16513,1.16394,1.16511,1849.09
1765155600000,1.1651,1.16531,1.16455,1.16516,2545.15
1765159200000,1.16518,1.16542,1.16487,1.16537,1457.99
1765162800000,1.16538,1.16554,1.16498,1.165,1480.29
1765166400000,1.16501,1.16553,1.16496,1.16543,1119.03
1765170000000,1.16543,1.16562,1.16523,1.16559,1797.2
1765173600000,1.16561,1.16718,1.16559,1.16605,3083.13
1765177200000,1.16605,1.16678,1.16548,1.16579,3243.3
1765180800000,1.16581,1.16623,1.1648,1.16558,4184.83
1765184400000,1.16558,1.16575,1.16479,1.16486,3531.45
1765188000000,1.16483,1.16554,1.16477,1.16506,3160.76
1765191600000,1.16507,1.16534,1.16467,1.16502,2910.83
1765195200000,1.16502,1.16538,1.16475,1.16531,3199.1
1765198800000,1.16533,1.16573,1.16455,1.16482,4367.46
1765202400000,1.16483,1.16547,1.16377,1.16399,6495.03
1765206000000,1.16399,1.16399,1.16169,1.16249,7665.69
1765209600000,1.16248,1.16285,1.16163,1.16248,5432.82
1765213200000,1.16248,1.1639,1.162,1.16389,4670.6
1765216800000,1.16391,1.16419,1.16341,1.16371,3356.5
1765220400000,1.16372,1.16417,1.16361,1.16393,3090.43
1765224000000,1.16394,1.16418,1.16373,1.16379,2536.32
1765227600000,1.1638,1.16386,1.1635,1.16369,1828.83
1765231200000,1.1637,1.16374,1.16315,1.16354,2107.09
1765234800000,1.16355,1.16407,1.16355,1.16407,914.55
1765238400000,1.16405,1.16429,1.16367,1.16386,1764.98
1765242000000,1.16384,1.16474,1.16358,1.16471,2929.44
1765245600000,1.1647,1.16482,1.16438,1.16457,1441.33
1765249200000,1.16458,1.16486,1.16435,1.16454,2928.2
1765252800000,1.16453,1.16469,1.16436,1.16466,1338.21
1765256400000,1.16466,1.16502,1.16439,1.16486,2266.86
1765260000000,1.16487,1.16491,1.16418,1.16437,2046.49
1765263600000,1.16437,1.16461,1.16379,1.16398,2991.06
1765267200000,1.16399,1.16495,1.16334,1.16448,4843.31
1765270800000,1.16448,1.16571,1.16436,1.16522,4573.59
1765274400000,1.16522,1.16541,1.16402,1.16444,3046.74
1765278000000,1.16446,1.16476,1.16378,1.16434,3306.03
1765281600000,1.16434,1.16442,1.16342,1.16375,4018.15
1765285200000,1.16375,1.16398,1.1629,1.16344,5383.6
1765288800000,1.16343,1.16385,1.16279,1.16376,7464.76
1765292400000,1.16374,1.16375,1.16149,1.16287,9553.99
1765296000000,1.16288,1.1641,1.16287,1.16381,4054.99
1765299600000,1.16383,1.16396,1.16219,1.16238,4215.32
1765303200000,1.16239,1.16248,1.16168,1.16241,2788.96
1765306800000,1.16243,1.16299,1.16219,1.16287,1995.73
1765310400000,1.16286,1.1632,1.16263,1.16267,2134.57
1765314000000,1.16267,1.16292,1.16234,1.16273,2023.48
1765317600000,1.16266,1.16286,1.1624,1.16254,1223.84
1765321200000,1.16257,1.16284,1.16246,1.16278,524.7
1765324800000,1.1628,1.16288,1.16242,1.1626,1852.95
1765328400000,1.16259,1.16284,1.16223,1.16237,2113.4
1765332000000,1.16234,1.16282,1.16231,1.16236,1122.17
1765335600000,1.16235,1.16272,1.16214,1.16263,1099.03
1765339200000,1.16264,1.16289,1.16249,1.16273,656.33
1765342800000,1.16272,1.16309,1.16264,1.16296,842.47
1765346400000,1.16297,1.16354,1.16286,1.1635,1028.01
1765350000000,1.16352,1.16493,1.16343,1.1648,4090.25
1765353600000,1.16482,1.16576,1.16434,1.16525,4913.25
1765357200000,1.16525,1.16528,1.16356,1.16365,4543.14
1765360800000,1.16363,1.16394,1.16274,1.16343,4379.44
1765364400000,1.16342,1.16383,1.16298,1.1635,3551.81
1765368000000,1.1635,1.16421,1.16328,1.16392,3162.23
1765371600000,1.16392,1.16417,1.16276,1.1641,5964.32
1765375200000,1.164,1.16449,1.16337,1.1643,9025.33
1765378800000,1.16431,1.16512,1.16345,1.16418,6978.43
1765382400000,1.16419,1.16499,1.16372,1.16498,4455.46
1765386000000,1.16499,1.16601,1.16456,1.16587,3285.91
1765389600000,1.16586,1.16609,1.16535,1.16552,3237.46
1765393200000,1.16549,1.1681,1.16467,1.16782,24032.88
1765396800000,1.16781,1.16997,1.16737,1.16938,13532.22
1765400400000,1.16937,1.16955,1.16892,1.16948,2796.58
1765404000000,1.16948,1.16955,1.1688,1.16951,2393.3
1765407600000,1.16952,1.17027,1.16945,1.17013,2456.36
1765411200000,1.17013,1.17047,1.1697,1.17021,4879.62
1765414800000,1.17021,1.17072,1.17003,1.17017,4421.86
1765418400000,1.17018,1.17061,1.16933,1.16938,4742.16
1765422000000,1.16937,1.16974,1.16899,1.16906,2023.07
1765425600000,1.16907,1.16915,1.16854,1.16902,2630.81
1765429200000,1.169,1.1692,1.16847,1.16853,1287.75
1765432800000,1.16855,1.16897,1.16821,1.16889,1883.26
1765436400000,1.16888,1.1701,1.16873,1.16934,3677.08
1765440000000,1.16935,1.17065,1.16935,1.16972,5273.87
1765443600000,1.16971,1.17032,1.1687,1.17021,5926.97
1765447200000,1.17021,1.17075,1.16988,1.17071,4073.78
1765450800000,1.17069,1.17178,1.17061,1.1713,3632.46
1765454400000,1.17128,1.17191,1.17098,1.17168,4153.49
1765458000000,1.17169,1.17364,1.17132,1.1731,8971.91
1765461600000,1.17309,1.17484,1.17302,1.17376,8434.66
1765465200000,1.17376,1.1757,1.17315,1.17563,8134.72
1765468800000,1.17564,1.17594,1.17461,1.17552,6890.28
1765472400000,1.17551,1.17627,1.17496,1.17551,5448.48
1765476000000,1.1755,1.17592,1.1751,1.17534,4637.63
1765479600000,1.17536,1.17536,1.17405,1.17409,3986.35
1765483200000,1.17409,1.17457,1.17365,1.17408,2372.66
1765486800000,1.17407,1.17431,1.17366,1.17376,1780.8
1765490400000,1.17377,1.17397,1.1736,1.17386,1801.65
1765494000000,1.17386,1.17416,1.17371,1.17407,931.43
1765497600000,1.17407,1.17444,1.17389,1.17403,3420.81
1765501200000,1.17405,1.17461,1.17324,1.17348,4173.37
1765504800000,1.17348,1.17376,1.17311,1.1736,2211.91
1765508400000,1.1736,1.17374,1.1733,1.17342,1830.73
1765512000000,1.17342,1.17355,1.1731,1.17317,2459.12
1765515600000,1.17317,1.17393,1.17315,1.17386,1140.25
1765519200000,1.17386,1.17419,1.17337,1.17387,2129.67
1765522800000,1.17388,1.17432,1.17356,1.17377,5299.58
1765526400000,1.17377,1.17421,1.1728,1.1728,6039.23
1765530000000,1.17279,1.17346,1.17267,1.17328,3798.37
1765533600000,1.17326,1.1733,1.17245,1.17272,3621.76
1765537200000,1.17271,1.1729,1.17221,1.17268,2396.83
1765540800000,1.17266,1.17278,1.17195,1.1725,3200.73
1765544400000,1.1725,1.1735,1.17238,1.17273,4484.9
1765548000000,1.17271,1.17434,1.17231,1.17421,7245.97
1765551600000,1.1742,1.17449,1.17296,1.17381,6827.54
1765555200000,1.1738,1.17432,1.17261,1.17309,7832.05
1765558800000,1.17308,1.17479,1.17302,1.17477,5878.93
1765562400000,1.17475,1.17497,1.17404,1.17413,4895.97
1765566000000,1.17413,1.17413,1.17353,1.17404,5572.77
1765569600000,1.17402,1.17465,1.17368,1.1739,3873.42
1765573200000,1.17391,1.1745,1.17381,1.17396,2603.87
1765749600000,1.17358,1.17378,1.17277,1.17361,1964.69
1765753200000,1.17367,1.17406,1.17353,1.17369,2104.07
1765756800000,1.1737,1.17371,1.17283,1.17332,3162.27
1765760400000,1.1733,1.17423,1.17294,1.17412,3057.72
1765764000000,1.17412,1.17447,1.17369,1.17413,3207.76
1765767600000,1.17415,1.17446,1.17317,1.17341,2737.73
1765771200000,1.1734,1.17356,1.17318,1.17321,2237.58
1765774800000,1.17321,1.17356,1.1732,1.17343,2231.54
1765778400000,1.17342,1.17363,1.17287,1.17351,3051.5
1765782000000,1.17351,1.1738,1.17277,1.17282,4066.67
1765785600000,1.17283,1.17387,1.17264,1.1731,5001.03
1765789200000,1.1731,1.17434,1.17304,1.17431,4572.89
1765792800000,1.1743,1.17466,1.1739,1.17426,2736.96
1765796400000,1.17426,1.175,1.17411,1.17486,2088.73
1765800000000,1.17486,1.17591,1.17483,1.17527,3212.54
1765803600000,1.17529,1.17597,1.1747,1.17475,6774.83
1765807200000,1.17473,1.1764,1.17439,1.17635,10401.72
1765810800000,1.17636,1.17688,1.17546,1.17628,12237.38
1765814400000,1.17629,1.17647,1.17521,1.17554,6228.64
1765818000000,1.17552,1.17557,1.17448,1.17456,4403.72
1765821600000,1.17456,1.17481,1.17392,1.17432,3103.71
1765825200000,1.17431,1.17499,1.17382,1.17487,2674.89
1765828800000,1.17488,1.17518,1.17474,1.17509,1915.18
1765832400000,1.17507,1.17537,1.17487,1.17521,1825.6
1765836000000,1.17518,1.17529,1.17488,1.17507,2016.21
1765839600000,1.17508,1.17557,1.17506,1.17533,619.9
1765843200000,1.17535,1.17579,1.17481,1.17498,1460.85
1765846800000,1.17497,1.17552,1.17467,1.17518,2835.99
1765850400000,1.17519,1.17564,1.175,1.17557,1678.15
1765854000000,1.17554,1.1759,1.17498,1.17517,1846.85
1765857600000,1.17519,1.17537,1.17498,1.1751,1455.72
1765861200000,1.17509,1.17541,1.17491,1.17504,1215.59
1765864800000,1.17504,1.17536,1.17463,1.17525,1791.4
1765868400000,1.17524,1.1754,1.17442,1.17521,3714.8
1765872000000,1.17523,1.17639,1.17464,1.17539,7412.92
1765875600000,1.17539,1.1762,1.175,1.17557,5817.3
1765879200000,1.17564,1.17617,1.17537,1.17572,5419.24
1765882800000,1.17572,1.1763,1.17515,1.1763,4480.3
1765886400000,1.1763,1.17783,1.17605,1.17778,3703.74
1765890000000,1.17764,1.17946,1.17568,1.17755,16516.97
1765893600000,1.17756,1.17999,1.17689,1.17997,12290.38
1765897200000,1.17996,1.1804,1.17672,1.177,13009.36
1765900800000,1.17702,1.17757,1.17611,1.1769,7009.34
1765904400000,1.1769,1.17778,1.17622,1.17638,4421.11
1765908000000,1.17638,1.17638,1.17451,1.17529,4157.5
1765911600000,1.17528,1.17622,1.1735,1.17576,5974.95
1765915200000,1.17574,1.17629,1.17463,1.17476,3629.72
1765918800000,1.17475,1.17512,1.17455,1.17463,1535.98
1765922400000,1.1746,1.17491,1.1745,1.17478,1511.56
1765926000000,1.17479,1.17513,1.17479,1.17492,1206.27
1765929600000,1.1749,1.17515,1.17452,1.175,2405.47
1765933200000,1.17502,1.17523,1.1745,1.17472,3136.7
1765936800000,1.1747,1.17479,1.17371,1.17397,4737.3
1765940400000,1.17398,1.17405,1.17369,1.17389,1909.1
1765944000000,1.1739,1.17397,1.17275,1.17296,4241.06
1765947600000,1.17295,1.17306,1.17247,1.17291,2898.23
1765951200000,1.17292,1.17304,1.17062,1.17098,4831.99
1765954800000,1.17098,1.17133,1.1703,1.17128,6998.11
1765958400000,1.17128,1.17209,1.17059,1.17183,5877.85
1765962000000,1.17181,1.17206,1.17114,1.17158,6099.65
1765965600000,1.17156,1.17251,1.17126,1.17251,5399.45
1765969200000,1.17252,1.17273,1.17077,1.1709,3974.58
1765972800000,1.1709,1.17275,1.17083,1.17267,5071.18
1765976400000,1.17266,1.17333,1.17197,1.17316,10011.9
1765980000000,1.17317,1.17442,1.17279,1.1741,9282.93
1765983600000,1.1741,1.1758,1.17401,1.17527,9212.44
1765987200000,1.17526,1.17561,1.17453,1.1747,7306.8
1765990800000,1.17472,1.17546,1.17454,1.17492,4514.04
1765994400000,1.17495,1.17555,1.17424,1.17439,4490.89
1765998000000,1.1744,1.17471,1.17413,1.17449,2426.34
1766001600000,1.17449,1.17461,1.17383,1.17394,1696.68
1766005200000,1.17395,1.17414,1.17384,1.17401,1512.13
1766008800000,1.174,1.17437,1.17385,1.17387,974.4
1766012400000,1.17388,1.17433,1.17388,1.17414,573.24
1766016000000,1.17415,1.17456,1.17402,1.17439,1137.97
1766019600000,1.17438,1.17454,1.1735,1.17382,2023.03
1766023200000,1.17383,1.17424,1.17367,1.17407,2525.75
1766026800000,1.17408,1.17419,1.17374,1.17392,1524.03
1766030400000,1.17391,1.17427,1.17382,1.17427,1738.24
1766034000000,1.17426,1.17467,1.17409,1.17457,2343.27
1766037600000,1.17457,1.17472,1.17386,1.17442,2604.53
1766041200000,1.1744,1.17496,1.17333,1.17337,4193.74
1766044800000,1.17336,1.17369,1.17279,1.17321,5064.4
1766048400000,1.1732,1.17326,1.17171,1.17219,5597.6
1766052000000,1.17218,1.17267,1.17176,1.17246,3176.74
1766055600000,1.17248,1.17273,1.17202,1.17206,3474.35
1766059200000,1.17204,1.17232,1.17123,1.17138,6163.03
1766062800000,1.17135,1.17627,1.1713,1.17468,14283.76
1766066400000,1.17467,1.17556,1.17325,1.17346,11459.85
1766070000000,1.17347,1.17402,1.17159,1.1727,10099.72
1766073600000,1.17269,1.17459,1.17254,1.17279,8145.68
1766077200000,1.17282,1.17287,1.1715,1.17188,5589.37
1766080800000,1.1719,1.17249,1.17153,1.17196,2951.2
1766084400000,1.17196,1.17276,1.17177,1.1725,3255.53
1766088000000,1.1725,1.17277,1.17202,1.17219,3027.23
1766091600000,1.17218,1.17251,1.1721,1.17217,2123.74
1766095200000,1.17212,1.17251,1.17159,1.17231,4305.38
1766098800000,1.17238,1.17276,1.17236,1.17246,575.4
1766102400000,1.17247,1.17266,1.17216,1.17263,1309.03
1766106000000,1.17266,1.17285,1.17203,1.17243,1743.43
1766109600000,1.17243,1.17285,1.1721,1.17226,1529.79
1766113200000,1.17227,1.17257,1.17182,1.1721,2576.9
1766116800000,1.17209,1.17225,1.17154,1.17177,1504.31
1766120400000,1.17178,1.17206,1.17178,1.17198,1467.67
1766124000000,1.17196,1.17216,1.17117,1.17196,3333.69
1766127600000,1.17196,1.17203,1.17031,1.17075,6489.87
1766131200000,1.17077,1.17162,1.17062,1.17124,4914.05
1766134800000,1.17123,1.17177,1.17087,1.17121,4985.65
1766138400000,1.17121,1.17177,1.17087,1.17162,4898.91
1766142000000,1.17164,1.17176,1.17074,1.17113,4825.99
1766145600000,1.17111,1.17152,1.17076,1.17101,3126.3
1766149200000,1.17102,1.17193,1.17021,1.17191,7715.76
1766152800000,1.17192,1.17377,1.17188,1.17264,6981.7
1766156400000,1.17263,1.17284,1.17093,1.17094,8281.95
1766160000000,1.17096,1.1721,1.17082,1.17208,5665.21
1766163600000,1.17208,1.17208,1.17133,1.17191,2838.5
1766167200000,1.17191,1.17271,1.17179,1.172,3745.7
1766170800000,1.17198,1.17251,1.17161,1.17235,2178.68
1766174400000,1.17235,1.17255,1.17063,1.17097,2178.77
1766178000000,1.17095,1.17137,1.17059,1.17103,1973.23
1766354400000,1.17149,1.17169,1.171,1.17119,2656.63
1766358000000,1.17121,1.17158,1.17058,1.17103,2872.11
1766361600000,1.17098,1.17159,1.17093,1.17156,3790.48
1766365200000,1.17158,1.17193,1.17133,1.17172,2264.91
1766368800000,1.17173,1.17192,1.17149,1.17162,1872.58
1766372400000,1.17161,1.17181,1.17134,1.17174,2155.69
1766376000000,1.17173,1.17216,1.1716,1.17199,1493.84
1766379600000,1.17199,1.17221,1.17154,1.17171,1873.14
1766383200000,1.17171,1.17191,1.17127,1.17158,2065.97
1766386800000,1.17157,1.1731,1.17147,1.17289,4139.65
1766390400000,1.17288,1.17381,1.17231,1.17358,3159.38
1766394000000,1.17358,1.17364,1.17273,1.17299,3565.78
1766397600000,1.17299,1.17379,1.1729,1.17329,4469.94
1766401200000,1.1733,1.17364,1.17287,1.17333,2377.93
1766404800000,1.17332,1.17431,1.17332,1.17418,3612.88
1766408400000,1.17418,1.17542,1.17418,1.17504,6150.91
1766412000000,1.17505,1.17664,1.17449,1.17599,6140.48
1766415600000,1.17599,1.17693,1.17575,1.17637,5935.13
1766419200000,1.17638,1.17639,1.17481,1.17495,5534.56
1766422800000,1.17494,1.17643,1.17489,1.17581,4041.09
1766426400000,1.17581,1.17581,1.17492,1.1753,2266.54
1766430000000,1.1753,1.1756,1.17488,1.17553,1569.68
1766433600000,1.17553,1.17587,1.1752,1.1755,1725.51
1766437200000,1.17551,1.17621,1.17544,1.17612,1226.12
1766440800000,1.1761,1.1761,1.17536,1.17589,2956.468
1766444400000,1.17589,1.17654,1.17588,1.17634,1684.54
1766448000000,1.17635,1.17703,1.17628,1.17689,1098.15
1766451600000,1.17685,1.17759,1.17657,1.17727,1821.14
1766455200000,1.1773,1.17803,1.17723,1.17775,2543.25
1766458800000,1.17777,1.1779,1.17729,1.17763,1978.02
1766462400000,1.17766,1.1779,1.17735,1.17751,1676.91
1766466000000,1.1775,1.17797,1.17741,1.17748,2523.2
1766469600000,1.1775,1.17763,1.17684,1.17711,1556.67
1766473200000,1.17711,1.17813,1.17691,1.17786,3148.46
1766476800000,1.17783,1.17843,1.17751,1.17842,4329.85
1766480400000,1.17844,1.17928,1.17817,1.17924,6893.02
1766484000000,1.17925,1.18003,1.17916,1.17988,4749.66
1766487600000,1.17987,1.17998,1.17922,1.17955,4644.88
1766491200000,1.17958,1.18021,1.17886,1.17895,4531.16
1766494800000,1.17875,1.17939,1.17741,1.17747,9865.18
1766498400000,1.17748,1.17793,1.17684,1.17694,8304.41
1766502000000,1.17693,1.17789,1.17637,1.17742,9188.61
1766505600000,1.17742,1.17803,1.17732,1.17756,4842.15
1766509200000,1.17753,1.17787,1.17689,1.17706,5340.73
1766512800000,1.17708,1.1783,1.17694,1.17826,4090.24
1766516400000,1.17828,1.17912,1.17819,1.17899,4429.99
1766520000000,1.179,1.17934,1.17868,1.17892,1885.36
1766523600000,1.17893,1.17969,1.17882,1.1794,2052.21
1766527200000,1.17936,1.17946,1.17879,1.17938,1773.27
1766530800000,1.17937,1.1797,1.17932,1.17946,1207.65
1766534400000,1.17946,1.1799,1.17901,1.17989,1826.8
1766538000000,1.17988,1.18062,1.17968,1.1805,2505.47
1766541600000,1.18054,1.18079,1.17981,1.17982,2153.65
1766545200000,1.17983,1.17983,1.17868,1.17875,1959.85
1766548800000,1.17874,1.17933,1.17857,1.17911,3071.65
1766552400000,1.1791,1.18019,1.17906,1.1799,2606.74
1766556000000,1.17988,1.18038,1.17976,1.17997,2077.52
1766559600000,1.17999,1.18017,1.17864,1.17889,5608.61
1766563200000,1.17889,1.17995,1.17797,1.17993,9184.51
1766566800000,1.17993,1.18008,1.17943,1.17995,5264.25
1766570400000,1.17995,1.17999,1.17907,1.17963,4015.68
1766574000000,1.17963,1.17984,1.17909,1.17927,3622.13
1766577600000,1.17928,1.1793,1.17838,1.17841,3228.08
1766581200000,1.17842,1.17909,1.17836,1.17852,4375.14
1766584800000,1.17851,1.17868,1.1777,1.17803,6807.11
1766588400000,1.17801,1.17822,1.17753,1.1778,5358.89
1766592000000,1.17781,1.17808,1.1773,1.17791,5740.65
1766595600000,1.17792,1.1783,1.17726,1.17766,4764.53
1766599200000,1.17765,1.17797,1.17741,1.17788,3289.96
1766602800000,1.17788,1.17823,1.17785,1.17816,1166.26
1766606400000,1.17815,1.17822,1.17793,1.17793,2510.07
1766610000000,1.17796,1.17797,1.17764,1.1778,3677.4
1766613600000,1.17777,1.17777,1.17695,1.17714,28.8
1766617200000,1.17713,1.17737,1.17707,1.17714,23.07
1766620800000,1.17708,1.17798,1.17707,1.17749,98.67
1766624400000,1.17748,1.17835,1.1771,1.17726,256.5
1766628000000,1.17737,1.1778,1.17726,1.17767,176.85
1766631600000,1.17759,1.17767,1.1773,1.1775,20.7
1766635200000,1.17743,1.17755,1.17732,1.17751,9.45
1766638800000,1.1775,1.1777,1.17747,1.17751,14.07
1766642400000,1.17752,1.17769,1.17729,1.17758,78.75
1766646000000,1.17759,1.17819,1.17663,1.17752,167.4
1766700000000,1.17755,1.17824,1.17755,1.17784,3529.18
1766703600000,1.17785,1.17843,1.17773,1.17833,5394.66
1766707200000,1.17839,1.1792,1.17767,1.17861,5410.59
1766710800000,1.1786,1.17915,1.17827,1.17872,2525.42
1766714400000,1.17872,1.17934,1.17836,1.1792,1565.06
1766718000000,1.17921,1.17926,1.17834,1.17843,2121.63
1766721600000,1.17839,1.17869,1.17797,1.17831,1468.74
1766725200000,1.17831,1.17869,1.17799,1.1786,1780.23
1766728800000,1.17861,1.17877,1.17714,1.17765,2571.57
1766732400000,1.17767,1.17778,1.177,1.17728,3522.58
1766736000000,1.17728,1.17776,1.17662,1.17767,2788.4
1766739600000,1.17767,1.17778,1.17682,1.17701,2380.05
1766743200000,1.17699,1.17796,1.17689,1.17728,2776.3
1766746800000,1.17729,1.17822,1.17729,1.17773,2374.02
1766750400000,1.17774,1.17822,1.17726,1.17815,3313.25
1766754000000,1.17818,1.17966,1.17817,1.17911,7843.45
1766757600000,1.17912,1.17944,1.17809,1.17837,6744.33
1766761200000,1.17837,1.17925,1.17713,1.1777,7550.15
1766764800000,1.17771,1.17796,1.1762,1.1765,9693.61
1766768400000,1.17651,1.17702,1.17615,1.177,3378.66
1766772000000,1.17702,1.17736,1.17689,1.17718,2167.22
1766775600000,1.17718,1.17764,1.17691,1.17763,3385.99
1766779200000,1.17765,1.17814,1.17722,1.17747,3289.28
1766782800000,1.17748,1.17764,1.17655,1.1768,4641.97
1766959200000,1.17631,1.17726,1.17631,1.17688,518.92
1766962800000,1.17688,1.17777,1.17678,1.17722,2528.64
1766966400000,1.17723,1.17838,1.17714,1.17795,2864.21
1766970000000,1.17796,1.17862,1.17785,1.1784,1954.64
1766973600000,1.17839,1.17851,1.17754,1.17757,1559.79
1766977200000,1.17755,1.17759,1.17709,1.17732,1273.74
1766980800000,1.17734,1.17734,1.17637,1.1764,1122.38
1766984400000,1.1764,1.1764,1.17537,1.17559,2137.11
1766988000000,1.17561,1.17695,1.17541,1.17693,2259.09
1766991600000,1.17695,1.17789,1.17652,1.17769,4940.25
1766995200000,1.17769,1.17885,1.1771,1.17839,4482.46
1766998800000,1.1784,1.1789,1.17715,1.17761,6730.57
1767002400000,1.17761,1.178,1.1765,1.17657,5071
1767006000000,1.17657,1.17712,1.17576,1.17656,7724.95
1767009600000,1.17658,1.17689,1.17555,1.1762,6802.27
1767013200000,1.17616,1.17737,1.17603,1.17708,8056.37
1767016800000,1.17696,1.17886,1.1767,1.17829,6610.3
1767020400000,1.17827,1.17863,1.17662,1.17677,9800.56
1767024000000,1.17677,1.17678,1.17523,1.1756,8040.9
1767027600000,1.17559,1.17569,1.17493,1.17519,3448.76
1767031200000,1.17518,1.17588,1.17506,1.17573,3366.11
1767034800000,1.17574,1.17681,1.17567,1.17672,1756.06
1767038400000,1.1767,1.17704,1.17644,1.17702,1970.91
1767042000000,1.17703,1.17745,1.17701,1.17718,1026.11
1767045600000,1.17713,1.17716,1.17646,1.17666,1869.34
1767049200000,1.17662,1.17744,1.17662,1.17722,1679.24
1767052800000,1.17721,1.17749,1.17713,1.17728,1257.16
1767056400000,1.17729,1.1775,1.17695,1.1775,1287.26
1767060000000,1.17749,1.17763,1.17716,1.17731,1161.07
1767063600000,1.17733,1.17757,1.17703,1.17723,982.68
1767067200000,1.17724,1.17777,1.17714,1.17768,1304.58
1767070800000,1.17771,1.17788,1.17726,1.17749,1513.51
1767074400000,1.17749,1.17797,1.17737,1.17784,2664.93
1767078000000,1.17785,1.17785,1.17662,1.17702,2683.12
1767081600000,1.17703,1.17751,1.17659,1.1767,3883.48
1767085200000,1.17671,1.17777,1.17641,1.17688,3886.76
1767088800000,1.17687,1.17773,1.17687,1.17738,2473.99
1767092400000,1.17736,1.17766,1.17659,1.17665,2761.28
1767096000000,1.17666,1.17678,1.17607,1.17615,2544.94
1767099600000,1.17614,1.17677,1.17551,1.17632,8337.15
1767103200000,1.17633,1.17641,1.17562,1.17632,5927.97
1767106800000,1.17631,1.17662,1.17453,1.17597,6176.17
1767110400000,1.17597,1.17664,1.17542,1.17649,5056.35
1767114000000,1.17647,1.17665,1.17549,1.17557,2529.4
1767117600000,1.17559,1.17592,1.17481,1.17497,2859.2
1767121200000,1.17496,1.17527,1.1745,1.17466,3442.34
1767124800000,1.17469,1.17501,1.17431,1.17437,2116.58
1767128400000,1.17437,1.17486,1.17437,1.17475,1223.5
1767132000000,1.17476,1.17483,1.17436,1.17451,684.9
1767135600000,1.17452,1.17489,1.17447,1.17456,426.84
